epoch,train_loss,train_od_loss,train_sc_loss,train_dc_loss,train_label_loss,train_box_loss,val_loss,val_od_loss,val_sc_loss,val_dc_loss,val_label_loss,val_box_loss,val_od_vessel_sten_overall_acc,val_sc_cube_sten_overall_acc,val_sc_cube_plaq_overall_acc,val_sc_cube_joint_overall_acc,val_sc_vessel_sten_overall_acc,val_od_and_sc_vessel_sten_overall_acc,val_od_vessel_sten_macro_precision,val_sc_cube_sten_macro_precision,val_sc_cube_plaq_macro_precision,val_sc_vessel_sten_macro_precision,val_od_and_sc_vessel_sten_macro_precision,val_od_vessel_sten_macro_recall,val_sc_cube_sten_macro_recall,val_sc_cube_plaq_macro_recall,val_sc_vessel_sten_macro_recall,val_od_and_sc_vessel_sten_macro_recall,val_od_vessel_sten_macro_f1,val_sc_cube_sten_macro_f1,val_sc_cube_plaq_macro_f1,val_sc_vessel_sten_macro_f1,val_od_and_sc_vessel_sten_macro_f1,val_od_vessel_sten_per_class_recall,val_sc_cube_sten_per_class_recall,val_sc_cube_plaq_per_class_recall,val_sc_vessel_sten_per_class_recall,val_od_and_sc_vessel_sten_per_class_recall,val_sc_cube_joint_per_class_recall,val_sc_cube_joint_macro_precision,val_sc_cube_joint_macro_recall,val_sc_cube_joint_macro_f1
1,6.392701571691508,2.700563266831266,1.2907894612684594,1.1105594027387558,1.7643096537071432,0.9362536138134067,7.425867442914923,2.4982288902520424,1.5855778409748473,1.7564828799103418,1.8292945856864091,0.6689343026200812,0.5468053491827637,0.8524795690936107,0.8463502971768202,0.8356705052005944,0.575037147102526,0.5988112927191679,0.36398149872726143,0.7073676891884778,0.5103334591990507,0.6722232510669119,0.6798923949674327,0.4429542498030378,0.4453493628471645,0.34716450456232334,0.5315524285897506,0.5146961285476098,0.3993113294700596,0.4779043161481833,0.36404295653281304,0.5114890706001817,0.5239848721842771,"[np.float64(0.6238938053097345), np.float64(0.7049689440993789), np.float64(0.0)]","[np.float64(0.989141499830336), np.float64(0.2729131175468484), np.float64(0.07399347116430903)]","[np.float64(0.989141499830336), np.float64(0.0), np.float64(0.3219111969111969), np.float64(0.07760532150776053)]","[np.float64(0.9070796460176991), np.float64(0.48757763975155277), np.float64(0.2)]","[np.float64(0.5707964601769911), np.float64(0.7732919254658385), np.float64(0.2)]","[np.float64(0.989141499830336), np.float64(0.0), np.float64(0.29612903225806453), np.float64(0.0), np.float64(0.0), np.float64(0.0), np.float64(0.17391304347826086)]",0.23922449923724656,0.20845479650952306,0.21375891680278158
1,6.253978739097967,2.687041421983875,1.28772273111436,0.9914918593893953,1.7661183140961463,0.9209231077614477,7.617589434105848,2.532997301141303,1.6009499287393043,1.8826922839756182,1.8349419248563954,0.6980553736871534,0.5289747399702823,0.8458859583952452,0.8358562407132244,0.8207652303120356,0.5809806835066865,0.5765230312035661,0.3517568722724614,0.5873734513579701,0.49734548542888896,0.6110524979997565,0.6270928462709283,0.42349621649352315,0.46615971874574974,0.367016745423993,0.4891646237563898,0.4658314736437091,0.38291517323775387,0.46978890691608677,0.3477377795263679,0.48049290725683563,0.45877043662076816,"[np.float64(0.5530973451327433), np.float64(0.717391304347826), np.float64(0.0)]","[np.float64(0.959054405610225), np.float64(0.424190800681431), np.float64(0.015233949945593036)]","[np.float64(0.959054405610225), np.float64(0.0), np.float64(0.49903474903474904), np.float64(0.009977827050997782)]","[np.float64(0.6194690265486725), np.float64(0.7360248447204969), np.float64(0.112)]","[np.float64(0.415929203539823), np.float64(0.8695652173913043), np.float64(0.112)]","[np.float64(0.959054405610225), np.float64(0.0), np.float64(0.4587096774193548), np.float64(0.0), np.float64(0.0), np.float64(0.007662835249042145), np.float64(0.010869565217391304)]",0.22449101475662778,0.20518521192800193,0.18690894081470463
1,6.240540068365086,2.641371635604376,1.2566917542852252,1.085784919770424,1.7555717859564528,0.8857998505213671,7.41789342104858,2.4659224592967273,1.5824493099037193,1.7870723444205716,1.8194120945491847,0.6465103643716974,0.5289747399702823,0.8564264487369985,0.8487184249628529,0.8349275631500743,0.6032689450222882,0.6136701337295691,0.35675518925518923,0.6799629945236915,0.5144616369771915,0.6968285275977584,0.7027270421106038,0.45691566353359353,0.4590105605821349,0.3613376735099839,0.5336446618662855,0.5325361769178621,0.3877269757743352,0.47872498202143615,0.3605508156792913,0.5147017198060065,0.5222453267388135,"[np.float64(0.8893805309734514), np.float64(0.4813664596273292), np.float64(0.0)]","[np.float64(0.9813935075217736), np.float64(0.36081771720613287), np.float64(0.03482045701849837)]","[np.float64(0.9813935075217736), np.float64(0.0), np.float64(0.4329150579150579), np.float64(0.031042128603104215)]","[np.float64(0.8451327433628318), np.float64(0.6118012422360248), np.float64(0.144)]","[np.float64(0.7610619469026548), np.float64(0.6925465838509317), np.float64(0.144)]","[np.float64(0.9813935075217736), np.float64(0.0), np.float64(0.39161290322580644), np.float64(0.0), np.float64(0.0), np.float64(0.009578544061302681), np.float64(0.057971014492753624)]",0.28066449281612155,0.2057937099002338,0.2006175881485625
2,5.731573023449229,2.349334645658563,1.1254747917265289,1.1312887988311087,1.6775584294550163,0.6717762163508747,7.369118957915717,2.404799962609741,1.576982537787463,1.8103539179623658,1.774883054130509,0.629916914890711,0.462109955423477,0.8615806092124815,0.8549869985141159,0.8355312035661219,0.6404160475482912,0.6404160475482912,0.31773281877363274,0.634332942566098,0.5298824600622323,0.6292149415981215,0.6288996448591792,0.42088532219351765,0.5351430311806912,0.40688778400056713,0.6039566133494568,0.6039566133494568,0.32229248218408113,0.5693832786639035,0.4001393928394706,0.5954828640884348,0.5956887420840941,"[np.float64(0.995575221238938), np.float64(0.2670807453416149), np.float64(0.0)]","[np.float64(0.9693473588960525), np.float64(0.4119250425894378), np.float64(0.22415669205658323)]","[np.float64(0.9693473588960525), np.float64(0.0), np.float64(0.5805984555984556), np.float64(0.07760532150776053)]","[np.float64(0.8982300884955752), np.float64(0.577639751552795), np.float64(0.336)]","[np.float64(0.8982300884955752), np.float64(0.577639751552795), np.float64(0.336)]","[np.float64(0.9693473588960525), np.float64(0.0), np.float64(0.4664516129032258), np.float64(0.0), np.float64(0.0), np.float64(0.16475095785440613), np.float64(0.16304347826086957)]",0.27754954753569744,0.25194191541636485,0.25160756981169713
3,5.559009955806584,2.2743845266937197,1.0771977249269853,1.1302299780697473,1.624306587365556,0.650077941556498,7.345385042071697,2.486991182632899,1.538517820021519,1.7813582013551843,1.791719827878369,0.6952713580265951,0.5037147102526003,0.857308692421991,0.8652024517087668,0.8392923476968797,0.6077265973254086,0.6077265973254086,0.6773020691580306,0.6284426966954594,0.5256860933418717,0.6154738698598347,0.6127063842196819,0.4526940398321699,0.5611711204999627,0.4598413506102806,0.6338991187086608,0.6334593891423441,0.3692458038888649,0.5695978771788801,0.48313687640215014,0.5878896634745591,0.5884013216418859,"[np.float64(0.9911504424778761), np.float64(0.35093167701863354), np.float64(0.016)]","[np.float64(0.9785092184142066), np.float64(0.2545144804088586), np.float64(0.4504896626768226)]","[np.float64(0.9785092184142066), np.float64(0.0), np.float64(0.47393822393822393), np.float64(0.3869179600886918)]","[np.float64(0.9690265486725663), np.float64(0.37267080745341613), np.float64(0.56)]","[np.float64(0.9646017699115044), np.float64(0.37577639751552794), np.float64(0.56)]","[np.float64(0.9785092184142066), np.float64(0.0), np.float64(0.30838709677419357), np.float64(0.0), np.float64(0.0), np.float64(0.24521072796934865), np.float64(0.605072463768116)]",0.26160007774587485,0.30531135813226634,0.2759195243400148
4,5.462289924801743,2.2544982248527856,1.044255211233756,1.1192812773762113,1.6030650485706868,0.6514331765320299,7.222391899686185,2.412237562482364,1.5425471523749015,1.7250600243180725,1.747722049495233,0.6645155126776116,0.4947994056463596,0.861905646359584,0.8637165676077266,0.8401281575037147,0.6106983655274889,0.612184249628529,0.3374534905719872,0.638186699492831,0.5136426126456217,0.614736514100121,0.6146939503103886,0.44365964931567087,0.5556545582058388,0.4555024442541823,0.5919198226424083,0.5929550193297789,0.3526126145859572,0.5840509453457098,0.4747302235196019,0.5689189253063583,0.5703265284975453,"[np.float64(0.995575221238938), np.float64(0.33540372670807456), np.float64(0.0)]","[np.float64(0.9760208121253252), np.float64(0.33185689948892677), np.float64(0.3590859630032644)]","[np.float64(0.9760208121253252), np.float64(0.0), np.float64(0.49565637065637064), np.float64(0.35033259423503327)]","[np.float64(0.9690265486725663), np.float64(0.46273291925465837), np.float64(0.344)]","[np.float64(0.9690265486725663), np.float64(0.4658385093167702), np.float64(0.344)]","[np.float64(0.9760208121253252), np.float64(0.0), np.float64(0.40064516129032257), np.float64(0.0), np.float64(0.0), np.float64(0.09961685823754789), np.float64(0.5869565217391305)]",0.2561577643994172,0.29474847905604656,0.2670129362869772
5,5.371543408597762,2.2118227434907594,1.0151786328119747,1.1293633923797453,1.5752054193388607,0.6366173264986209,7.249754883061531,2.3892348014282545,1.5432058785011225,1.7741083115427714,1.7513520696396643,0.637882731302202,0.5260029717682021,0.8658060921248143,0.861534175334324,0.8397566864784547,0.6463595839524517,0.6463595839524517,0.35562316880775297,0.6530838983589896,0.5428602242480374,0.657601790069057,0.6571382216578644,0.4636398614851866,0.5512393322415169,0.4397597238376307,0.5944210777038788,0.5935416185712453,0.3812279374684821,0.5859994623268016,0.44311644447279114,0.5830977829331185,0.583366542073292,"[np.float64(0.9778761061946902), np.float64(0.41304347826086957), np.float64(0.0)]","[np.float64(0.9679900463748444), np.float64(0.4463373083475298), np.float64(0.23939064200217627)]","[np.float64(0.9679900463748444), np.float64(0.0), np.float64(0.6192084942084942), np.float64(0.17184035476718404)]","[np.float64(0.9247787610619469), np.float64(0.6024844720496895), np.float64(0.256)]","[np.float64(0.915929203539823), np.float64(0.6086956521739131), np.float64(0.256)]","[np.float64(0.9679900463748444), np.float64(0.0), np.float64(0.5303225806451612), np.float64(0.006389776357827476), np.float64(0.0), np.float64(0.10727969348659004), np.float64(0.31521739130434784)]",0.3700488340463672,0.27531421259553873,0.26976254653402454
6,5.319196537263313,2.215566853471732,0.9997857886887456,1.1040581025046396,1.5883338883266611,0.6272329654686658,7.373895997463419,2.419010741420599,1.542768590528109,1.8693480756940757,1.7820951492920827,0.6369155934992459,0.5988112927191679,0.861441307578009,0.8638094353640416,0.837760029717682,0.6790490341753344,0.6731054977711739,0.4849141824751581,0.6337430769173852,0.5125464378726612,0.673737658952804,0.6696564060018152,0.5001657047582403,0.5911709256238679,0.504781984523164,0.646874145733707,0.6299812015610399,0.44900039415236065,0.6087436918351067,0.5057387585204121,0.6430310628268413,0.6392298583500708,"[np.float64(0.8185840707964602), np.float64(0.6739130434782609), np.float64(0.008)]","[np.float64(0.9597896165592128), np.float64(0.4132879045996593), np.float64(0.40043525571273125)]","[np.float64(0.9597896165592128), np.float64(0.0), np.float64(0.5781853281853282), np.float64(0.4811529933481153)]","[np.float64(0.911504424778761), np.float64(0.6211180124223602), np.float64(0.408)]","[np.float64(0.7831858407079646), np.float64(0.6987577639751553), np.float64(0.408)]","[np.float64(0.9597896165592128), np.float64(0.0), np.float64(0.52), np.float64(0.04472843450479233), np.float64(0.0), np.float64(0.08045977011494253), np.float64(0.7065217391304348)]",0.32783551513620013,0.33021422290134034,0.28530276209454214
7,5.2779416787296025,2.194957066643036,0.9781868800384093,1.1266108599917617,1.5563458228683742,0.6386112416042068,7.091633420315977,2.3659909351643185,1.5220900781076812,1.6814622974537248,1.7373219873501922,0.6286689489195538,0.5141158989598811,0.8653417533432393,0.8670598068350669,0.8437964338781575,0.612184249628529,0.6181277860326895,0.46199278757418294,0.653413410025646,0.5497190843460096,0.6327570230591405,0.6347635174394475,0.4587486762307847,0.5511052031728684,0.4466105948638826,0.5959056780080251,0.6000464647575074,0.37444844194784205,0.5862743849164005,0.4710057747232323,0.5728299769582466,0.5781187003657219,"[np.float64(0.995575221238938), np.float64(0.37267080745341613), np.float64(0.008)]","[np.float64(0.9800361950005656), np.float64(0.341396933560477), np.float64(0.33188248095756256)]","[np.float64(0.9800361950005656), np.float64(0.0), np.float64(0.527027027027027), np.float64(0.2793791574279379)]","[np.float64(0.9823008849557522), np.float64(0.453416149068323), np.float64(0.352)]","[np.float64(0.9823008849557522), np.float64(0.4658385093167702), np.float64(0.352)]","[np.float64(0.9800361950005656), np.float64(0.0), np.float64(0.40516129032258064), np.float64(0.006389776357827476), np.float64(0.0), np.float64(0.1417624521072797), np.float64(0.4963768115942029)]",0.3448332543479222,0.2899609321974938,0.28123966955440466
8,5.206406752226379,2.162820145561449,0.9624893571918378,1.118607894159685,1.5340786934383004,0.6287414529755458,7.1174472658853505,2.34723409064092,1.5216817597607124,1.7268496490020073,1.735310873221219,0.6119232138602245,0.5364041604754829,0.8644130757800892,0.868452823179792,0.8429141901931649,0.6389301634472511,0.6419019316493314,0.5892157739194203,0.6454061687791671,0.5465256781655694,0.6427192316064915,0.6421863090564136,0.5080977665402444,0.5874800021824205,0.4639490936598578,0.6420193114567875,0.6440897048315286,0.46350926542798626,0.6000412577666522,0.4823781864516404,0.6185737350070437,0.6209416107579175,"[np.float64(0.9911504424778761), np.float64(0.35714285714285715), np.float64(0.176)]","[np.float64(0.9746634996041171), np.float64(0.3264054514480409), np.float64(0.4613710554951034)]","[np.float64(0.9746634996041171), np.float64(0.0), np.float64(0.5762548262548263), np.float64(0.3048780487804878)]","[np.float64(0.9469026548672567), np.float64(0.4751552795031056), np.float64(0.504)]","[np.float64(0.9469026548672567), np.float64(0.4813664596273292), np.float64(0.504)]","[np.float64(0.9746634996041171), np.float64(0.0), np.float64(0.3825806451612903), np.float64(0.039936102236421724), np.float64(0.0), np.float64(0.3065134099616858), np.float64(0.5108695652173914)]",0.36078313753854124,0.3163661745972723,0.3041524921734404
9,5.183804020138279,2.1622369382319984,0.9489012976824227,1.1237644835580456,1.5315542599386247,0.6306826784880569,7.216778780657036,2.394537763001303,1.5289287291223996,1.7643835675468784,1.7515578128463791,0.6429799498454046,0.524517087667162,0.862091381872214,0.8628807578008916,0.837760029717682,0.662704309063893,0.662704309063893,0.5667507997839545,0.6300501640743935,0.5441198437196666,0.6587239745750987,0.6587239745750987,0.4725209329595632,0.5804065973436888,0.4668570385866603,0.6364938895912347,0.6364938895912347,0.39957262273208444,0.6007231810038173,0.47275159112402426,0.6264600034975655,0.6264600034975655,"[np.float64(0.995575221238938), np.float64(0.38198757763975155), np.float64(0.04)]","[np.float64(0.9621083587829431), np.float64(0.41567291311754684), np.float64(0.3634385201305767)]","[np.float64(0.9621083587829431), np.float64(0.0), np.float64(0.6447876447876448), np.float64(0.26053215077605324)]","[np.float64(0.9380530973451328), np.float64(0.5714285714285714), np.float64(0.4)]","[np.float64(0.9380530973451328), np.float64(0.5714285714285714), np.float64(0.4)]","[np.float64(0.9621083587829431), np.float64(0.0), np.float64(0.4993548387096774), np.float64(0.03514376996805112), np.float64(0.0), np.float64(0.2222222222222222), np.float64(0.427536231884058)]",0.34533038458640203,0.3066236316524217,0.2970967768228686
10,5.1355712178063255,2.134500290272431,0.9391278692831596,1.1228151962813515,1.5292454285936503,0.6052548612973069,7.078373352922388,2.36888114988627,1.5191058061950637,1.6712806132851439,1.7419428093143317,0.6269383386706032,0.49777117384843983,0.8651560178306092,0.8687778603268945,0.8456073551263001,0.6166419019316494,0.6136701337295691,0.5640059640059639,0.6599144944116532,0.5479278626963372,0.6388072464792763,0.6313613299391464,0.4750965023177412,0.5540291755412224,0.4436900997156052,0.6113110170578427,0.6088008941167847,0.4170525781793415,0.5813759252719153,0.4738045722851813,0.5852116504854369,0.5820620353167275,"[np.float64(0.995575221238938), np.float64(0.2857142857142857), np.float64(0.144)]","[np.float64(0.9862006560343852), np.float64(0.28415672913117546), np.float64(0.39173014145810664)]","[np.float64(0.9862006560343852), np.float64(0.0), np.float64(0.47924710424710426), np.float64(0.3093126385809313)]","[np.float64(0.9911504424778761), np.float64(0.43478260869565216), np.float64(0.408)]","[np.float64(0.9867256637168141), np.float64(0.43167701863354035), np.float64(0.408)]","[np.float64(0.9862006560343852), np.float64(0.0), np.float64(0.3270967741935484), np.float64(0.04153354632587859), np.float64(0.0), np.float64(0.21455938697318008), np.float64(0.463768115942029)]",0.3384808055265567,0.2904512113527173,0.28875287520402887
11,5.109541806334493,2.138667439215811,0.9216032363369134,1.1276679013587407,1.5180551928999482,0.6206122466052572,7.17226860572747,2.3711200489134745,1.515416780282199,1.7703150107528052,1.7334325989205335,0.6376874403093972,0.5690936106983655,0.8632057949479941,0.8651095839524517,0.8396173848439822,0.637444279346211,0.6508172362555721,0.6021953912925438,0.6370904930181448,0.5219289750507157,0.6440534910763942,0.649106808829031,0.5196366368017004,0.5841639059575762,0.49722644871390603,0.6155051576613716,0.6221835504498067,0.48039390202967724,0.606310394396727,0.5029418812754152,0.6049880936182414,0.6164411996755231,"[np.float64(0.9601769911504425), np.float64(0.46273291925465837), np.float64(0.136)]","[np.float64(0.9619386947177921), np.float64(0.4238500851788756), np.float64(0.36670293797606096)]","[np.float64(0.9619386947177921), np.float64(0.0), np.float64(0.5945945945945946), np.float64(0.43237250554323725)]","[np.float64(0.9203539823008849), np.float64(0.5341614906832298), np.float64(0.392)]","[np.float64(0.8938053097345132), np.float64(0.5807453416149069), np.float64(0.392)]","[np.float64(0.9619386947177921), np.float64(0.0), np.float64(0.48516129032258065), np.float64(0.15814696485623003), np.float64(0.0), np.float64(0.15134099616858238), np.float64(0.5181159420289855)]",0.32908193217623094,0.32495769829916726,0.316250538446531
12,5.101165622325436,2.1295402188348653,0.9120443800890471,1.1475366326101588,1.5121846577510407,0.617355560026221,7.215764937131978,2.382227388970576,1.51894240740145,1.7956527450318152,1.752727307268703,0.6295000774349232,0.5765230312035661,0.8643202080237742,0.8713781575037147,0.844214338781575,0.6641901931649331,0.6805349182763745,0.62657028048113,0.6435346128437889,0.6562216006136015,0.6592666548608439,0.6682362544436714,0.5224291394125946,0.5973649211350027,0.5186852442124443,0.6673352754722512,0.6765237912017442,0.4802569826216998,0.6035971484998516,0.5206056354822332,0.645258284574024,0.6601806361015242,"[np.float64(0.9690265486725663), np.float64(0.4782608695652174), np.float64(0.12)]","[np.float64(0.9723447573803868), np.float64(0.331175468483816), np.float64(0.4885745375408052)]","[np.float64(0.9723447573803868), np.float64(0.006818181818181818), np.float64(0.4946911196911197), np.float64(0.6008869179600886)]","[np.float64(0.9424778761061947), np.float64(0.515527950310559), np.float64(0.544)]","[np.float64(0.9203539823008849), np.float64(0.5652173913043478), np.float64(0.544)]","[np.float64(0.9723447573803868), np.float64(0.0013175230566534915), np.float64(0.3929032258064516), np.float64(0.14057507987220447), np.float64(0.01652892561983471), np.float64(0.14942528735632185), np.float64(0.7608695652173914)]",0.4981111451787993,0.3477091949013206,0.3134058865429038
13,5.016595213321474,2.0943009050373558,0.9006736486923939,1.1209470115991382,1.4905130692868163,0.603787835213845,7.0692348650018255,2.3367370087598127,1.5119885089489402,1.7085208167661898,1.7286259119871463,0.6081110975243571,0.5586924219910847,0.8653417533432393,0.8696136701337296,0.8428213224368499,0.6508172362555721,0.6552748885586924,0.6095703053069642,0.6445439505777678,0.6003234946744046,0.6523297491039427,0.6546091426140386,0.5231859872844867,0.5943003415270046,0.4908706387326905,0.6412640759266385,0.6460011359680463,0.4838597356220049,0.6104726389986541,0.5042715470904906,0.6257614149590404,0.6305780256177832,"[np.float64(0.9867256637168141), np.float64(0.40683229813664595), np.float64(0.176)]","[np.float64(0.9691211401425178), np.float64(0.3730834752981261), np.float64(0.44069640914036995)]","[np.float64(0.9691211401425178), np.float64(0.0011363636363636363), np.float64(0.5941119691119691), np.float64(0.3991130820399113)]","[np.float64(0.9380530973451328), np.float64(0.5217391304347826), np.float64(0.464)]","[np.float64(0.9380530973451328), np.float64(0.5279503105590062), np.float64(0.472)]","[np.float64(0.9691211401425178), np.float64(0.0), np.float64(0.45483870967741935), np.float64(0.051118210862619806), np.float64(0.008264462809917356), np.float64(0.21264367816091953), np.float64(0.6014492753623188)]",0.3721029566909502,0.32820506814510175,0.30700603472037047
14,5.017677484111766,2.092957010082269,0.889679227754379,1.1453620207701194,1.4910586993657262,0.6018983094958262,7.246259525197196,2.3549658339525896,1.526357280040707,1.8385791502649778,1.7540461175165827,0.600919714180935,0.6210995542347697,0.8585624071322436,0.8591196136701337,0.8330702080237742,0.6805349182763745,0.6909361069836553,0.6302002002002002,0.6265866498034403,0.6199017423620005,0.6607783968967699,0.6682191452768161,0.5630763480459517,0.6161936310701158,0.5036230423713406,0.6721264955385772,0.6744083988347166,0.5493594551547143,0.6190453214990834,0.5034159685688953,0.6597966867448116,0.6702958369108819,"[np.float64(0.8849557522123894), np.float64(0.5962732919254659), np.float64(0.208)]","[np.float64(0.9480827960637936), np.float64(0.44565587734241907), np.float64(0.4548422198041349)]","[np.float64(0.9480827960637936), np.float64(0.014772727272727272), np.float64(0.6636100386100386), np.float64(0.38802660753880264)]","[np.float64(0.8761061946902655), np.float64(0.5962732919254659), np.float64(0.544)]","[np.float64(0.8097345132743363), np.float64(0.6614906832298136), np.float64(0.552)]","[np.float64(0.9480827960637936), np.float64(0.0013175230566534915), np.float64(0.5219354838709678), np.float64(0.12140575079872204), np.float64(0.01652892561983471), np.float64(0.2796934865900383), np.float64(0.5181159420289855)]",0.399196069130595,0.3438685582898565,0.3265053614367415
15,4.952708351304807,2.066790248748799,0.8742741294557723,1.1373698406952755,1.4604179291870172,0.6063723189303767,7.055704620542441,2.3379376840166946,1.5040057193631589,1.7097555140713203,1.7313911320547675,0.6065465522714468,0.5289747399702823,0.8666883358098069,0.8722604011887073,0.8462109955423477,0.6671619613670133,0.6671619613670133,0.5846518887756001,0.6431933332345107,0.6555666320709463,0.6694718928414579,0.6694718928414579,0.49357269279393173,0.5886145009752489,0.5130229049809317,0.6523389582073692,0.6523389582073692,0.44043149544050614,0.6080520786880901,0.5206065332516479,0.6393897682129156,0.6393897682129156,"[np.float64(0.995575221238938), np.float64(0.35714285714285715), np.float64(0.128)]","[np.float64(0.9695735776495872), np.float64(0.39148211243611586), np.float64(0.4047878128400435)]","[np.float64(0.9695735776495872), np.float64(0.0022727272727272726), np.float64(0.568050193050193), np.float64(0.5121951219512195)]","[np.float64(0.9513274336283186), np.float64(0.5496894409937888), np.float64(0.456)]","[np.float64(0.9513274336283186), np.float64(0.5496894409937888), np.float64(0.456)]","[np.float64(0.9695735776495872), np.float64(0.0013175230566534915), np.float64(0.4464516129032258), np.float64(0.20926517571884984), np.float64(0.008264462809917356), np.float64(0.18773946360153257), np.float64(0.5688405797101449)]",0.4802217639153277,0.34163605649284445,0.3326908069617317
16,4.929962076288832,2.062212172332667,0.871151338791801,1.1254472298005669,1.4559970632416463,0.6062151122269994,7.033234713693047,2.3322112998905804,1.5040133377918503,1.692996715579613,1.7226689516259939,0.609542349767968,0.5512630014858841,0.8728176077265973,0.8727247399702823,0.8520616641901931,0.6433878157503715,0.6448736998514116,0.6070608949723899,0.6919280265332887,0.7176778157715262,0.6710545310003164,0.6610274990709774,0.5196414738269298,0.5577380003509091,0.47286470846591927,0.6164530680298284,0.6178005459975449,0.48004680789786097,0.60341540938638,0.5005694125068358,0.6003683372807576,0.6029602806277589,"[np.float64(0.9867256637168141), np.float64(0.38819875776397517), np.float64(0.184)]","[np.float64(0.9829770387965162), np.float64(0.3877342419080068), np.float64(0.3025027203482046)]","[np.float64(0.9829770387965162), np.float64(0.0022727272727272726), np.float64(0.5082046332046332), np.float64(0.39800443458980045)]","[np.float64(0.9867256637168141), np.float64(0.5186335403726708), np.float64(0.344)]","[np.float64(0.9734513274336283), np.float64(0.5279503105590062), np.float64(0.352)]","[np.float64(0.9829770387965162), np.float64(0.0), np.float64(0.44193548387096776), np.float64(0.15335463258785942), np.float64(0.01652892561983471), np.float64(0.11302681992337164), np.float64(0.4601449275362319)]",0.5021087189532162,0.30970968976211166,0.32013113070653343
17,4.903137881919152,2.036204026114869,0.8504353462163317,1.1660631502725942,1.4375974117294164,0.5986066144301772,7.046115187579871,2.3171030099031125,1.505141264607008,1.7187296619047396,1.726323433728883,0.5907795782303245,0.5438335809806835,0.8697994056463596,0.8728640416047548,0.8476968796433878,0.6760772659732541,0.674591381872214,0.603477733686067,0.6597510339020412,0.6386616522035953,0.6690303997996305,0.6662389043395134,0.5186078894813023,0.5898632129117737,0.49587031339156795,0.6577981274849302,0.6583944007768555,0.477408844748101,0.6162719163804466,0.5125005156389963,0.6441363624331352,0.64357906608541,"[np.float64(0.995575221238938), np.float64(0.36024844720496896), np.float64(0.2)]","[np.float64(0.9726275308223051), np.float64(0.39761499148211243), np.float64(0.39934711643090315)]","[np.float64(0.9726275308223051), np.float64(0.005681818181818182), np.float64(0.5883204633204633), np.float64(0.41685144124168516)]","[np.float64(0.9601769911504425), np.float64(0.5652173913043478), np.float64(0.448)]","[np.float64(0.9601769911504425), np.float64(0.5590062111801242), np.float64(0.456)]","[np.float64(0.9726275308223051), np.float64(0.0013175230566534915), np.float64(0.49096774193548387), np.float64(0.06389776357827476), np.float64(0.024793388429752067), np.float64(0.16666666666666666), np.float64(0.6014492753623188)]",0.4386773498816199,0.33167426997877925,0.3155452293040277
18,4.879173495475266,2.0346343125805975,0.8463784170884239,1.1517823537559075,1.4265776612259196,0.6080566489869087,7.2216627633182515,2.3445484779708816,1.5192215272863825,1.838671265440808,1.7311985842905695,0.6133498926191019,0.5705794947994056,0.8664561664190193,0.8652024517087668,0.8400817236255572,0.6953937592867756,0.6953937592867756,0.6270233402733456,0.6431132561180839,0.649983488998572,0.6713045638134734,0.6713283538622309,0.5452713314644827,0.6060067990693926,0.5056929145229722,0.682790743692629,0.6831030249729749,0.5163834017523422,0.6226676395219055,0.5111102183008045,0.6730046563824384,0.6741306512671041,"[np.float64(0.9778761061946902), np.float64(0.40993788819875776), np.float64(0.248)]","[np.float64(0.954982468046601), np.float64(0.48654173764906306), np.float64(0.3764961915125136)]","[np.float64(0.954982468046601), np.float64(0.02159090909090909), np.float64(0.6703667953667953), np.float64(0.37583148558758317)]","[np.float64(0.8628318584070797), np.float64(0.6335403726708074), np.float64(0.552)]","[np.float64(0.8495575221238938), np.float64(0.639751552795031), np.float64(0.56)]","[np.float64(0.954982468046601), np.float64(0.003952569169960474), np.float64(0.5683870967741935), np.float64(0.13578274760383385), np.float64(0.024793388429752067), np.float64(0.2164750957854406), np.float64(0.4384057971014493)]",0.4457583906067201,0.3346827375587473,0.3280596147863159
19,4.817063301517549,2.0107944876765886,0.8240186751209789,1.1582314626624186,1.4022495767291068,0.6085449083166271,7.30871862332262,2.4004365651473094,1.518956855072112,1.8703683536908746,1.7396667194649444,0.6607698444000691,0.6032689450222882,0.8565193164933135,0.8605590638930164,0.8320486627043091,0.6864784546805349,0.6953937592867756,0.631829177601854,0.6193872518523783,0.6206581434079683,0.6691776285388621,0.6741038511288844,0.5563704721596218,0.6285829918450171,0.5135726149760679,0.7036899906557467,0.7059436046831199,0.5338435043805249,0.6165040490993542,0.5144493454698295,0.6731462257933084,0.6820235607231533,"[np.float64(0.9424778761061947), np.float64(0.5186335403726708), np.float64(0.208)]","[np.float64(0.9463296007239), np.float64(0.4214650766609881), np.float64(0.5179542981501633)]","[np.float64(0.9463296007239), np.float64(0.029545454545454545), np.float64(0.6848455598455598), np.float64(0.39356984478935697)]","[np.float64(0.8893805309734514), np.float64(0.5496894409937888), np.float64(0.672)]","[np.float64(0.8495575221238938), np.float64(0.5962732919254659), np.float64(0.672)]","[np.float64(0.9463296007239), np.float64(0.007905138339920948), np.float64(0.5064516129032258), np.float64(0.08306709265175719), np.float64(0.024793388429752067), np.float64(0.3544061302681992), np.float64(0.5615942028985508)]",0.40359502093053506,0.35493530945932944,0.32512066956524377
20,4.747086126530953,1.9676227632049723,0.8161331500771251,1.1471970610315307,1.3682993898960094,0.5993233729774753,7.0613095597626545,2.301579510422772,1.494644897981638,1.770440233921085,1.7171107597803856,0.5844687457785055,0.5973254086181278,0.8664561664190193,0.8734212481426449,0.8468610698365527,0.6775631500742942,0.6939078751857355,0.6005389797522712,0.6526822581685129,0.6732652415937166,0.6760813310109085,0.6813178295209495,0.5564995327873358,0.6155715818116088,0.5180093291571117,0.6978611553894355,0.7070496711189286,0.5285499385631914,0.617005806479986,0.527342247240063,0.6639645434262628,0.6796595998121614,"[np.float64(0.9690265486725663), np.float64(0.484472049689441), np.float64(0.216)]","[np.float64(0.9697997964031219), np.float64(0.3502555366269165), np.float64(0.5266594124047879)]","[np.float64(0.9697997964031219), np.float64(0.010227272727272727), np.float64(0.5709459459459459), np.float64(0.5210643015521065)]","[np.float64(0.9424778761061947), np.float64(0.5031055900621118), np.float64(0.648)]","[np.float64(0.9203539823008849), np.float64(0.5527950310559007), np.float64(0.648)]","[np.float64(0.9697997964031219), np.float64(0.0013175230566534915), np.float64(0.3896774193548387), np.float64(0.2124600638977636), np.float64(0.0), np.float64(0.36398467432950193), np.float64(0.5869565217391305)]",0.4950092060370537,0.36059942839728715,0.3434705333140305
21,4.737739375076851,1.9692005362929934,0.8112094081638349,1.1461200232007198,1.3726969201349268,0.5965036186415934,7.3814433561941994,2.3326057146140307,1.5530651938667637,1.942707252431694,1.7391091259721478,0.5934965950533615,0.6151560178306092,0.8465360326894502,0.8475575780089153,0.819047176820208,0.6389301634472511,0.637444279346211,0.6448156351257127,0.5991533931918758,0.5893317263472666,0.6290814492503122,0.6301450646483758,0.5729368438410377,0.6252866481599985,0.5368552974168596,0.6485772183440518,0.6490460433500064,0.5525224788671728,0.6108322942970162,0.5404282120245777,0.6331831984005897,0.6327403086644793,"[np.float64(0.9601769911504425), np.float64(0.5186335403726708), np.float64(0.24)]","[np.float64(0.9228594050446782), np.float64(0.514480408858603), np.float64(0.4385201305767138)]","[np.float64(0.9228594050446782), np.float64(0.1625), np.float64(0.7128378378378378), np.float64(0.3492239467849224)]","[np.float64(0.668141592920354), np.float64(0.6055900621118012), np.float64(0.672)]","[np.float64(0.6504424778761062), np.float64(0.6086956521739131), np.float64(0.688)]","[np.float64(0.9228594050446782), np.float64(0.09881422924901186), np.float64(0.5535483870967742), np.float64(0.16134185303514376), np.float64(0.10743801652892562), np.float64(0.32950191570881227), np.float64(0.3695652173913043)]",0.3861575475517944,0.36329557486495007,0.35811939645238194
22,4.709194585723055,1.952996494237986,0.7914051578622207,1.1733877669341104,1.3596505905569947,0.593345904591267,7.104574837387492,2.303931759797501,1.5010495518364608,1.7985439820530154,1.7145331882227777,0.5893985729896704,0.563150074294205,0.8648774145616642,0.868081352154532,0.8414283060921248,0.6924219910846954,0.6924219910846954,0.6099679058186894,0.6383778464686793,0.6242435932139937,0.6735924698246882,0.672837203948315,0.5120480770992507,0.6278275832458317,0.541945209839415,0.7067664852782206,0.7063267557119038,0.46142635946983773,0.628485058579027,0.5498889889110148,0.6752801120448179,0.6755629325541918,"[np.float64(0.9911504424778761), np.float64(0.4409937888198758), np.float64(0.104)]","[np.float64(0.9540775930324624), np.float64(0.4473594548551959), np.float64(0.4820457018498368)]","[np.float64(0.9540775930324624), np.float64(0.0715909090909091), np.float64(0.6254826254826255), np.float64(0.516629711751663)]","[np.float64(0.911504424778761), np.float64(0.5527950310559007), np.float64(0.656)]","[np.float64(0.9070796460176991), np.float64(0.5559006211180124), np.float64(0.656)]","[np.float64(0.9540775930324624), np.float64(0.011857707509881422), np.float64(0.5109677419354839), np.float64(0.21405750798722045), np.float64(0.10743801652892562), np.float64(0.27586206896551724), np.float64(0.5760869565217391)]",0.40090446431529536,0.37862108464017574,0.3606873248569837
23,4.679843218065798,1.9382801735260666,0.7800352769643384,1.1814924897626042,1.345094359607441,0.5931858152537843,7.218013314889517,2.363946085867613,1.4997603320226471,1.8545465540107704,1.7378402764436398,0.6261058082080029,0.6092124814264487,0.8600947251114414,0.8659453937592868,0.8383636701337296,0.6537890044576523,0.6552748885586924,0.6336022801809688,0.6322597756920796,0.6057870190252834,0.6460515975343206,0.6451742083713006,0.5847984756041701,0.6378606702617905,0.5399284756080786,0.6880661060114696,0.6873423844335734,0.5637231742477088,0.6203168344296629,0.5441004900886054,0.6433217692923398,0.6458485541002067,"[np.float64(0.9734513274336283), np.float64(0.468944099378882), np.float64(0.312)]","[np.float64(0.9530030539531728), np.float64(0.39148211243611586), np.float64(0.5690968443960827)]","[np.float64(0.9530030539531728), np.float64(0.0625), np.float64(0.6076254826254827), np.float64(0.5365853658536586)]","[np.float64(0.8628318584070797), np.float64(0.4813664596273292), np.float64(0.72)]","[np.float64(0.8451327433628318), np.float64(0.4968944099378882), np.float64(0.72)]","[np.float64(0.9530030539531728), np.float64(0.01844532279314888), np.float64(0.4464516129032258), np.float64(0.18370607028753994), np.float64(0.0743801652892562), np.float64(0.3946360153256705), np.float64(0.6086956521739131)]",0.38853101164805287,0.3827596989608467,0.35421870119919163
24,4.634643713312255,1.9305962142284623,0.7667872830041511,1.17047292580907,1.3350557032012311,0.5955405131056063,7.066958301498911,2.3163700358450234,1.4892016925160891,1.7721848795604989,1.7110699899826276,0.6053000485154217,0.5230312035661219,0.8646452451708767,0.8664097325408618,0.8402674591381872,0.6968796433878157,0.6953937592867756,0.5697710962930865,0.6406979301789989,0.6411854048711514,0.6796823726574045,0.678387667123587,0.4999727367668883,0.6254537049054921,0.5140569320452801,0.7040982062698107,0.7042547499954196,0.4537995396178272,0.6267295689542447,0.518465413058947,0.6814599193909538,0.6809957586273375,"[np.float64(0.9867256637168141), np.float64(0.32919254658385094), np.float64(0.184)]","[np.float64(0.9567922180748784), np.float64(0.42555366269165246), np.float64(0.4940152339499456)]","[np.float64(0.9567922180748784), np.float64(0.026136363636363635), np.float64(0.640926640926641), np.float64(0.43237250554323725)]","[np.float64(0.9026548672566371), np.float64(0.577639751552795), np.float64(0.632)]","[np.float64(0.8982300884955752), np.float64(0.5745341614906833), np.float64(0.64)]","[np.float64(0.9567922180748784), np.float64(0.002635046113306983), np.float64(0.52), np.float64(0.08306709265175719), np.float64(0.024793388429752067), np.float64(0.28735632183908044), np.float64(0.5978260869565217)]",0.3946577385906585,0.3532100220093281,0.32409423671356846
25,4.578184551222639,1.9222761488731392,0.7537529020429468,1.1484026008083006,1.32929022550796,0.5929859226969423,7.250882196850876,2.369437558714643,1.5025614836095702,1.8763216362508892,1.7111809441173111,0.6582566176483114,0.6106983655274889,0.8582373699851411,0.8615806092124815,0.8326987369985142,0.6894502228826151,0.6909361069836553,0.6262977662736076,0.6248241903835233,0.6210312240815994,0.671093356527873,0.6731684435497899,0.5781734366697814,0.6433501369040683,0.533085863317672,0.7074492387181882,0.7065980688543213,0.5631598131598131,0.6262963794687771,0.5412382560117431,0.6798617065580079,0.6825845245282213,"[np.float64(0.9292035398230089), np.float64(0.5093167701863354), np.float64(0.296)]","[np.float64(0.94463296007239), np.float64(0.43373083475298124), np.float64(0.5516866158868335)]","[np.float64(0.94463296007239), np.float64(0.08863636363636364), np.float64(0.668918918918919), np.float64(0.43015521064301554)]","[np.float64(0.8407079646017699), np.float64(0.577639751552795), np.float64(0.704)]","[np.float64(0.8053097345132744), np.float64(0.6024844720496895), np.float64(0.712)]","[np.float64(0.94463296007239), np.float64(0.06455862977602109), np.float64(0.5045161290322581), np.float64(0.06549520766773163), np.float64(0.04132231404958678), np.float64(0.3620689655172414), np.float64(0.5942028985507246)]",0.40359273512627086,0.3681138720951362,0.33737691072225356
26,4.539420701113482,1.8973529639148738,0.746271286777347,1.1495251610045094,1.3060013905646395,0.5913515732555235,7.069060046877988,2.3008421585184884,1.4913282284750782,1.7855614664292832,1.7114710270120412,0.5893711391117877,0.5809806835066865,0.869010029717682,0.8702637444279346,0.8465824665676077,0.6953937592867756,0.6983655274888558,0.6066398603935131,0.654878024404488,0.6376971271010152,0.6761430940535419,0.6769558019558019,0.573287088440609,0.6203405124275003,0.5376689588473016,0.6984234962164936,0.7040691108301728,0.5449480436949109,0.6332934550681758,0.5447392385748001,0.6745546367221804,0.6790878842645561,"[np.float64(0.9734513274336283), np.float64(0.3944099378881988), np.float64(0.352)]","[np.float64(0.9608641556385025), np.float64(0.4453151618398637), np.float64(0.4548422198041349)]","[np.float64(0.9608641556385025), np.float64(0.048863636363636366), np.float64(0.581081081081081), np.float64(0.5598669623059866)]","[np.float64(0.9380530973451328), np.float64(0.5652173913043478), np.float64(0.592)]","[np.float64(0.9247787610619469), np.float64(0.5714285714285714), np.float64(0.616)]","[np.float64(0.9608641556385025), np.float64(0.011857707509881422), np.float64(0.5135483870967742), np.float64(0.21884984025559107), np.float64(0.049586776859504134), np.float64(0.22796934865900384), np.float64(0.6340579710144928)]",0.40522731447737986,0.37381916957625,0.3574089594349508
27,4.460007321384162,1.8519812516991765,0.7291941185479216,1.1496378348464156,1.2774830401867185,0.5744982122911908,7.176008324948546,2.3030405773253397,1.5017364177222776,1.8694949153622817,1.699833556523309,0.6032070214210703,0.600297176820208,0.8585624071322436,0.8561478454680534,0.8315378900445766,0.6790490341753344,0.6760772659732541,0.6360837805605247,0.6284829621970033,0.5959550024027318,0.6527533580575585,0.6506910092642259,0.5625848769673317,0.6379115840152525,0.5620971957603308,0.6717732461203028,0.6704548635922242,0.5401357242994255,0.6329966432632522,0.5479822640312711,0.6597209674344585,0.657599999014262,"[np.float64(0.9601769911504425), np.float64(0.48757763975155277), np.float64(0.24)]","[np.float64(0.9325868114466689), np.float64(0.5448040885860307), np.float64(0.4363438520130577)]","[np.float64(0.9325868114466689), np.float64(0.07840909090909091), np.float64(0.652027027027027), np.float64(0.5853658536585366)]","[np.float64(0.8008849557522124), np.float64(0.6304347826086957), np.float64(0.584)]","[np.float64(0.7920353982300885), np.float64(0.6273291925465838), np.float64(0.592)]","[np.float64(0.9325868114466689), np.float64(0.026350461133069828), np.float64(0.5909677419354838), np.float64(0.3146964856230032), np.float64(0.049586776859504134), np.float64(0.2413793103448276), np.float64(0.5543478260869565)]",0.38897520579690753,0.38713077334707346,0.36280981531965756
28,4.463555928151318,1.8567657548517231,0.7118345080607829,1.1831211599272724,1.2745162821447182,0.5822494723386852,7.029851788936807,2.309700540689757,1.4964674919932108,1.727216263906892,1.71234945302901,0.5973510844328991,0.5393759286775631,0.8687778603268945,0.868174219910847,0.8449108469539376,0.6790490341753344,0.674591381872214,0.5873365787158891,0.6456855396183987,0.6453637214743089,0.6693276543836942,0.6625318276694424,0.5015710804521886,0.578929504171768,0.4918135444828568,0.6822693710034996,0.6794760622217336,0.4531362110921269,0.6063350408822377,0.513339998811601,0.6580256465188363,0.6544623017752408,"[np.float64(0.9867256637168141), np.float64(0.38198757763975155), np.float64(0.136)]","[np.float64(0.9656147494627305), np.float64(0.4599659284497445), np.float64(0.31120783460282914)]","[np.float64(0.9656147494627305), np.float64(0.045454545454545456), np.float64(0.6158301158301158), np.float64(0.34035476718403546)]","[np.float64(0.9557522123893806), np.float64(0.531055900621118), np.float64(0.56)]","[np.float64(0.9424778761061947), np.float64(0.5279503105590062), np.float64(0.568)]","[np.float64(0.9656147494627305), np.float64(0.006587615283267457), np.float64(0.5174193548387097), np.float64(0.1805111821086262), np.float64(0.049586776859504134), np.float64(0.23371647509578544), np.float64(0.26811594202898553)]",0.3920107737475057,0.31736458509680127,0.33024876120603835
29,4.397947528536331,1.8220329661669452,0.7011308664788813,1.1736528309848748,1.2495894060012396,0.5724435593238322,7.139198146163533,2.3320736832010285,1.4893800908097174,1.8283643039822224,1.7238833847668475,0.6081903012640753,0.6300148588410104,0.8684992570579495,0.8685921248142645,0.8453751857355126,0.6894502228826151,0.6849925705794948,0.6261723624360988,0.65060377532567,0.6141523153813225,0.6684150521962625,0.6603365492507569,0.5788915150515767,0.6239936699459353,0.5536784226992645,0.6928360724820902,0.6831345389252276,0.5646672394485849,0.629280024017207,0.5437221060250902,0.670255096117165,0.6675989322628314,"[np.float64(0.915929203539823), np.float64(0.5807453416149069), np.float64(0.24)]","[np.float64(0.9616559212758737), np.float64(0.4282793867120954), np.float64(0.4820457018498368)]","[np.float64(0.9616559212758737), np.float64(0.06363636363636363), np.float64(0.48986486486486486), np.float64(0.6995565410199557)]","[np.float64(0.9070796460176991), np.float64(0.5714285714285714), np.float64(0.6)]","[np.float64(0.8407079646017699), np.float64(0.6086956521739131), np.float64(0.6)]","[np.float64(0.9616559212758737), np.float64(0.03162055335968379), np.float64(0.4232258064516129), np.float64(0.33865814696485624), np.float64(0.04132231404958678), np.float64(0.21455938697318008), np.float64(0.6992753623188406)]",0.3997241813329242,0.38718821305623347,0.35952430837728383
30,4.422052478267795,1.8447979093479299,0.6908410829528088,1.1955724047131226,1.2475575558501848,0.5972403538713263,7.256543366067134,2.3747313142884026,1.494138020082468,1.8935359988792713,1.7571106360291162,0.6176206740586623,0.6478454680534919,0.8710066864784547,0.868545690936107,0.8465360326894502,0.674591381872214,0.6582466567607727,0.6353619198266859,0.6533231893707925,0.5961427903706296,0.646420368808227,0.6404627792707654,0.6251223364297623,0.6022537430746396,0.5475658878811216,0.66397075798384,0.6563309697869144,0.6248649383414063,0.6244754498967867,0.5391418754118683,0.6484739286439573,0.6453159574387893,"[np.float64(0.7964601769911505), np.float64(0.6149068322981367), np.float64(0.464)]","[np.float64(0.9602986087546658), np.float64(0.4960817717206133), np.float64(0.35038084874863984)]","[np.float64(0.9602986087546658), np.float64(0.04772727272727273), np.float64(0.527027027027027), np.float64(0.655210643015521)]","[np.float64(0.8849557522123894), np.float64(0.5869565217391305), np.float64(0.52)]","[np.float64(0.7256637168141593), np.float64(0.6273291925465838), np.float64(0.616)]","[np.float64(0.9602986087546658), np.float64(0.014492753623188406), np.float64(0.49096774193548387), np.float64(0.40894568690095845), np.float64(0.01652892561983471), np.float64(0.17624521072796934), np.float64(0.4673913043478261)]",0.3852953377726854,0.3621243188442752,0.3507822398165626
31,4.339725519283175,1.8002745372826618,0.671156173257557,1.197138629802095,1.1961190262608794,0.6041555083777734,7.171229293155387,2.3179011571301196,1.491110676120226,1.8711067791862375,1.7045522256138064,0.6133489351421152,0.6196136701337296,0.8463967310549777,0.8552191679049034,0.8242477711738484,0.6656760772659732,0.662704309063893,0.634768512321718,0.6050375906255386,0.5806214840270013,0.6611966603155929,0.6564264922473878,0.5898462045841807,0.6507445761065843,0.5674981777999419,0.7059516663918357,0.7016826251855109,0.5732420064492039,0.6069323351200145,0.5598304035331644,0.6551568256008283,0.6537934742796803,"[np.float64(0.9513274336283186), np.float64(0.5062111801242236), np.float64(0.312)]","[np.float64(0.9318516004976812), np.float64(0.4034071550255537), np.float64(0.6169749727965179)]","[np.float64(0.9318516004976812), np.float64(0.1318181818181818), np.float64(0.6298262548262549), np.float64(0.5764966740576497)]","[np.float64(0.8938053097345132), np.float64(0.4720496894409938), np.float64(0.752)]","[np.float64(0.8716814159292036), np.float64(0.4813664596273292), np.float64(0.752)]","[np.float64(0.9318516004976812), np.float64(0.04743083003952569), np.float64(0.44), np.float64(0.21725239616613418), np.float64(0.19008264462809918), np.float64(0.42528735632183906), np.float64(0.6340579710144928)]",0.3807207089320287,0.41228039980968173,0.3644371736510165
32,4.331429912763948,1.8046213600657601,0.6692565449889707,1.1882954630191769,1.1950611378112939,0.6095602212494797,7.259331498018712,2.3179094508422944,1.5118522559146146,1.9177175385308194,1.7017357543950973,0.6161736975968415,0.5943536404160475,0.8451430163447251,0.8494613670133729,0.8200687221396731,0.6508172362555721,0.649331352154532,0.6390886636882059,0.5903241487952344,0.5910159279837075,0.6370356389890345,0.6383119127899861,0.5637782297220543,0.6200734739650308,0.553218238492846,0.6712424192454973,0.6742221733633814,0.5417943646996278,0.5997413655602324,0.5608496247929504,0.6405597023521552,0.6414956442734221,"[np.float64(0.9646017699115044), np.float64(0.46273291925465837), np.float64(0.264)]","[np.float64(0.9255740300870943), np.float64(0.48415672913117547), np.float64(0.4504896626768226)]","[np.float64(0.9255740300870943), np.float64(0.22954545454545455), np.float64(0.6597490347490348), np.float64(0.39800443458980045)]","[np.float64(0.7964601769911505), np.float64(0.5372670807453416), np.float64(0.68)]","[np.float64(0.7876106194690266), np.float64(0.531055900621118), np.float64(0.704)]","[np.float64(0.9255740300870943), np.float64(0.1251646903820817), np.float64(0.4870967741935484), np.float64(0.22364217252396165), np.float64(0.2066115702479339), np.float64(0.3793103448275862), np.float64(0.2971014492753623)]",0.3827067913637398,0.3777858616482241,0.36629296816109896
33,4.220415292727356,1.7568985224907987,0.6402300966539851,1.1830565736868806,1.1588182922769705,0.598080228059158,7.180771048061925,2.309930020340826,1.4964906716558983,1.8778596653075175,1.6957294700407486,0.6142005525993665,0.6077265973254086,0.8413818722139673,0.8507150817236255,0.8173291233283804,0.6582466567607727,0.6508172362555721,0.6489502163346247,0.5936499761019792,0.591561682473057,0.6561724360789781,0.650100158997442,0.5919206288132798,0.6386975989882036,0.5442852482102815,0.698889316403745,0.6935858846809212,0.5719134096793671,0.5942851136031865,0.5481758321428367,0.6493511306487071,0.6433786962328188,"[np.float64(0.9734513274336283), np.float64(0.4503105590062112), np.float64(0.352)]","[np.float64(0.9263657957244655), np.float64(0.4119250425894378), np.float64(0.5778019586507073)]","[np.float64(0.9263657957244655), np.float64(0.1431818181818182), np.float64(0.6973938223938224), np.float64(0.41019955654101997)]","[np.float64(0.8584070796460177), np.float64(0.4782608695652174), np.float64(0.76)]","[np.float64(0.8407079646017699), np.float64(0.4720496894409938), np.float64(0.768)]","[np.float64(0.9263657957244655), np.float64(0.057971014492753624), np.float64(0.4535483870967742), np.float64(0.15654952076677317), np.float64(0.14049586776859505), np.float64(0.4386973180076628), np.float64(0.4746376811594203)]",0.3838778071976288,0.37832365500234927,0.3488055343814115
34,4.192330708226063,1.723864787166128,0.6316087207290617,1.2052484760749862,1.1272607375709813,0.5966040482560415,7.099055631224409,2.324469530617802,1.4833584433139608,1.8078691821423765,1.693890318318715,0.6305792161238654,0.6092124814264487,0.8664097325408618,0.8707280832095097,0.8453751857355126,0.6894502228826151,0.6849925705794948,0.6171631205673759,0.6429556290423296,0.627726544222142,0.6722129091079564,0.6646158386437494,0.5667248575459426,0.6227457917509144,0.5466123149616646,0.7015606002308581,0.6965686436175086,0.543913450890195,0.6232870339215191,0.5605080805920404,0.6725601651031224,0.670248712217215,"[np.float64(0.9557522123893806), np.float64(0.5124223602484472), np.float64(0.232)]","[np.float64(0.960242054066282), np.float64(0.4194207836456559), np.float64(0.4885745375408052)]","[np.float64(0.960242054066282), np.float64(0.09886363636363636), np.float64(0.571911196911197), np.float64(0.5554323725055432)]","[np.float64(0.9292035398230089), np.float64(0.5434782608695652), np.float64(0.632)]","[np.float64(0.8938053097345132), np.float64(0.5559006211180124), np.float64(0.64)]","[np.float64(0.960242054066282), np.float64(0.06587615283267458), np.float64(0.4645161290322581), np.float64(0.2220447284345048), np.float64(0.06611570247933884), np.float64(0.28160919540229884), np.float64(0.5905797101449275)]",0.4155225436889873,0.3787119531988979,0.36740391326511607
35,4.127296200535118,1.7146002264265208,0.6159675604993304,1.1807608509158036,1.1056897884269645,0.608910441609089,7.236448030443503,2.366449764998801,1.4913333449236363,1.8873315635703791,1.6895681884946738,0.676881578471788,0.600297176820208,0.8655739227340268,0.8652953194650818,0.8417997771173849,0.7072808320950966,0.6983655274888558,0.5955826901496372,0.6350566917385706,0.6035990693650211,0.6813019103710246,0.6720221649524428,0.5608259587020649,0.615517874750484,0.5554634424853053,0.6943352571501861,0.6857979809084079,0.5381898110293427,0.6242583817364319,0.5626740675328581,0.6849791305191402,0.6776953217841829,"[np.float64(0.9424778761061947), np.float64(0.5), np.float64(0.24)]","[np.float64(0.9499491007804547), np.float64(0.5059625212947189), np.float64(0.3906420021762786)]","[np.float64(0.9499491007804547), np.float64(0.1215909090909091), np.float64(0.5926640926640927), np.float64(0.5576496674057649)]","[np.float64(0.8628318584070797), np.float64(0.6521739130434783), np.float64(0.568)]","[np.float64(0.8230088495575221), np.float64(0.6583850931677019), np.float64(0.576)]","[np.float64(0.9499491007804547), np.float64(0.06982872200263504), np.float64(0.52), np.float64(0.3466453674121406), np.float64(0.05785123966942149), np.float64(0.23946360153256704), np.float64(0.4492753623188406)]",0.392883817084452,0.3761447705308657,0.3738257654469513
36,4.029332468078319,1.6662558138662869,0.599589670794532,1.1638973166782667,1.064750213708267,0.6015056004789842,7.2848509383838325,2.345624170246747,1.5079393043716158,1.9233481445369098,1.7178814690615374,0.6277427057837874,0.6463595839524517,0.8363205794947994,0.8391994799405647,0.8102711738484398,0.6448736998514116,0.6433878157503715,0.6626557038321744,0.5764147749584104,0.5600123290053419,0.6287698884747446,0.6370107962213225,0.5775965847670349,0.621292050588839,0.5691970251247669,0.6561784569156636,0.6476678576009088,0.5697094170706628,0.5944992456597972,0.5553301329935239,0.6342946073198567,0.6335835130245571,"[np.float64(0.8539823008849557), np.float64(0.6708074534161491), np.float64(0.208)]","[np.float64(0.9064585454134148), np.float64(0.5471890971039183), np.float64(0.4102285092491839)]","[np.float64(0.9064585454134148), np.float64(0.16363636363636364), np.float64(0.6944980694980695), np.float64(0.5121951219512195)]","[np.float64(0.7522123893805309), np.float64(0.5683229813664596), np.float64(0.648)]","[np.float64(0.6769911504424779), np.float64(0.6180124223602484), np.float64(0.648)]","[np.float64(0.9064585454134148), np.float64(0.07378129117259552), np.float64(0.5767741935483871), np.float64(0.3146964856230032), np.float64(0.1322314049586777), np.float64(0.3275862068965517), np.float64(0.3188405797101449)]",0.3643172569509586,0.3786241010461107,0.357381227785007
37,4.017960520290196,1.6477843257139824,0.5876415412988787,1.1948931135545027,1.057359703678518,0.5904246248268012,7.0935217888489674,2.3092960614478906,1.4902921773559616,1.8036413680905758,1.7182102305952802,0.5910858289954924,0.6270430906389302,0.8696601040118871,0.8674777117384844,0.8463967310549777,0.7043090638930164,0.7013372956909361,0.6431540454409977,0.6793503430388911,0.6253856953385771,0.6929798564778564,0.6872596937113066,0.5575557632056285,0.584450920989766,0.538983019948781,0.650981000018322,0.6507842943256564,0.5351285252625536,0.6113057252502064,0.5447837119338932,0.6510078573324792,0.6582036092810699,"[np.float64(0.9026548672566371), np.float64(0.6180124223602484), np.float64(0.152)]","[np.float64(0.9533423820834748), np.float64(0.5638841567291312), np.float64(0.23612622415669204)]","[np.float64(0.9533423820834748), np.float64(0.05227272727272727), np.float64(0.6336872586872587), np.float64(0.516629711751663)]","[np.float64(0.9070796460176991), np.float64(0.7018633540372671), np.float64(0.344)]","[np.float64(0.827433628318584), np.float64(0.7329192546583851), np.float64(0.392)]","[np.float64(0.9533423820834748), np.float64(0.043478260869565216), np.float64(0.6154838709677419), np.float64(0.35303514376996803), np.float64(0.049586776859504134), np.float64(0.12260536398467432), np.float64(0.33695652173913043)]",0.45848258960567273,0.3534983314677227,0.36415892494867697
38,3.939062549505714,1.6261497189038918,0.5724935279087042,1.167925771414947,1.0464700606778543,0.5796796612673055,7.0843333617869755,2.297531398892049,1.4816928737595103,1.8234162171445898,1.7019404462961485,0.5955909471793062,0.5973254086181278,0.8594446508172363,0.8578194650817236,0.8344167904903418,0.6894502228826151,0.6864784546805349,0.5931982631269452,0.6264362480493906,0.5689372217011458,0.6665864641808998,0.661713048826721,0.5556200736547023,0.6279922868177673,0.5593430921808479,0.6920840616354275,0.6901985012550615,0.5284781260057348,0.6245446044565167,0.5399322306946994,0.6692127324960113,0.6683593074142958,"[np.float64(0.9601769911504425), np.float64(0.4906832298136646), np.float64(0.216)]","[np.float64(0.9432190928627984), np.float64(0.47938671209540035), np.float64(0.4613710554951034)]","[np.float64(0.9432190928627984), np.float64(0.06818181818181818), np.float64(0.5386100386100386), np.float64(0.6873614190687362)]","[np.float64(0.915929203539823), np.float64(0.5683229813664596), np.float64(0.592)]","[np.float64(0.8849557522123894), np.float64(0.577639751552795), np.float64(0.608)]","[np.float64(0.9432190928627984), np.float64(0.03293807641633729), np.float64(0.4561290322580645), np.float64(0.4169329073482428), np.float64(0.04132231404958678), np.float64(0.26436781609195403), np.float64(0.5652173913043478)]",0.37364521902191283,0.3885895186187617,0.3623010853526662
39,3.902190243931866,1.5962389757255577,0.5626743176329971,1.1806026315780247,1.0073712507524597,0.5888677242154119,7.210112350984567,2.358075809761749,1.487190947688298,1.8776546207309124,1.6956010052287613,0.662474801393574,0.6315007429420505,0.857308692421991,0.8587017087667161,0.8325594353640416,0.687964338781575,0.6820208023774146,0.6129443142553536,0.6167620679060971,0.6010267211860829,0.667784117563075,0.6610860001972514,0.5803664413052639,0.6253150913809452,0.5350315486882387,0.6997033291192584,0.6914775279869548,0.5639879511725879,0.6164607480444879,0.5461235133164336,0.6727456677278966,0.6691450892293767,"[np.float64(0.9203539823008849), np.float64(0.5807453416149069), np.float64(0.24)]","[np.float64(0.9421445537835087), np.float64(0.46916524701873935), np.float64(0.4646354733405876)]","[np.float64(0.9421445537835087), np.float64(0.1215909090909091), np.float64(0.6462355212355212), np.float64(0.43015521064301554)]","[np.float64(0.8716814159292036), np.float64(0.5714285714285714), np.float64(0.656)]","[np.float64(0.8141592920353983), np.float64(0.5962732919254659), np.float64(0.664)]","[np.float64(0.9421445537835087), np.float64(0.05533596837944664), np.float64(0.515483870967742), np.float64(0.21405750798722045), np.float64(0.0743801652892562), np.float64(0.3275862068965517), np.float64(0.42028985507246375)]",0.38875655354264627,0.36418258976802703,0.3561961008807488
40,3.8244765630652235,1.5753461094788541,0.53818236190951,1.1727657306240213,0.9807956319591385,0.5945504775249772,7.095160872009458,2.314378980359267,1.4809199486712674,1.8189419989062345,1.692267648544085,0.6221113303118007,0.5557206537890045,0.8584231054977711,0.8623235512630015,0.8353919019316494,0.6820208023774146,0.6775631500742942,0.6190642015365108,0.6193605677659187,0.5986657808814256,0.6593794526131269,0.6551344696241007,0.5223073343227248,0.6206112806655167,0.541351525371317,0.6904832994375126,0.6872502610894301,0.4844173539946719,0.6114653623249916,0.5487322005667963,0.663027646472017,0.6602962745610697,"[np.float64(0.9823008849557522), np.float64(0.40062111801242234), np.float64(0.184)]","[np.float64(0.948365569505712), np.float64(0.43577512776831345), np.float64(0.4776931447225245)]","[np.float64(0.948365569505712), np.float64(0.09886363636363636), np.float64(0.6037644787644788), np.float64(0.5144124168514412)]","[np.float64(0.9026548672566371), np.float64(0.5527950310559007), np.float64(0.616)]","[np.float64(0.8849557522123894), np.float64(0.5527950310559007), np.float64(0.624)]","[np.float64(0.948365569505712), np.float64(0.04084321475625823), np.float64(0.46516129032258063), np.float64(0.2571884984025559), np.float64(0.06611570247933884), np.float64(0.3218390804597701), np.float64(0.48188405797101447)]",0.38789786178003505,0.36877105912817576,0.35516164570922293
41,3.7585481720230685,1.5423538001117478,0.5306502074767154,1.15489395742203,0.9774522744308671,0.5649015256019552,7.2761577116629494,2.3221295909287316,1.5037901327235055,1.9464478478587346,1.7157857570167112,0.6063438330718954,0.6329866270430906,0.8407317979197623,0.8420319465081724,0.8144037890044576,0.6463595839524517,0.6210995542347697,0.6138928684567629,0.5798110842299081,0.5774867736920329,0.6243075243075243,0.615769882760174,0.583899888235402,0.612763098741019,0.5640816691717205,0.6407715055241027,0.6195852617307023,0.5830126145460327,0.5942651117630611,0.5530475521332263,0.6285498228329445,0.6089464160389485,"[np.float64(0.8141592920353983), np.float64(0.6335403726708074), np.float64(0.304)]","[np.float64(0.9123402330053162), np.float64(0.5570698466780238), np.float64(0.36887921653971706)]","[np.float64(0.9123402330053162), np.float64(0.13977272727272727), np.float64(0.6776061776061776), np.float64(0.5266075388026608)]","[np.float64(0.7345132743362832), np.float64(0.6118012422360248), np.float64(0.576)]","[np.float64(0.6327433628318584), np.float64(0.6180124223602484), np.float64(0.608)]","[np.float64(0.9123402330053162), np.float64(0.07246376811594203), np.float64(0.5690322580645162), np.float64(0.36900958466453676), np.float64(0.06611570247933884), np.float64(0.29310344827586204), np.float64(0.2826086956521739)]",0.3696067377379441,0.36638195575109794,0.3528335158983639
42,3.7401819066239894,1.5352419751212376,0.5234093009524664,1.158121330684691,0.9574987131213186,0.5777432621814479,7.21434520896889,2.3176597774205647,1.4929123391737216,1.910860750017251,1.6958317434752377,0.6218280400030691,0.6300148588410104,0.8423569836552749,0.8456073551263001,0.8164468796433878,0.6849925705794948,0.6835066864784547,0.6518893478921407,0.5930150626050114,0.5727573128555057,0.6628318461260911,0.6656635802469136,0.5628890965389618,0.6409208326494171,0.5638125591588239,0.6873343227248575,0.6830935707872992,0.5431382896351414,0.6102046819425911,0.5531222269301876,0.6711506461451876,0.6709781786390918,"[np.float64(0.9026548672566371), np.float64(0.6180124223602484), np.float64(0.168)]","[np.float64(0.9170908268295441), np.float64(0.4964224872231687), np.float64(0.5092491838955386)]","[np.float64(0.9170908268295441), np.float64(0.14204545454545456), np.float64(0.6761583011583011), np.float64(0.5199556541019955)]","[np.float64(0.8008849557522124), np.float64(0.6211180124223602), np.float64(0.64)]","[np.float64(0.7522123893805309), np.float64(0.6490683229813664), np.float64(0.648)]","[np.float64(0.9170908268295441), np.float64(0.09617918313570488), np.float64(0.5141935483870967), np.float64(0.2715654952076677), np.float64(0.03305785123966942), np.float64(0.37547892720306514), np.float64(0.4601449275362319)]",0.36316919933719877,0.3811015370769971,0.3569857085905341
43,3.6717193619335613,1.500331328565677,0.5095245165188532,1.1523389948802798,0.9119784274728151,0.5883528995301343,7.206575294630464,2.3078778366660506,1.497911837758933,1.9028737792629162,1.7313420185349462,0.5765358192586404,0.6240713224368499,0.8478361812778603,0.8471861069836553,0.8221118127786032,0.687964338781575,0.6552748885586924,0.6070018710551474,0.6040880068115299,0.5864183500268626,0.663666144298651,0.6426897012272388,0.5867829018486964,0.6097030171688185,0.5500927577635908,0.6665641363894538,0.6427702229795343,0.5877959491576462,0.6060695322783015,0.5511997196524294,0.6643719178759883,0.6401027077497665,"[np.float64(0.7743362831858407), np.float64(0.6180124223602484), np.float64(0.368)]","[np.float64(0.9208234362628662), np.float64(0.5666098807495741), np.float64(0.3416757344940152)]","[np.float64(0.9208234362628662), np.float64(0.1431818181818182), np.float64(0.694015444015444), np.float64(0.442350332594235)]","[np.float64(0.8008849557522124), np.float64(0.6708074534161491), np.float64(0.528)]","[np.float64(0.6592920353982301), np.float64(0.6770186335403726), np.float64(0.592)]","[np.float64(0.9208234362628662), np.float64(0.11067193675889328), np.float64(0.6058064516129033), np.float64(0.2827476038338658), np.float64(0.04132231404958678), np.float64(0.2624521072796935), np.float64(0.29347826086956524)]",0.3847911660545837,0.35961458723819634,0.3608974698951589
44,3.604656876553518,1.4716744631821579,0.4960822127850714,1.1408179855983083,0.8958544269812566,0.5758200340251843,7.115817303473588,2.308276399306798,1.4833591292095467,1.8408226489313277,1.692991022893866,0.6152853785132442,0.6017830609212481,0.8614877414561665,0.8595839524517088,0.8369706537890045,0.6790490341753344,0.6686478454680534,0.5961649973642593,0.6264661384455156,0.5712478811891488,0.6528736285062433,0.6413287857910651,0.5494339581157588,0.6080810006697386,0.5655798192026902,0.6761131570750655,0.6634625771816999,0.5269187781135035,0.6156979835508993,0.5546095511755065,0.655253863403201,0.6481390601153209,"[np.float64(0.915929203539823), np.float64(0.5403726708074534), np.float64(0.192)]","[np.float64(0.9484221241940957), np.float64(0.48517887563884154), np.float64(0.3906420021762786)]","[np.float64(0.9484221241940957), np.float64(0.12386363636363637), np.float64(0.4782818532818533), np.float64(0.7117516629711752)]","[np.float64(0.8938053097345132), np.float64(0.5745341614906833), np.float64(0.56)]","[np.float64(0.8230088495575221), np.float64(0.5993788819875776), np.float64(0.568)]","[np.float64(0.9484221241940957), np.float64(0.039525691699604744), np.float64(0.42838709677419357), np.float64(0.4792332268370607), np.float64(0.15702479338842976), np.float64(0.19540229885057472), np.float64(0.5072463768115942)]",0.382273908581727,0.3936059440793648,0.37225885699684097
45,3.618100936297001,1.4711517040787496,0.48713417719216134,1.172680876706505,0.8930622385495178,0.5780894659264908,7.191523042559978,2.334815994214587,1.4933537725878752,1.8699995003397458,1.6890445452415626,0.6457714460215335,0.6419019316493314,0.8409639673105498,0.8450037147102526,0.8168647845468053,0.6701337295690936,0.6582466567607727,0.6311995498042009,0.587367804474533,0.5612597876205765,0.6522647309123702,0.6423367096028492,0.6120848678062991,0.622336082672945,0.5386362352936205,0.685961780171861,0.6789293317942798,0.6001248620826867,0.595735735567821,0.5411082441127786,0.6567669448104231,0.6488089916378222,"[np.float64(0.9203539823008849), np.float64(0.5559006211180124), np.float64(0.36)]","[np.float64(0.9230290691098292), np.float64(0.4575809199318569), np.float64(0.48639825897714906)]","[np.float64(0.9230290691098292), np.float64(0.15795454545454546), np.float64(0.6578185328185329), np.float64(0.4157427937915743)]","[np.float64(0.8584070796460177), np.float64(0.5434782608695652), np.float64(0.656)]","[np.float64(0.8053097345132744), np.float64(0.5434782608695652), np.float64(0.688)]","[np.float64(0.9230290691098292), np.float64(0.09486166007905138), np.float64(0.47935483870967743), np.float64(0.20926517571884984), np.float64(0.15702479338842976), np.float64(0.3946360153256705), np.float64(0.36231884057971014)]",0.36574693859066987,0.3743557704158883,0.35738755511608555
46,3.4703901543117217,1.409306383015023,0.4770677903740715,1.1069481906637788,0.8460904504114132,0.5632159322063507,7.087657494078051,2.2916488290186807,1.4823383078730779,1.831332055680476,1.6876083318840502,0.6040404930224405,0.6151560178306092,0.8557763744427934,0.8524331352154532,0.8294483655274889,0.6998514115898959,0.6953937592867756,0.6194714544572901,0.621928538472248,0.5638215477910055,0.674873996445802,0.6680520312187314,0.5453866871873797,0.613387567737654,0.5682372353667108,0.6870306894593159,0.6802798145806995,0.5127937894507858,0.6173593897627203,0.5469371319890427,0.6740643228965709,0.6718029622592141,"[np.float64(0.9292035398230089), np.float64(0.5869565217391305), np.float64(0.12)]","[np.float64(0.9334916864608076), np.float64(0.5410562180579216), np.float64(0.36561479869423286)]","[np.float64(0.9334916864608076), np.float64(0.09886363636363636), np.float64(0.5521235521235521), np.float64(0.688470066518847)]","[np.float64(0.9070796460176991), np.float64(0.6180124223602484), np.float64(0.536)]","[np.float64(0.8539823008849557), np.float64(0.6428571428571429), np.float64(0.544)]","[np.float64(0.9334916864608076), np.float64(0.05928853754940711), np.float64(0.4935483870967742), np.float64(0.48083067092651754), np.float64(0.06611570247933884), np.float64(0.2164750957854406), np.float64(0.4528985507246377)]",0.37994934097999616,0.3860926615747033,0.36904548720471325
47,3.4588618023323665,1.4007419682592765,0.4641557935517861,1.1298082479675777,0.8494874009005705,0.5512545663037333,7.229904029065141,2.3233235872817675,1.495860010650816,1.9148604275564765,1.6921075172169626,0.6312160709491469,0.6181277860326895,0.8367849182763745,0.8393852154531947,0.8120820950965825,0.6641901931649331,0.6433878157503715,0.6112195216439911,0.5792241975612846,0.5611877179539403,0.6401879305181192,0.6282392515042878,0.591067040436798,0.6188610885381284,0.5682198545099376,0.6638047600725554,0.6521926015500467,0.57479813588108,0.5946216217642261,0.5615865061009097,0.6459222185903214,0.6316371863482767,"[np.float64(0.9247787610619469), np.float64(0.5124223602484472), np.float64(0.336)]","[np.float64(0.9112656939260265), np.float64(0.5155025553662692), np.float64(0.42981501632208924)]","[np.float64(0.9112656939260265), np.float64(0.22840909090909092), np.float64(0.6332046332046332), np.float64(0.5)]","[np.float64(0.7920353982300885), np.float64(0.5993788819875776), np.float64(0.6)]","[np.float64(0.7389380530973452), np.float64(0.577639751552795), np.float64(0.64)]","[np.float64(0.9112656939260265), np.float64(0.1225296442687747), np.float64(0.5025806451612903), np.float64(0.33226837060702874), np.float64(0.19008264462809918), np.float64(0.342911877394636), np.float64(0.34057971014492755)]",0.370991797342001,0.39174551230439764,0.3742058052600271
48,3.378106758056592,1.3846401665440304,0.4528770322761524,1.0877125241938512,0.8302884339356577,0.5543517331187587,7.4383020344403095,2.305032227796334,1.5329835623591166,2.0673026847556364,1.7005833033638114,0.6044489225754045,0.5988112927191679,0.7647195393759286,0.7794855126300149,0.7409918276374443,0.5780089153046062,0.5616641901931649,0.5949516724749054,0.5175477604334806,0.5381924795182531,0.6091479663026259,0.6027869716402179,0.5656220157936203,0.6227202485897552,0.5873016054617642,0.6170446508730464,0.6028916616280987,0.5493139435755773,0.5308625987482215,0.543206076330908,0.5792767360751406,0.5648080038669869,"[np.float64(0.9026548672566371), np.float64(0.5062111801242236), np.float64(0.288)]","[np.float64(0.8284130754439543), np.float64(0.4293015332197615), np.float64(0.6104461371055495)]","[np.float64(0.8284130754439543), np.float64(0.3659090909090909), np.float64(0.6626447876447876), np.float64(0.49223946784922396)]","[np.float64(0.5973451327433629), np.float64(0.4937888198757764), np.float64(0.76)]","[np.float64(0.5530973451327433), np.float64(0.48757763975155277), np.float64(0.768)]","[np.float64(0.8284130754439543), np.float64(0.17391304347826086), np.float64(0.4012903225806452), np.float64(0.2364217252396166), np.float64(0.32231404958677684), np.float64(0.4521072796934866), np.float64(0.48188405797101447)]",0.35031426700571483,0.41376336485625076,0.347369263866081
49,3.3604073919797606,1.3718842444279988,0.42821169628922107,1.1320997510429254,0.804749311376414,0.5671349336382654,7.166317056831337,2.3409785057033914,1.4875410059439322,1.8502565300429257,1.6976441219227958,0.6433343847754801,0.6106983655274889,0.8615806092124815,0.862091381872214,0.8389208766716196,0.6552748885586924,0.6567607726597325,0.6195211507386889,0.6158384768387535,0.56543238252276,0.6216859331113956,0.6282429827916071,0.5735913080122391,0.5853497992518638,0.553523434676576,0.6407243811722457,0.6489674050458968,0.5589321694288371,0.5990392449625684,0.5475379070971729,0.6235109642254377,0.6349502076525685,"[np.float64(0.915929203539823), np.float64(0.5248447204968945), np.float64(0.28)]","[np.float64(0.95141952267843), np.float64(0.49233390119250425), np.float64(0.31229597388465724)]","[np.float64(0.95141952267843), np.float64(0.08295454545454546), np.float64(0.5178571428571429), np.float64(0.6618625277161863)]","[np.float64(0.8849557522123894), np.float64(0.5652173913043478), np.float64(0.472)]","[np.float64(0.8097345132743363), np.float64(0.593167701863354), np.float64(0.544)]","[np.float64(0.95141952267843), np.float64(0.03820816864295125), np.float64(0.4696774193548387), np.float64(0.4504792332268371), np.float64(0.08264462809917356), np.float64(0.1685823754789272), np.float64(0.38768115942028986)]",0.37490586672324316,0.3640989295573497,0.35537589481517673
50,3.3546310905893306,1.3719520561613525,0.4296922199245155,1.1232945985499347,0.7910236755444593,0.5809283773809418,7.087985959887859,2.3148697370591433,1.4891953871582666,1.794725448512182,1.6790913046290683,0.6357784332259826,0.6270430906389302,0.8647845468053492,0.8662704309063893,0.8429606240713224,0.6864784546805349,0.6968796433878157,0.6877305161608896,0.6315600705936472,0.6074784153978914,0.6711652628307444,0.6771825712207953,0.5642090914087835,0.5714155910509279,0.5312079319855159,0.6603349273530111,0.6679509701533557,0.54370888908094,0.5958658148210895,0.5542585676807508,0.6518220155155316,0.6666888457593503,"[np.float64(0.9203539823008849), np.float64(0.5962732919254659), np.float64(0.176)]","[np.float64(0.9583191946612374), np.float64(0.4882453151618399), np.float64(0.2676822633297062)]","[np.float64(0.9583191946612374), np.float64(0.11022727272727273), np.float64(0.5651544401544402), np.float64(0.4911308203991131)]","[np.float64(0.9292035398230089), np.float64(0.6118012422360248), np.float64(0.44)]","[np.float64(0.8672566371681416), np.float64(0.6645962732919255), np.float64(0.472)]","[np.float64(0.9583191946612374), np.float64(0.06060606060606061), np.float64(0.5090322580645161), np.float64(0.31150159744408945), np.float64(0.10743801652892562), np.float64(0.1781609195402299), np.float64(0.2644927536231884)]",0.3944213653928305,0.34136440006689256,0.35727034517304
51,3.2618006462963645,1.332072603265065,0.420991750838648,1.0877445390109806,0.7714704968795847,0.5606021057567059,7.20337567909535,2.3144159568169704,1.4937242793046401,1.9015111438598407,1.6998187611294076,0.6145971913100704,0.6389301634472511,0.8398495542347697,0.8400352897473997,0.8137072808320951,0.6820208023774146,0.6552748885586924,0.6325228137017773,0.5864830762398033,0.562548173629939,0.6515615975276476,0.6434736870843949,0.5741668407262867,0.612882524783734,0.5568890656698793,0.6659411861705051,0.6383155426079629,0.578559897683736,0.5985851605949718,0.5507886910101345,0.6566280207566211,0.6374875005870585,"[np.float64(0.7566371681415929), np.float64(0.7018633540372671), np.float64(0.264)]","[np.float64(0.9121705689401651), np.float64(0.5488926746166951), np.float64(0.37758433079434167)]","[np.float64(0.9121705689401651), np.float64(0.1693181818181818), np.float64(0.666023166023166), np.float64(0.48004434589800443)]","[np.float64(0.8362831858407079), np.float64(0.6335403726708074), np.float64(0.528)]","[np.float64(0.6637168141592921), np.float64(0.6832298136645962), np.float64(0.568)]","[np.float64(0.9121705689401651), np.float64(0.0922266139657444), np.float64(0.5561290322580645), np.float64(0.3274760383386581), np.float64(0.19834710743801653), np.float64(0.29310344827586204), np.float64(0.29347826086956524)]",0.3742791866694985,0.3818472957265823,0.3692878696239422
52,3.2483330421187713,1.3377734834813841,0.41591120198754034,1.0787371533584766,0.7670039530760778,0.5707695284874131,7.180394602812362,2.3369516088276305,1.482202412112884,1.8790381948742738,1.6896837281190322,0.647267879205217,0.62555720653789,0.8471861069836553,0.8495542347696879,0.8227154531946508,0.6760772659732541,0.6701337295690936,0.6591291165809906,0.6002311634844669,0.5545991642988749,0.6528155587125851,0.6489641273956411,0.6008251525311933,0.6332239318770718,0.5708923516558865,0.6798740174792502,0.677861814983785,0.5898272277754633,0.6091718798332092,0.5465419466885175,0.6590313919656986,0.6576354248991781,"[np.float64(0.9380530973451328), np.float64(0.5124223602484472), np.float64(0.352)]","[np.float64(0.9299287410926366), np.float64(0.45178875638841565), np.float64(0.5179542981501633)]","[np.float64(0.9299287410926366), np.float64(0.1215909090909091), np.float64(0.5424710424710425), np.float64(0.6895787139689579)]","[np.float64(0.8539823008849557), np.float64(0.577639751552795), np.float64(0.608)]","[np.float64(0.8097345132743363), np.float64(0.5838509316770186), np.float64(0.64)]","[np.float64(0.9299287410926366), np.float64(0.06982872200263504), np.float64(0.412258064516129), np.float64(0.3769968051118211), np.float64(0.10743801652892562), np.float64(0.3218390804597701), np.float64(0.6014492753623188)]",0.3639601731161726,0.4028198150106052,0.36585648058886155
53,3.2123259600960146,1.3042388309048705,0.3965716016220108,1.1149439296252528,0.743046948219286,0.5611918830486425,7.387303816458592,2.37074038430562,1.5041210428543543,2.0083213139004807,1.7668389538275382,0.6039014280019245,0.6062407132243685,0.806510029717682,0.8204401931649331,0.7837109955423477,0.5913818722139673,0.524517087667162,0.5856677061261685,0.5477890818484799,0.5320513213644917,0.6070415527290668,0.5807584106391388,0.5899679363857894,0.6279866993986909,0.5693568481039152,0.6299493211674819,0.5769416808662672,0.5865159975822921,0.557570426003883,0.5455760171107344,0.5897249750874615,0.5306011496681465,"[np.float64(0.6194690265486725), np.float64(0.6304347826086957), np.float64(0.52)]","[np.float64(0.885702974776609), np.float64(0.39216354344122656), np.float64(0.6060935799782372)]","[np.float64(0.885702974776609), np.float64(0.23295454545454544), np.float64(0.6476833976833977), np.float64(0.5110864745011087)]","[np.float64(0.6991150442477876), np.float64(0.46273291925465837), np.float64(0.728)]","[np.float64(0.48672566371681414), np.float64(0.4440993788819876), np.float64(0.8)]","[np.float64(0.885702974776609), np.float64(0.08959156785243742), np.float64(0.3935483870967742), np.float64(0.21565495207667731), np.float64(0.19008264462809918), np.float64(0.4616858237547893), np.float64(0.5072463768115942)]",0.3348259826278527,0.39193038957099724,0.3377268656095344
54,3.1957414627004614,1.3263578490593477,0.38836395536971313,1.0926557040195797,0.7525086759071282,0.5738491731311726,7.1477246907061565,2.3030016730022713,1.4854909577780024,1.873741140351451,1.6994595340168441,0.6035421418153214,0.6196136701337296,0.8504364784546805,0.8502507429420505,0.825408618127786,0.674591381872214,0.6671619613670133,0.5981849502437288,0.6011407938168881,0.5622813588852528,0.6438317020342617,0.6415163859224191,0.5754051924732956,0.6066380454351189,0.5459839143852236,0.6600131918869895,0.6558314369995787,0.5643562410578117,0.6037405581503262,0.5433192586329523,0.6483586300681888,0.6462094815753352,"[np.float64(0.8716814159292036), np.float64(0.5745341614906833), np.float64(0.28)]","[np.float64(0.929872186404253), np.float64(0.5233390119250426), np.float64(0.36670293797606096)]","[np.float64(0.929872186404253), np.float64(0.11136363636363636), np.float64(0.6327220077220077), np.float64(0.5099778270509978)]","[np.float64(0.8451327433628318), np.float64(0.6149068322981367), np.float64(0.52)]","[np.float64(0.7566371681415929), np.float64(0.6428571428571429), np.float64(0.568)]","[np.float64(0.929872186404253), np.float64(0.07114624505928854), np.float64(0.5438709677419354), np.float64(0.30670926517571884), np.float64(0.09917355371900827), np.float64(0.23946360153256704), np.float64(0.391304347826087)]",0.3707241459856734,0.3687914524941226,0.36188027124041333
55,3.141506511128456,1.2987227421567953,0.3810192250473405,1.0807453180985476,0.7309563900579181,0.5677663514148549,7.09702384507267,2.326522682116364,1.4824210426573938,1.8056590783489919,1.6835629568609356,0.6429597284943308,0.5557206537890045,0.861812778603269,0.8645988112927192,0.8400817236255572,0.6849925705794948,0.6760772659732541,0.5704437375217163,0.6199651790263618,0.5991755785667727,0.6610896087342267,0.6509636322946186,0.5319687059125304,0.5928562645074528,0.5337624319275512,0.6779979112845599,0.6756742336796203,0.498337771920039,0.6036178748437894,0.5454201255208405,0.6588551442010374,0.6539341110557141,"[np.float64(0.9646017699115044), np.float64(0.391304347826087), np.float64(0.24)]","[np.float64(0.9544169211627644), np.float64(0.4596252129471891), np.float64(0.3645266594124048)]","[np.float64(0.9544169211627644), np.float64(0.0875), np.float64(0.582046332046332), np.float64(0.5110864745011087)]","[np.float64(0.9203539823008849), np.float64(0.577639751552795), np.float64(0.536)]","[np.float64(0.8938053097345132), np.float64(0.5652173913043478), np.float64(0.568)]","[np.float64(0.9544169211627644), np.float64(0.03689064558629776), np.float64(0.46774193548387094), np.float64(0.35303514376996803), np.float64(0.09917355371900827), np.float64(0.27011494252873564), np.float64(0.322463768115942)]",0.3910658822475227,0.3576909871952267,0.3617773199724352
56,3.0912934828639114,1.2803524279546927,0.3703426251176955,1.0702558030696947,0.696973657692311,0.5833787690390343,7.2389923358883275,2.3132106815672064,1.509454923143019,1.9068718122799249,1.7029194817698674,0.6102911920372386,0.6077265973254086,0.837017087667162,0.8357633729569094,0.8108748142644874,0.6656760772659732,0.6582466567607727,0.5914612506932029,0.5724068428164477,0.551865954271044,0.6309772809231878,0.6365593657572676,0.5658044302753806,0.5632757692474861,0.5683589667322866,0.6079233404789388,0.620935744517122,0.5553371970071382,0.5553177161652548,0.5577593634540189,0.6134751574870311,0.6270666559666473,"[np.float64(0.8584070796460177), np.float64(0.5590062111801242), np.float64(0.28)]","[np.float64(0.9073068657391697), np.float64(0.626916524701874), np.float64(0.15560391730141457)]","[np.float64(0.9073068657391697), np.float64(0.2125), np.float64(0.6225868725868726), np.float64(0.5310421286031042)]","[np.float64(0.7610619469026548), np.float64(0.7267080745341615), np.float64(0.336)]","[np.float64(0.6814159292035398), np.float64(0.717391304347826), np.float64(0.464)]","[np.float64(0.9073068657391697), np.float64(0.1686429512516469), np.float64(0.5903225806451613), np.float64(0.41214057507987223), np.float64(0.14049586776859505), np.float64(0.09003831417624521), np.float64(0.19927536231884058)]",0.38089633659566485,0.3583175024256473,0.3515341371124666
57,3.047634473100942,1.2640757822879933,0.36067973807539755,1.0621992109394864,0.6914543585579244,0.5726214254664331,7.22042987325425,2.3507447695519876,1.4812580799844215,1.9071689515156278,1.6880274321275932,0.6627173394362721,0.6151560178306092,0.8460252600297177,0.8472789747399703,0.8214153046062407,0.6790490341753344,0.6537890044576523,0.6336450321957569,0.6021049618781923,0.5516132745340319,0.656664109157287,0.6371943790709836,0.6306628556770919,0.6356212617456217,0.5592860977295179,0.6767951043441617,0.6711141647886549,0.6013405046576193,0.6147860962768114,0.5438262399433991,0.6633734285201854,0.6462290394317841,"[np.float64(0.9336283185840708), np.float64(0.422360248447205), np.float64(0.536)]","[np.float64(0.9242732722542699), np.float64(0.4831345826235094), np.float64(0.499455930359086)]","[np.float64(0.9242732722542699), np.float64(0.11022727272727273), np.float64(0.6172779922779923), np.float64(0.5853658536585366)]","[np.float64(0.8185840707964602), np.float64(0.6118012422360248), np.float64(0.6)]","[np.float64(0.7743362831858407), np.float64(0.5590062111801242), np.float64(0.68)]","[np.float64(0.9242732722542699), np.float64(0.08827404479578392), np.float64(0.4703225806451613), np.float64(0.3498402555910543), np.float64(0.06611570247933884), np.float64(0.3563218390804598), np.float64(0.5)]",0.3731144399284853,0.39359252783515253,0.37182729725409447
58,3.0317878982211477,1.2721517948753658,0.35227501562038704,1.0550860678721603,0.6964374466124638,0.5757143478182876,7.155102336442082,2.3139711420330875,1.4903184769769098,1.8604942623868541,1.6885189433479875,0.6254521966511135,0.5720653789004457,0.8502507429420505,0.8495542347696879,0.8248978454680534,0.6790490341753344,0.6686478454680534,0.5809272185312888,0.5998379533678334,0.5700703540232472,0.6494728579242502,0.6417127082717146,0.5362628117041354,0.6032704361031088,0.5390506657039592,0.6660694406273475,0.6621433884827498,0.5080677556732489,0.6015195138478905,0.541622118892003,0.6531619386165847,0.6488282604011504,"[np.float64(0.9424778761061947), np.float64(0.4503105590062112), np.float64(0.216)]","[np.float64(0.9278927723108246), np.float64(0.5424190800681431), np.float64(0.3394994559303591)]","[np.float64(0.9278927723108246), np.float64(0.12272727272727273), np.float64(0.6698841698841699), np.float64(0.4356984478935698)]","[np.float64(0.8584070796460177), np.float64(0.6118012422360248), np.float64(0.528)]","[np.float64(0.8097345132743363), np.float64(0.6086956521739131), np.float64(0.568)]","[np.float64(0.9278927723108246), np.float64(0.07114624505928854), np.float64(0.5806451612903226), np.float64(0.28115015974440893), np.float64(0.14049586776859505), np.float64(0.2662835249042146), np.float64(0.2608695652173913)]",0.37700511674266857,0.3612118994707208,0.3600108234183904
59,2.9459041054835766,1.2251861708537408,0.3389631236960272,1.0427916881104635,0.67180910301514,0.5533770682253365,7.084490411005671,2.2845091904660006,1.4806263761633582,1.8387284724577952,1.696282732026867,0.588226459058173,0.6210995542347697,0.8544297919762258,0.8538261515601783,0.830191307578009,0.687964338781575,0.6731054977711739,0.645166135648024,0.6131378939649786,0.5603413482860612,0.6606727282038389,0.6498852527420124,0.5595585115154179,0.6100072730326122,0.557573324952279,0.6691451290789497,0.6489916634603052,0.5505176336837044,0.6114128297230398,0.5462164119364039,0.6599043295499545,0.6493055927805528,"[np.float64(0.8495575221238938), np.float64(0.6211180124223602), np.float64(0.208)]","[np.float64(0.9359235380613052), np.float64(0.5110732538330494), np.float64(0.383025027203482)]","[np.float64(0.9359235380613052), np.float64(0.09886363636363636), np.float64(0.5757722007722008), np.float64(0.6197339246119734)]","[np.float64(0.8761061946902655), np.float64(0.6273291925465838), np.float64(0.504)]","[np.float64(0.7610619469026548), np.float64(0.6739130434782609), np.float64(0.512)]","[np.float64(0.9359235380613052), np.float64(0.06455862977602109), np.float64(0.4993548387096774), np.float64(0.3817891373801917), np.float64(0.08264462809917356), np.float64(0.25287356321839083), np.float64(0.45652173913043476)]",0.3767331642369328,0.3819522963393135,0.36938622276020544
60,2.9577752095008147,1.2309451051866314,0.3325967966314053,1.0616365098988143,0.671614914307449,0.559330193183811,7.124559836854567,2.2848713139751897,1.4882194971118554,1.8632495566008707,1.709194740485013,0.5756765702402202,0.6181277860326895,0.850482912332838,0.8494149331352154,0.8252693164933135,0.6864784546805349,0.6760772659732541,0.647202204323866,0.6037600401391807,0.557703646231459,0.656129476400492,0.6536940335022557,0.5455006504333167,0.6070214353127651,0.5749618611925619,0.6682947653859542,0.6499277011304715,0.5320356085881371,0.6053653211709938,0.5648302778096232,0.6590804327243595,0.6514111915548348,"[np.float64(0.827433628318584), np.float64(0.6490683229813664), np.float64(0.16)]","[np.float64(0.9289673113901142), np.float64(0.5308347529812606), np.float64(0.36126224156692055)]","[np.float64(0.9289673113901142), np.float64(0.19204545454545455), np.float64(0.5424710424710425), np.float64(0.6363636363636364)]","[np.float64(0.8451327433628318), np.float64(0.639751552795031), np.float64(0.52)]","[np.float64(0.7168141592920354), np.float64(0.7049689440993789), np.float64(0.528)]","[np.float64(0.9289673113901142), np.float64(0.10935441370223979), np.float64(0.4729032258064516), np.float64(0.46325878594249204), np.float64(0.2066115702479339), np.float64(0.23180076628352492), np.float64(0.3442028985507246)]",0.37477428212194924,0.3938712817033544,0.38004556197970235
61,2.9558663354478574,1.233743918608945,0.3336425037538419,1.054837414829426,0.6796679798016181,0.5540759377444615,7.257799697559029,2.3383113867451244,1.494777884256946,1.9299325309804356,1.686291467188374,0.652019921060132,0.6210995542347697,0.8436106983655275,0.8413354383358098,0.8175612927191679,0.6864784546805349,0.674591381872214,0.6405571291466462,0.6008837595663378,0.5577685915213778,0.6632253911665676,0.6580398732031574,0.5797033291192583,0.5939862520829655,0.5722351477846161,0.647015592077539,0.6438706462192418,0.5742466332324435,0.5931536841349612,0.5637495645101883,0.6525696118506098,0.6499118895900924,"[np.float64(0.8716814159292036), np.float64(0.5714285714285714), np.float64(0.296)]","[np.float64(0.9151114127361158), np.float64(0.5904599659284497), np.float64(0.2763873775843308)]","[np.float64(0.9151114127361158), np.float64(0.21704545454545454), np.float64(0.6013513513513513), np.float64(0.5554323725055432)]","[np.float64(0.7787610619469026), np.float64(0.7142857142857143), np.float64(0.448)]","[np.float64(0.6991150442477876), np.float64(0.7204968944099379), np.float64(0.512)]","[np.float64(0.9151114127361158), np.float64(0.16205533596837945), np.float64(0.5638709677419355), np.float64(0.3913738019169329), np.float64(0.1487603305785124), np.float64(0.1685823754789272), np.float64(0.2826086956521739)]",0.3795224769509308,0.37605184572471106,0.3720221536416754
62,2.905320197912728,1.219186016165535,0.3201786187539389,1.0457769441859763,0.664796691894799,0.5543893247705984,7.304653377136773,2.324773326825671,1.5022150649515034,1.9754499179319387,1.695597622444085,0.6291757069461777,0.5988112927191679,0.8204401931649331,0.8214153046062407,0.7936478454680534,0.6567607726597325,0.6463595839524517,0.6134542658796628,0.5646355258614454,0.5445038761006873,0.6378351587144023,0.6334858267642475,0.5564003737701314,0.6232559182278817,0.5690295032967821,0.6424288462595503,0.6349275728760145,0.5366425564700102,0.5878987585259586,0.5499783587679086,0.6386083722269094,0.6302607622869444,"[np.float64(0.9247787610619469), np.float64(0.5124223602484472), np.float64(0.232)]","[np.float64(0.8870037326094333), np.float64(0.5366269165247018), np.float64(0.44613710554951036)]","[np.float64(0.8870037326094333), np.float64(0.2681818181818182), np.float64(0.6486486486486487), np.float64(0.4722838137472284)]","[np.float64(0.6946902654867256), np.float64(0.6645962732919255), np.float64(0.568)]","[np.float64(0.6592920353982301), np.float64(0.6614906832298136), np.float64(0.584)]","[np.float64(0.8870037326094333), np.float64(0.19894598155467721), np.float64(0.5070967741935484), np.float64(0.28434504792332266), np.float64(0.15702479338842976), np.float64(0.34099616858237547), np.float64(0.34782608695652173)]",0.35802134291874926,0.38903408360118696,0.36681905433123335
63,2.8750260630564237,1.2147112135884988,0.3105473073892863,1.0392202350210726,0.6655741496010719,0.5491370640242588,7.2369072331165345,2.2964317469639313,1.4950317696223274,1.9504119316972681,1.7078054421733324,0.5886263018059448,0.6285289747399703,0.831119985141159,0.830284175334324,0.8042347696879644,0.6448736998514116,0.6210995542347697,0.6179292552999909,0.5843231182035687,0.5451168916161532,0.6376837513040415,0.6315687896333059,0.5731340625515308,0.6221353511185254,0.5569559102943611,0.6257924110005679,0.6077125634401509,0.5756544028573926,0.6009796756399891,0.543889232099621,0.6277874056388645,0.6058530080329386,"[np.float64(0.7699115044247787), np.float64(0.6614906832298136), np.float64(0.288)]","[np.float64(0.900294084379595), np.float64(0.5417376490630323), np.float64(0.4243743199129489)]","[np.float64(0.900294084379595), np.float64(0.17954545454545454), np.float64(0.6568532818532818), np.float64(0.4911308203991131)]","[np.float64(0.6106194690265486), np.float64(0.6987577639751553), np.float64(0.568)]","[np.float64(0.5132743362831859), np.float64(0.7018633540372671), np.float64(0.608)]","[np.float64(0.900294084379595), np.float64(0.12911725955204217), np.float64(0.5451612903225806), np.float64(0.2715654952076677), np.float64(0.12396694214876033), np.float64(0.3045977011494253), np.float64(0.41304347826086957)]",0.3642909460036408,0.38396375014584866,0.36809070455748044
64,2.7889276317169367,1.1778036570215764,0.30354354221321056,1.0040368903088155,0.6364134665154856,0.5413901900838387,7.061827880338675,2.3012028688493045,1.4820099205928317,1.7966051819770201,1.6911635239683203,0.6100393403045148,0.5884101040118871,0.8593982169390788,0.8598161218424963,0.8362741456166419,0.6820208023774146,0.6835066864784547,0.6278385468774318,0.6214801902883985,0.579527241695001,0.6610409895379429,0.6603598881900768,0.5575662434269592,0.6034565375143472,0.5364805062526805,0.6677701680133384,0.6734448780666558,0.5337457694565171,0.6118144186307309,0.546902913910404,0.6541990916729737,0.6609099373911927,"[np.float64(0.9601769911504425), np.float64(0.45652173913043476), np.float64(0.256)]","[np.float64(0.9448591788259246), np.float64(0.4988074957410562), np.float64(0.36670293797606096)]","[np.float64(0.9448591788259246), np.float64(0.10681818181818181), np.float64(0.6230694980694981), np.float64(0.47117516629711753)]","[np.float64(0.9203539823008849), np.float64(0.5869565217391305), np.float64(0.496)]","[np.float64(0.8849557522123894), np.float64(0.5993788819875776), np.float64(0.536)]","[np.float64(0.9448591788259246), np.float64(0.07509881422924901), np.float64(0.5296774193548387), np.float64(0.2827476038338658), np.float64(0.12396694214876033), np.float64(0.27586206896551724), np.float64(0.322463768115942)]",0.3930168314496549,0.36495368506772824,0.3706710344037412
65,2.7890433141571473,1.196643783022642,0.29459311375975283,1.003213304753935,0.6390122264465556,0.5576315546792401,7.104316882634375,2.282783911914429,1.4903543526058027,1.8408242729368125,1.6930842901903373,0.5896996261900186,0.6077265973254086,0.8624164190193165,0.8608841010401189,0.8391994799405647,0.6731054977711739,0.662704309063893,0.6193732827019851,0.6268479628418083,0.58137272840856,0.6469306592494999,0.6409093144000969,0.5871409882922003,0.5766213173806441,0.5359086753404145,0.6466208615035086,0.6577477051613259,0.5774213070143374,0.5969930336613585,0.543313319432394,0.6386382007963187,0.6474204018858488,"[np.float64(0.8761061946902655), np.float64(0.5093167701863354), np.float64(0.376)]","[np.float64(0.9513064133016627), np.float64(0.5141396933560477), np.float64(0.264417845484222)]","[np.float64(0.9513064133016627), np.float64(0.08636363636363636), np.float64(0.5516409266409267), np.float64(0.5543237250554324)]","[np.float64(0.8849557522123894), np.float64(0.6149068322981367), np.float64(0.44)]","[np.float64(0.7743362831858407), np.float64(0.6149068322981367), np.float64(0.584)]","[np.float64(0.9513064133016627), np.float64(0.05928853754940711), np.float64(0.4993548387096774), np.float64(0.41054313099041534), np.float64(0.09917355371900827), np.float64(0.1896551724137931), np.float64(0.23550724637681159)]",0.3975865417938894,0.34926127043725363,0.35932900749203417
66,2.7615471794949635,1.1747354497489297,0.2914608038971658,1.0038901227358843,0.6351794733290466,0.5395559768697594,7.2222737714161855,2.314600757038558,1.4929993251664702,1.921674358738636,1.7158644372702352,0.598736313003107,0.62555720653789,0.8463502971768202,0.8467682020802377,0.8212295690936107,0.6701337295690936,0.637444279346211,0.6093994361541318,0.5986945370945681,0.5588534317019465,0.6471937888151995,0.6308372114287658,0.5956631671522014,0.6076926509698343,0.5480869743942929,0.6620442294655454,0.6386900456219425,0.5941229273069059,0.6027092679799155,0.5516457015625691,0.6532039789752043,0.6276316352578805,"[np.float64(0.7876106194690266), np.float64(0.5993788819875776), np.float64(0.4)]","[np.float64(0.9274403348037552), np.float64(0.49846678023850083), np.float64(0.397170837867247)]","[np.float64(0.9274403348037552), np.float64(0.1625), np.float64(0.597972972972973), np.float64(0.5044345898004434)]","[np.float64(0.7654867256637168), np.float64(0.6366459627329193), np.float64(0.584)]","[np.float64(0.6283185840707964), np.float64(0.639751552795031), np.float64(0.648)]","[np.float64(0.9274403348037552), np.float64(0.12911725955204217), np.float64(0.47935483870967743), np.float64(0.30990415335463256), np.float64(0.10743801652892562), np.float64(0.3065134099616858), np.float64(0.286231884057971)]",0.3642554975546793,0.36371427099552717,0.3624788726102302
67,2.7624669827913144,1.196200009856515,0.27788978270213693,1.010487397461607,0.6343137921009392,0.561886218623758,7.257703557566295,2.35307709258105,1.4921482681166878,1.9203299177860294,1.6779318467799562,0.6751452516819674,0.5676077265973254,0.8409639673105498,0.8428677563150074,0.8157968053491828,0.6775631500742942,0.662704309063893,0.6236857482841418,0.586346283090528,0.5666923128839436,0.649400289969685,0.6386732381954207,0.5380516315799116,0.6123687575379181,0.5512691812603825,0.6662833690613607,0.6564285164623757,0.5135322150414676,0.5971708798304589,0.5536773135742139,0.6554750261219886,0.6453085996836768,"[np.float64(0.9424778761061947), np.float64(0.43167701863354035), np.float64(0.24)]","[np.float64(0.9190136862345889), np.float64(0.5045996592844975), np.float64(0.4134929270946681)]","[np.float64(0.9190136862345889), np.float64(0.2056818181818182), np.float64(0.638030888030888), np.float64(0.442350332594235)]","[np.float64(0.8053097345132744), np.float64(0.6335403726708074), np.float64(0.56)]","[np.float64(0.7610619469026548), np.float64(0.6242236024844721), np.float64(0.584)]","[np.float64(0.9190136862345889), np.float64(0.11067193675889328), np.float64(0.5270967741935484), np.float64(0.2380191693290735), np.float64(0.18181818181818182), np.float64(0.289272030651341), np.float64(0.34782608695652173)]",0.3665475605124348,0.3733882665631641,0.3609652345596951
68,2.71137085328988,1.1676172037207753,0.27827726434287986,0.9871991231073346,0.617869892221153,0.5497473124835619,7.206224502371044,2.3018051492000544,1.4950523330479064,1.9143147029933307,1.6837945377083843,0.6180106154712088,0.5988112927191679,0.8381779346210996,0.836831352154532,0.812035661218425,0.6805349182763745,0.6775631500742942,0.6137381404174573,0.5907938408759676,0.560000289374618,0.6556674237382302,0.6580720155988973,0.5599755950090695,0.5985441275485951,0.5591111885152642,0.6489609556789241,0.659559977280639,0.5431742170872607,0.5936931727763871,0.5570053757249578,0.6512526830439285,0.6585757774276318,"[np.float64(0.911504424778761), np.float64(0.5124223602484472), np.float64(0.256)]","[np.float64(0.9123402330053162), np.float64(0.5492333901192504), np.float64(0.3340587595212187)]","[np.float64(0.9123402330053162), np.float64(0.2318181818181818), np.float64(0.5989382239382239), np.float64(0.4933481152993348)]","[np.float64(0.7743362831858407), np.float64(0.6925465838509317), np.float64(0.48)]","[np.float64(0.7212389380530974), np.float64(0.6894409937888198), np.float64(0.568)]","[np.float64(0.9123402330053162), np.float64(0.15019762845849802), np.float64(0.5303225806451612), np.float64(0.31150159744408945), np.float64(0.19834710743801653), np.float64(0.22796934865900384), np.float64(0.2971014492753623)]",0.37486202290229825,0.3753971349893496,0.37022709366736883
69,2.694186217377923,1.1532742463401824,0.26967699181339816,1.001557984478558,0.5946906903497837,0.5585835562324373,7.300669771981169,2.2960930670050557,1.510582516030671,1.9834116891866622,1.6950035441876872,0.6010895287866762,0.586924219910847,0.8040026002971769,0.813150074294205,0.7795319465081724,0.6181277860326895,0.5913818722139673,0.5889890814388621,0.5400295664022976,0.5412308804658396,0.6163041493186543,0.6070251567508759,0.562292236940948,0.6153067633795796,0.5617161673591269,0.6335172868685759,0.6182614558713058,0.5506177834347697,0.5578400525502801,0.542722756529963,0.6110714677844435,0.5886517302539417,"[np.float64(0.8539823008849557), np.float64(0.4968944099378882), np.float64(0.336)]","[np.float64(0.8791991856124872), np.float64(0.43679727427597953), np.float64(0.529923830250272)]","[np.float64(0.8791991856124872), np.float64(0.28295454545454546), np.float64(0.6312741312741312), np.float64(0.4534368070953437)]","[np.float64(0.6460176991150443), np.float64(0.5745341614906833), np.float64(0.68)]","[np.float64(0.5486725663716814), np.float64(0.562111801242236), np.float64(0.744)]","[np.float64(0.8791991856124872), np.float64(0.14097496706192358), np.float64(0.4103225806451613), np.float64(0.24121405750798722), np.float64(0.2396694214876033), np.float64(0.4118773946360153), np.float64(0.37681159420289856)]",0.3453108612292894,0.3857241715934395,0.34699177979586526
70,2.6248965446218553,1.1357034036167917,0.262679242903656,0.9638346541428907,0.5939208281835913,0.5417825756818161,7.131183850659108,2.311277793493752,1.4852457184466128,1.8494146308842327,1.6905885489121388,0.6206892439073024,0.563150074294205,0.8552191679049034,0.8540118870728083,0.830005572065379,0.6864784546805349,0.674591381872214,0.5719338671969473,0.6112196442926126,0.5647096841110214,0.6594915316758706,0.6464291027066849,0.5422239322816468,0.6017272069425577,0.5529216939317745,0.6731317906154382,0.6684828230638158,0.5142213034778976,0.6063421557053658,0.5473687950715296,0.6596134356657606,0.6533117589380618,"[np.float64(0.9336283185840708), np.float64(0.41304347826086957), np.float64(0.28)]","[np.float64(0.9371111865173622), np.float64(0.520954003407155), np.float64(0.3471164309031556)]","[np.float64(0.9371111865173622), np.float64(0.11136363636363636), np.float64(0.5767374517374517), np.float64(0.5864745011086474)]","[np.float64(0.8938053097345132), np.float64(0.6055900621118012), np.float64(0.52)]","[np.float64(0.831858407079646), np.float64(0.6055900621118012), np.float64(0.568)]","[np.float64(0.9371111865173622), np.float64(0.028985507246376812), np.float64(0.5187096774193548), np.float64(0.402555910543131), np.float64(0.1652892561983471), np.float64(0.23563218390804597), np.float64(0.30434782608695654)]",0.36814593342718754,0.3703759354170821,0.3580142174446878
71,2.6404764961786693,1.1497224610731784,0.25609408855199756,0.9785658570547249,0.5942298529071259,0.5554926090237111,7.188524107551009,2.319324916477373,1.4873565771459472,1.8944860484550543,1.6997806682784762,0.6195442400408427,0.6106983655274889,0.8529903417533432,0.8515973254086181,0.8281017830609212,0.6775631500742942,0.649331352154532,0.6044712599967487,0.6088166283551298,0.5577153088312614,0.6507313046279576,0.6307848065912581,0.5879495776763957,0.5952258271586582,0.5558540418363502,0.6546782462119131,0.6417075431942689,0.5819858685176574,0.601667897094207,0.5545082639899199,0.6490956053016288,0.6337702053298383,"[np.float64(0.8141592920353983), np.float64(0.5496894409937888), np.float64(0.4)]","[np.float64(0.9353579911774687), np.float64(0.5206132879045997), np.float64(0.3297062023939064)]","[np.float64(0.9353579911774687), np.float64(0.15568181818181817), np.float64(0.5492277992277992), np.float64(0.5831485587583148)]","[np.float64(0.8362831858407079), np.float64(0.639751552795031), np.float64(0.488)]","[np.float64(0.6902654867256637), np.float64(0.6428571428571429), np.float64(0.592)]","[np.float64(0.9353579911774687), np.float64(0.10540184453227931), np.float64(0.48774193548387096), np.float64(0.3769968051118211), np.float64(0.18181818181818182), np.float64(0.210727969348659), np.float64(0.32971014492753625)]",0.3768409184971597,0.37539355319997386,0.3714815104196397
72,2.6023532289567615,1.1114131462536456,0.26109291687023456,0.9687542476598432,0.5709661197993124,0.5404470269265716,7.190209115648128,2.320974212018248,1.4851247733707598,1.8989853703303579,1.7053923384018397,0.6155818742354475,0.612184249628529,0.8589338781575037,0.8567979197622585,0.8344632243684993,0.6760772659732541,0.6359583952451708,0.5887760824803636,0.626987582195489,0.5768010837564139,0.6454927346016456,0.6222675950530906,0.5537743820883491,0.6036635753768089,0.5491946412372155,0.6469897213213874,0.6111115996995181,0.5551095499781358,0.6145422349919999,0.5583457334922142,0.644270673888986,0.6137878370795439,"[np.float64(0.7389380530973452), np.float64(0.6583850931677019), np.float64(0.264)]","[np.float64(0.9419748897183576), np.float64(0.5175468483816014), np.float64(0.3514689880304679)]","[np.float64(0.9419748897183576), np.float64(0.14886363636363636), np.float64(0.5704633204633205), np.float64(0.5354767184035477)]","[np.float64(0.8185840707964602), np.float64(0.6583850931677019), np.float64(0.464)]","[np.float64(0.6238938053097345), np.float64(0.6894409937888198), np.float64(0.52)]","[np.float64(0.9419748897183576), np.float64(0.10935441370223979), np.float64(0.48516129032258065), np.float64(0.38817891373801916), np.float64(0.14049586776859505), np.float64(0.27011494252873564), np.float64(0.286231884057971)]",0.3997900737118081,0.37450174311949985,0.38319637102415643
73,2.5400213010275134,1.1103218375949582,0.24527105565584734,0.939157349623746,0.5709597965204912,0.5393620411060371,7.21177359787576,2.318098834077399,1.4941338329003897,1.905407097290107,1.6958815602237465,0.6222172704378823,0.6077265973254086,0.843099925705795,0.8423569836552749,0.8179791976225854,0.6716196136701337,0.6641901931649331,0.6050985375423578,0.5879670778582805,0.5626710178847014,0.6377574023085945,0.6413788619945602,0.5848849557522123,0.6004246665155892,0.5559599805839524,0.6462676120852343,0.6568965352974588,0.569876076282097,0.5937698598206735,0.5580666966537313,0.6407983244705654,0.6460830130562388,"[np.float64(0.9026548672566371), np.float64(0.5), np.float64(0.352)]","[np.float64(0.9221241940956906), np.float64(0.5178875638841567), np.float64(0.36126224156692055)]","[np.float64(0.9221241940956906), np.float64(0.22840909090909092), np.float64(0.569980694980695), np.float64(0.5033259423503326)]","[np.float64(0.8097345132743363), np.float64(0.6490683229813664), np.float64(0.48)]","[np.float64(0.7389380530973452), np.float64(0.639751552795031), np.float64(0.592)]","[np.float64(0.9221241940956906), np.float64(0.13175230566534915), np.float64(0.4774193548387097), np.float64(0.36900958466453676), np.float64(0.2231404958677686), np.float64(0.27011494252873564), np.float64(0.2608695652173913)]",0.3783896700041479,0.3792043489825973,0.3719038588206796
74,2.5597558921904753,1.1259309077147175,0.24609032803353761,0.9416443264638308,0.580059386973543,0.5458715205649072,7.183663970992544,2.306008012429189,1.4829042697165062,1.9118474035659248,1.6916670795718003,0.6143409350240266,0.5839524517087668,0.8418462109955424,0.8430534918276374,0.8168647845468053,0.6701337295690936,0.6523031203566122,0.5931186868686869,0.5928312408349515,0.5459167211573902,0.647342232930952,0.6374762432689262,0.5243295040216933,0.6275766881662196,0.5574770053651275,0.6716482163469467,0.6498640869198776,0.5037161868641357,0.6065097923425693,0.5418446258514749,0.6553839133361811,0.6401980718747112,"[np.float64(0.8539823008849557), np.float64(0.5590062111801242), np.float64(0.16)]","[np.float64(0.9189571315462052), np.float64(0.4936967632027257), np.float64(0.470076169749728)]","[np.float64(0.9189571315462052), np.float64(0.12613636363636363), np.float64(0.6216216216216216), np.float64(0.5631929046563193)]","[np.float64(0.7964601769911505), np.float64(0.6024844720496895), np.float64(0.616)]","[np.float64(0.6858407079646017), np.float64(0.639751552795031), np.float64(0.624)]","[np.float64(0.9189571315462052), np.float64(0.08432147562582346), np.float64(0.5096774193548387), np.float64(0.2763578274760383), np.float64(0.14049586776859505), np.float64(0.3007662835249042), np.float64(0.5144927536231884)]",0.3658002019465131,0.39215267984565616,0.36662834638812924
75,2.5283152882129976,1.1042107856011305,0.24097039365556427,0.9421637180330564,0.569757781264283,0.5344530055601949,7.108088392885927,2.2737613548510858,1.4874485674526996,1.859429935673224,1.6972586181821738,0.5765027314734035,0.5839524517087668,0.850761515601783,0.8468146359583952,0.8229476225854383,0.6775631500742942,0.6671619613670133,0.5951307758425415,0.6068165891675809,0.5741123713760741,0.6450881694244526,0.6456253354804079,0.5418359442276334,0.6114176336858116,0.5302986763935579,0.6497838362740248,0.6478589200974735,0.5301505782794264,0.6089583816462142,0.534737009072779,0.6450663113141697,0.646357138172995,"[np.float64(0.8495575221238938), np.float64(0.5279503105590062), np.float64(0.248)]","[np.float64(0.9258568035290126), np.float64(0.5536626916524702), np.float64(0.35473340587595215)]","[np.float64(0.9258568035290126), np.float64(0.15), np.float64(0.6761583011583011), np.float64(0.369179600886918)]","[np.float64(0.8362831858407079), np.float64(0.6490683229813664), np.float64(0.464)]","[np.float64(0.7256637168141593), np.float64(0.6739130434782609), np.float64(0.544)]","[np.float64(0.9258568035290126), np.float64(0.07905138339920949), np.float64(0.5883870967741935), np.float64(0.22843450479233227), np.float64(0.18181818181818182), np.float64(0.28544061302681994), np.float64(0.2391304347826087)]",0.3841126991974737,0.3611598597317655,0.35850979189157284
76,2.4656000319393034,1.078968270004401,0.22773177479099768,0.9311682082098628,0.541701745266921,0.537266523251047,7.042995246298589,2.293759411449602,1.4747421607065625,1.7997515123746515,1.6826090080448004,0.611150407163255,0.5854383358098069,0.861905646359584,0.862277117384844,0.8390137444279346,0.6849925705794948,0.6864784546805349,0.6660446658712215,0.6340172017014122,0.5773254017212222,0.6623650377548226,0.6639042867739063,0.5453246853185291,0.6122632807982972,0.5295703255220012,0.6830771542168234,0.681531358214698,0.5298623273010313,0.6197795871013064,0.5375131651849844,0.6647320893185895,0.6704570603665695,"[np.float64(0.9070796460176991), np.float64(0.4968944099378882), np.float64(0.232)]","[np.float64(0.9532292727067074), np.float64(0.44395229982964224), np.float64(0.4396082698585419)]","[np.float64(0.9532292727067074), np.float64(0.07386363636363637), np.float64(0.569015444015444), np.float64(0.5221729490022173)]","[np.float64(0.8893805309734514), np.float64(0.5838509316770186), np.float64(0.576)]","[np.float64(0.8141592920353983), np.float64(0.6304347826086957), np.float64(0.6)]","[np.float64(0.9532292727067074), np.float64(0.03689064558629776), np.float64(0.4703225806451613), np.float64(0.26038338658146964), np.float64(0.1322314049586777), np.float64(0.2796934865900383), np.float64(0.4782608695652174)]",0.39070715569850145,0.3730016638047956,0.36827764657303863
77,2.5098201300827503,1.1016305353286764,0.23717670310845979,0.9338361937254744,0.5551853498745981,0.5464451864340716,7.093421999707774,2.2827206676720864,1.479024573320451,1.8526521708915777,1.690857328363979,0.591863338070029,0.5898959881129272,0.8568907875185735,0.8548012630014858,0.8313521545319466,0.6983655274888558,0.6805349182763745,0.593173843514443,0.6232889790286613,0.5678641816547174,0.6775308052630008,0.6587786197739564,0.5662489968669269,0.6183158842732319,0.533927064381014,0.6876843474596456,0.6746247457813445,0.5505688497540879,0.620238721204668,0.5360601193965584,0.6784582369735502,0.6652447057586088,"[np.float64(0.8893805309734514), np.float64(0.4813664596273292), np.float64(0.328)]","[np.float64(0.9393168193643253), np.float64(0.49778534923339013), np.float64(0.4178454842219804)]","[np.float64(0.9393168193643253), np.float64(0.0875), np.float64(0.6177606177606177), np.float64(0.4911308203991131)]","[np.float64(0.8584070796460177), np.float64(0.6366459627329193), np.float64(0.568)]","[np.float64(0.7699115044247787), np.float64(0.6459627329192547), np.float64(0.608)]","[np.float64(0.9393168193643253), np.float64(0.06982872200263504), np.float64(0.5045161290322581), np.float64(0.29073482428115016), np.float64(0.09090909090909091), np.float64(0.3218390804597701), np.float64(0.358695652173913)]",0.3935236310144615,0.3679771883175918,0.36875843076261555
78,2.4756542109122206,1.090494695451172,0.22589697460315655,0.9333655650247209,0.556077730213285,0.5344169646985618,7.088959069917039,2.2878683554312595,1.4793936272403252,1.8423034936101217,1.705418709831351,0.5824496469706385,0.5676077265973254,0.861255572065379,0.8602804606240714,0.8372492570579495,0.6820208023774146,0.6597325408618128,0.5990497076023392,0.6285672391787931,0.5795431953010329,0.6565010195740246,0.6407975413452615,0.5052821048388575,0.5987541734740253,0.5519556608785942,0.6632454240642005,0.6339584089118525,0.4864943542765478,0.6124412430732032,0.5564699373343742,0.6554026833537939,0.6371400475118675,"[np.float64(0.8097345132743363), np.float64(0.562111801242236), np.float64(0.144)]","[np.float64(0.9474041398031897), np.float64(0.5039182282793867), np.float64(0.34494015233949943)]","[np.float64(0.9474041398031897), np.float64(0.12727272727272726), np.float64(0.5477799227799228), np.float64(0.5853658536585366)]","[np.float64(0.8584070796460177), np.float64(0.6273291925465838), np.float64(0.504)]","[np.float64(0.7035398230088495), np.float64(0.6863354037267081), np.float64(0.512)]","[np.float64(0.9474041398031897), np.float64(0.08959156785243742), np.float64(0.48258064516129034), np.float64(0.36421725239616615), np.float64(0.1322314049586777), np.float64(0.22030651340996169), np.float64(0.37681159420289856)]",0.39487498274066396,0.3733061596835173,0.3762931389477126
79,2.4258044033865516,1.0703716395526226,0.2181739355503871,0.9190848871298085,0.5344320444456756,0.5359395937415334,7.160144902124603,2.313570905863708,1.488665214278224,1.869243535868138,1.68124138919819,0.6323295222368721,0.5928677563150074,0.8610234026745914,0.8580052005943536,0.8363205794947994,0.6849925705794948,0.6790490341753344,0.6098112492214369,0.6298556074676082,0.5641777827788484,0.6594107538551982,0.6525524719902293,0.5687591198079848,0.5701240678430263,0.5457580773766829,0.6392122977702046,0.6458545594459407,0.5549759599709512,0.5883843942481959,0.5464733467023015,0.6390384692440826,0.6483685182253978,"[np.float64(0.8938053097345132), np.float64(0.484472049689441), np.float64(0.328)]","[np.float64(0.946159936658749), np.float64(0.5509369676320273), np.float64(0.2132752992383025)]","[np.float64(0.946159936658749), np.float64(0.10681818181818181), np.float64(0.5424710424710425), np.float64(0.5875831485587583)]","[np.float64(0.8584070796460177), np.float64(0.6832298136645962), np.float64(0.376)]","[np.float64(0.7699115044247787), np.float64(0.6956521739130435), np.float64(0.472)]","[np.float64(0.946159936658749), np.float64(0.08827404479578392), np.float64(0.5096774193548387), np.float64(0.42012779552715657), np.float64(0.09090909090909091), np.float64(0.12452107279693486), np.float64(0.3079710144927536)]",0.41073332960000924,0.35537719636218673,0.36289975394842694
80,2.4374767313912873,1.07634660562658,0.21645074158263308,0.9282286428699221,0.5249132730859168,0.5514333338008426,7.084071459331569,2.3058675492198955,1.479153568383848,1.8198967277119351,1.679245627244785,0.6266219214445052,0.5393759286775631,0.8610234026745914,0.8604661961367014,0.837667161961367,0.687964338781575,0.6731054977711739,0.5635141379361742,0.6271053228253766,0.579616561277909,0.6666460932957646,0.6487587820702789,0.5195746349328496,0.5966541175560057,0.5266643426144976,0.6766779164147382,0.6720297550339874,0.4871708290859667,0.6103186898646883,0.5308422782671303,0.6633499694099539,0.6546905598186773,"[np.float64(0.9380530973451328), np.float64(0.37267080745341613), np.float64(0.248)]","[np.float64(0.950401538287524), np.float64(0.47938671209540035), np.float64(0.3601741022850925)]","[np.float64(0.950401538287524), np.float64(0.060227272727272727), np.float64(0.584942084942085), np.float64(0.5110864745011087)]","[np.float64(0.9026548672566371), np.float64(0.5993788819875776), np.float64(0.528)]","[np.float64(0.8451327433628318), np.float64(0.5869565217391305), np.float64(0.584)]","[np.float64(0.950401538287524), np.float64(0.014492753623188406), np.float64(0.5258064516129032), np.float64(0.2571884984025559), np.float64(0.1487603305785124), np.float64(0.22796934865900384), np.float64(0.40217391304347827)]",0.3825327108407603,0.360970404886738,0.35691709781429404
