epoch,train_loss,train_od_loss,train_sc_loss,train_dc_loss,train_label_loss,train_box_loss,val_loss,val_od_loss,val_sc_loss,val_dc_loss,val_label_loss,val_box_loss,val_od_vessel_sten_overall_acc,val_sc_cube_sten_overall_acc,val_sc_cube_plaq_overall_acc,val_sc_cube_joint_overall_acc,val_sc_vessel_sten_overall_acc,val_od_and_sc_vessel_sten_overall_acc,val_od_vessel_sten_macro_precision,val_sc_cube_sten_macro_precision,val_sc_cube_plaq_macro_precision,val_sc_vessel_sten_macro_precision,val_od_and_sc_vessel_sten_macro_precision,val_od_vessel_sten_macro_recall,val_sc_cube_sten_macro_recall,val_sc_cube_plaq_macro_recall,val_sc_vessel_sten_macro_recall,val_od_and_sc_vessel_sten_macro_recall,val_od_vessel_sten_macro_f1,val_sc_cube_sten_macro_f1,val_sc_cube_plaq_macro_f1,val_sc_vessel_sten_macro_f1,val_od_and_sc_vessel_sten_macro_f1,val_od_vessel_sten_per_class_recall,val_sc_cube_sten_per_class_recall,val_sc_cube_plaq_per_class_recall,val_sc_vessel_sten_per_class_recall,val_od_and_sc_vessel_sten_per_class_recall,val_sc_cube_joint_per_class_recall,val_sc_cube_joint_macro_precision,val_sc_cube_joint_macro_recall,val_sc_cube_joint_macro_f1
1,3.9994100905575993,2.201053395067568,1.2718452022405669,0.5265114887243947,1.7100506994852238,0.4910026957980741,4.569996125620268,2.1489922459118445,1.5829725743047562,0.8380313080566927,1.8168406019578702,0.33215164260535285,0.4606240713224368,0.8488577265973254,0.8451894502228826,0.8329773402674592,0.5601783060921248,0.5720653789004457,0.31518351249920484,0.6084876118114151,0.33961793144917835,0.5572314192221133,0.5606910098951735,0.41325418201139635,0.44845587426208144,0.33628172412317303,0.5353165136774217,0.5378816028142692,0.32795905310300705,0.48133181466484914,0.3346237580211863,0.5145093047330156,0.5269990163012929,"[np.float64(0.9292035398230089), np.float64(0.3105590062111801), np.float64(0.0)]","[np.float64(0.9875014138672096), np.float64(0.24361158432708688), np.float64(0.11425462459194777)]","[np.float64(0.9875014138672096), np.float64(0.0), np.float64(0.3576254826254826), np.float64(0.0)]","[np.float64(0.8849557522123894), np.float64(0.4409937888198758), np.float64(0.28)]","[np.float64(0.827433628318584), np.float64(0.5062111801242236), np.float64(0.28)]","[np.float64(0.9875014138672096), np.float64(0.0), np.float64(0.2645161290322581), np.float64(0.0), np.float64(0.0), np.float64(0.13026819923371646), np.float64(0.0)]",0.2067442154478178,0.197469391733312,0.1985532658526885
2,3.6472314345718777,1.9705808159742653,1.14265634656205,0.5339942714883446,1.6334446631582444,0.33713615328431296,4.490074666388311,2.1149109216401416,1.5621005972344373,0.8130631344254717,1.7651843387932027,0.34972658954582864,0.4413075780089153,0.8600947251114414,0.8536404160475483,0.8386887072808321,0.6077265973254086,0.6077265973254086,0.30421699731857255,0.6565842284520729,0.4741834840784742,0.647655888532399,0.647655888532399,0.40683229813664595,0.48254199159079963,0.3833349043722139,0.5599157917880503,0.5599157917880503,0.30127856159929833,0.5167966104754342,0.39504391935778616,0.5376723685949517,0.5376723685949517,"[np.float64(1.0), np.float64(0.2204968944099379), np.float64(0.0)]","[np.float64(0.9820721637823776), np.float64(0.3621805792163543), np.float64(0.10337323177366703)]","[np.float64(0.9820721637823776), np.float64(0.0), np.float64(0.44594594594594594), np.float64(0.10532150776053215)]","[np.float64(0.9469026548672567), np.float64(0.5248447204968945), np.float64(0.208)]","[np.float64(0.9469026548672567), np.float64(0.5248447204968945), np.float64(0.208)]","[np.float64(0.9820721637823776), np.float64(0.0), np.float64(0.41870967741935483), np.float64(0.0), np.float64(0.0), np.float64(0.0019157088122605363), np.float64(0.17028985507246377)]",0.3560676333412797,0.22471248644092243,0.21755946438966292
3,3.497984423139001,1.9084596445120998,1.0774749353801631,0.5120498420681152,1.5777469855538533,0.3307126584478607,4.506459275763537,2.1128564503497116,1.5509537164818286,0.8426490993811044,1.7845477799633491,0.32830866744592563,0.5898959881129272,0.8627414561664191,0.8585624071322436,0.8386887072808321,0.6240713224368499,0.6523031203566122,0.726224238986576,0.6392087794009963,0.500803551530834,0.6324166912988203,0.648642855500891,0.4979120907308672,0.5364764861955117,0.40901077208540565,0.588809395555067,0.5970451638908737,0.4409468777699825,0.5725470742441434,0.4154421020383629,0.5734577943067205,0.5987347174453342,"[np.float64(0.8584070796460177), np.float64(0.6273291925465838), np.float64(0.008)]","[np.float64(0.9766429136975455), np.float64(0.361839863713799), np.float64(0.27094668117519044)]","[np.float64(0.9766429136975455), np.float64(0.0), np.float64(0.5352316602316602), np.float64(0.12416851441241686)]","[np.float64(0.9424778761061947), np.float64(0.5279503105590062), np.float64(0.296)]","[np.float64(0.827433628318584), np.float64(0.6677018633540373), np.float64(0.296)]","[np.float64(0.9766429136975455), np.float64(0.0), np.float64(0.41870967741935483), np.float64(0.0), np.float64(0.0), np.float64(0.1475095785440613), np.float64(0.2427536231884058)]",0.25925153088713965,0.25508797040705244,0.2545036986922383
4,3.405017736246862,1.8598057613997472,1.0412979858301286,0.5039139936946458,1.530309267152669,0.3294964945101637,4.440348020293238,2.083370985192432,1.5543169699366086,0.8026600490691754,1.769490520395228,0.313880461370379,0.4591381872213967,0.8642273402674592,0.8596768202080238,0.8420783803863299,0.5943536404160475,0.5958395245170877,0.31317898625590934,0.6591372920019859,0.5205985423279825,0.6329122503424904,0.6338805416879758,0.4192546583850931,0.5194520822238505,0.40166119958353896,0.5634659484417083,0.564501145129079,0.31908787396888283,0.5622362372602422,0.4155368888838382,0.5385226033264491,0.5397863899592674,"[np.float64(1.0), np.float64(0.2577639751552795), np.float64(0.0)]","[np.float64(0.9825811559778306), np.float64(0.351618398637138), np.float64(0.22415669205658323)]","[np.float64(0.9825811559778306), np.float64(0.0), np.float64(0.49324324324324326), np.float64(0.13082039911308205)]","[np.float64(0.9778761061946902), np.float64(0.45652173913043476), np.float64(0.256)]","[np.float64(0.9778761061946902), np.float64(0.45962732919254656), np.float64(0.256)]","[np.float64(0.9825811559778306), np.float64(0.0), np.float64(0.4070967741935484), np.float64(0.0), np.float64(0.0), np.float64(0.11685823754789272), np.float64(0.25)]",0.2707410143661019,0.2509337382456102,0.25515015713140615
5,3.3632935092568736,1.8417344126261055,1.0123929385527295,0.509166152490103,1.5233540380594588,0.3183803743535474,4.433776130308384,2.072972711540471,1.547011189361708,0.813792247446779,1.7516027671293264,0.3213699448864785,0.5022288261515602,0.861441307578009,0.8581445022288261,0.836738484398217,0.6225854383358098,0.6270430906389302,0.34419173392027386,0.63144382410147,0.5265921953179392,0.6306427173897053,0.6335780972900086,0.4492753623188406,0.5375612166850382,0.41741802414525603,0.5898453984133092,0.5929509884754209,0.35869731800766286,0.5714148339169716,0.41888053901538547,0.573724414550797,0.5774254936842712,"[np.float64(1.0), np.float64(0.34782608695652173), np.float64(0.0)]","[np.float64(0.9712702183010972), np.float64(0.3911413969335605), np.float64(0.250272034820457)]","[np.float64(0.9712702183010972), np.float64(0.0), np.float64(0.5786679536679536), np.float64(0.1197339246119734)]","[np.float64(0.9469026548672567), np.float64(0.5186335403726708), np.float64(0.304)]","[np.float64(0.9469026548672567), np.float64(0.5279503105590062), np.float64(0.304)]","[np.float64(0.9712702183010972), np.float64(0.0), np.float64(0.4567741935483871), np.float64(0.009584664536741214), np.float64(0.0), np.float64(0.14367816091954022), np.float64(0.20652173913043478)]",0.31171801117843145,0.25540413949088575,0.25606387878541736
6,3.346687912141199,1.8356586838362074,0.9984170841474065,0.5126121468831506,1.5184453944386231,0.3172132899842651,4.427077956298692,2.0655944297858446,1.5320174998274896,0.8294660247398059,1.7547254976249944,0.3108689345264647,0.575037147102526,0.8626021545319466,0.8646452451708767,0.8399424219910847,0.6478454680534919,0.6552748885586924,0.6255641521598968,0.6386890598077333,0.5205667676906929,0.647863245346383,0.6519085528422077,0.5060160867733011,0.5678784198559617,0.4809663350430832,0.6107640667656057,0.6133016728045585,0.45708084335325316,0.5956680907682067,0.4936016083029923,0.6047911386554524,0.611490556446813,"[np.float64(0.9292035398230089), np.float64(0.5248447204968945), np.float64(0.064)]","[np.float64(0.9681031557516118), np.float64(0.38841567291311757), np.float64(0.3471164309031556)]","[np.float64(0.9681031557516118), np.float64(0.0), np.float64(0.5477799227799228), np.float64(0.4079822616407982)]","[np.float64(0.8982300884955752), np.float64(0.5900621118012422), np.float64(0.344)]","[np.float64(0.8716814159292036), np.float64(0.6242236024844721), np.float64(0.344)]","[np.float64(0.9681031557516118), np.float64(0.0), np.float64(0.47483870967741937), np.float64(0.039936102236421724), np.float64(0.0), np.float64(0.08620689655172414), np.float64(0.5978260869565217)]",0.31820894387162174,0.30955870731052837,0.2821242155737051
7,3.319593552289541,1.8229459912994992,0.9798560962212498,0.5167914682651981,1.5071835693729632,0.3157624197850204,4.463343144878082,2.0966754327542,1.5377194708108195,0.8289482322927753,1.7767000382307376,0.31997539330749203,0.5661218424962853,0.8604661961367014,0.861534175334324,0.836738484398217,0.6329866270430906,0.6329866270430906,0.6162686570069752,0.627604228628562,0.5317926516862038,0.63070300701249,0.627077662856106,0.5215811942322138,0.5695973808363783,0.4594210420006289,0.6058736876820755,0.6041147694168086,0.4877147970716438,0.5924132452010507,0.4700876013785009,0.5938340535948211,0.5942223305704534,"[np.float64(0.9513274336283186), np.float64(0.453416149068323), np.float64(0.16)]","[np.float64(0.9654450853975794), np.float64(0.38534923339011923), np.float64(0.35799782372143635)]","[np.float64(0.9654450853975794), np.float64(0.0), np.float64(0.5950772200772201), np.float64(0.2771618625277162)]","[np.float64(0.9203539823008849), np.float64(0.5372670807453416), np.float64(0.36)]","[np.float64(0.9026548672566371), np.float64(0.5496894409937888), np.float64(0.36)]","[np.float64(0.9654450853975794), np.float64(0.0), np.float64(0.46), np.float64(0.027156549520766772), np.float64(0.0), np.float64(0.1743295019157088), np.float64(0.463768115942029)]",0.3222253457814657,0.2986713218251548,0.2876228825422223
8,3.2655039352212247,1.7800847386972884,0.9664852750135091,0.5189339249515853,1.4662461538330815,0.3138385853351299,4.529806410169743,2.1114531369874316,1.5516652420649544,0.8666880189134388,1.7864494093801573,0.3250037260596759,0.6092124814264487,0.8579123328380386,0.8602340267459139,0.8341381872213968,0.6701337295690936,0.6686478454680534,0.6335204387617862,0.6261561574722826,0.620483285587094,0.6591288257954925,0.6589026059175548,0.5401689294417266,0.5881589774133974,0.5023186287085033,0.6341944704007035,0.6251166932336613,0.52520625745718,0.6043142432619031,0.5042574458236266,0.6335069918578413,0.6337980008056734,"[np.float64(0.8362831858407079), np.float64(0.6242236024844721), np.float64(0.16)]","[np.float64(0.9550955774233684), np.float64(0.4187393526405451), np.float64(0.3906420021762786)]","[np.float64(0.9550955774233684), np.float64(0.003409090909090909), np.float64(0.5873552123552124), np.float64(0.4634146341463415)]","[np.float64(0.8628318584070797), np.float64(0.639751552795031), np.float64(0.4)]","[np.float64(0.7654867256637168), np.float64(0.7018633540372671), np.float64(0.408)]","[np.float64(0.9550955774233684), np.float64(0.0), np.float64(0.5038709677419355), np.float64(0.09744408945686901), np.float64(0.01652892561983471), np.float64(0.12260536398467432), np.float64(0.6086956521739131)]",0.37558693290290773,0.32917722520008497,0.30328161287102906
9,3.246678184360097,1.7795166855014988,0.9465537112321978,0.5206077884682744,1.4602817284143241,0.3192349605835806,4.402608120830547,2.053992625160104,1.5246543052995947,0.8239611946156895,1.7396830904023937,0.31430953637716147,0.549777117384844,0.8607447994056464,0.8670133729569094,0.8401281575037147,0.6567607726597325,0.6552748885586924,0.6011407069593612,0.6299446457163648,0.5234327446759013,0.6595477172400249,0.6548966294098797,0.5353607064988365,0.5852743201179332,0.491056266588898,0.6562579746789058,0.6552227779915353,0.4994235743554582,0.5945264948135716,0.5024438942369276,0.6405577801340595,0.6386315602709741,"[np.float64(0.9911504424778761), np.float64(0.35093167701863354), np.float64(0.264)]","[np.float64(0.9688383667005995), np.float64(0.33867120954003405), np.float64(0.44831338411316646)]","[np.float64(0.9688383667005995), np.float64(0.0), np.float64(0.5497104247104247), np.float64(0.44567627494456763)]","[np.float64(0.915929203539823), np.float64(0.5248447204968945), np.float64(0.528)]","[np.float64(0.915929203539823), np.float64(0.5217391304347826), np.float64(0.528)]","[np.float64(0.9688383667005995), np.float64(0.0), np.float64(0.4070967741935484), np.float64(0.08626198083067092), np.float64(0.0), np.float64(0.20881226053639848), np.float64(0.6086956521739131)]",0.3309605281053645,0.32567214777644715,0.3027780673795086
10,3.181451147411671,1.7276897715815043,0.9373146093866161,0.5164467661410023,1.4167770509329218,0.31091272020659877,4.395456781726916,2.047265614175655,1.521855256677735,0.8263359106966579,1.7305694786660395,0.31669613374093164,0.5289747399702823,0.8603733283803864,0.8677563150074294,0.8408710995542348,0.6448736998514116,0.6508172362555721,0.5908816974588229,0.6321140046973698,0.5244579586221791,0.6443011708907663,0.6452320757919326,0.5281458436394951,0.5850304620889105,0.4791268886773203,0.654629729383096,0.6583307865662618,0.48931829884367767,0.5890424349243311,0.49428464012304585,0.6289858466891961,0.633852923337992,"[np.float64(0.9823008849557522), np.float64(0.2981366459627329), np.float64(0.304)]","[np.float64(0.9724578667571542), np.float64(0.3049403747870528), np.float64(0.4776931447225245)]","[np.float64(0.9724578667571542), np.float64(0.0), np.float64(0.5482625482625483), np.float64(0.39578713968957874)]","[np.float64(0.9336283185840708), np.float64(0.4782608695652174), np.float64(0.552)]","[np.float64(0.9292035398230089), np.float64(0.4937888198757764), np.float64(0.552)]","[np.float64(0.9724578667571542), np.float64(0.0), np.float64(0.3709677419354839), np.float64(0.0670926517571885), np.float64(0.0), np.float64(0.2681992337164751), np.float64(0.5688405797101449)]",0.33356980929937224,0.3210797248394924,0.30022985421756937
11,3.1303318996129734,1.7005907254988106,0.9190696670836901,0.5106715138628026,1.3893489933567449,0.31124173451115056,4.432186575954675,2.044854714891677,1.5338340810215438,0.8534977743816659,1.7282002644298338,0.3166544501081065,0.5705794947994056,0.837852897473997,0.844400074294205,0.8136144130757801,0.6656760772659732,0.6656760772659732,0.5951545718389456,0.5816105888227817,0.7343655188893076,0.6508809325251442,0.6502300313745655,0.550350574396746,0.6188237677254882,0.5211737399324301,0.6665988750251929,0.664839956759926,0.5252073204092397,0.5911152771680924,0.49854485449483,0.6552083847845448,0.6552441121409603,"[np.float64(0.9469026548672567), np.float64(0.4161490683229814), np.float64(0.288)]","[np.float64(0.9277231082456736), np.float64(0.3901192504258944), np.float64(0.5386289445048966)]","[np.float64(0.9277231082456736), np.float64(0.0022727272727272726), np.float64(0.6303088803088803), np.float64(0.524390243902439)]","[np.float64(0.8097345132743363), np.float64(0.5900621118012422), np.float64(0.6)]","[np.float64(0.7920353982300885), np.float64(0.6024844720496895), np.float64(0.6)]","[np.float64(0.9277231082456736), np.float64(0.0), np.float64(0.4619354838709677), np.float64(0.10383386581469649), np.float64(0.01652892561983471), np.float64(0.2835249042145594), np.float64(0.677536231884058)]",0.44928048575991714,0.35301178852139853,0.3039171020949613
12,3.14349864712669,1.7051281672876097,0.9169327208040924,0.5214377615053607,1.3962033369741533,0.30892482837057006,4.390280388936798,2.051372035674596,1.5162373063118593,0.822671046419738,1.7153147420119108,0.3360572918497844,0.5690936106983655,0.8661775631500743,0.868267087667162,0.843657132243685,0.6612184249628529,0.6656760772659732,0.6223502762240664,0.6472022290931004,0.5213089498153095,0.6603696999788408,0.6594635398018857,0.5316814892174646,0.5763042707196302,0.5002242937182976,0.6276136242877297,0.6291451290789497,0.5064417031642248,0.604577491366405,0.5081787706478154,0.6201278632154208,0.6276713223883035,"[np.float64(0.9336283185840708), np.float64(0.453416149068323), np.float64(0.208)]","[np.float64(0.9684424838819138), np.float64(0.4122657580919932), np.float64(0.3482045701849837)]","[np.float64(0.9684424838819138), np.float64(0.0), np.float64(0.5501930501930502), np.float64(0.48226164079822614)]","[np.float64(0.9247787610619469), np.float64(0.5900621118012422), np.float64(0.368)]","[np.float64(0.8761061946902655), np.float64(0.6273291925465838), np.float64(0.384)]","[np.float64(0.9684424838819138), np.float64(0.0), np.float64(0.5032258064516129), np.float64(0.10383386581469649), np.float64(0.0), np.float64(0.0842911877394636), np.float64(0.5652173913043478)]",0.3253929790677494,0.3178586764560049,0.2949305215800876
13,3.1008612343904662,1.6864450597335812,0.9010725169032181,0.5133436593269182,1.378609100267249,0.30783596081990683,4.3259598579180345,2.0306299040508553,1.510128916194248,0.7852010325437484,1.7230774708954446,0.3075524313867269,0.4650817236255572,0.8649238484398217,0.8717496285289748,0.8473718424962853,0.6270430906389302,0.6270430906389302,0.5534411314777322,0.6516124053523153,0.6167335899879073,0.6479098350120996,0.6458237840590781,0.459287784679089,0.5598672752704412,0.4955909939559858,0.6221326151083749,0.6221326151083749,0.39385669358708864,0.5849608465129091,0.5097367065108447,0.6001294508899071,0.5996953426730443,"[np.float64(1.0), np.float64(0.20186335403726707), np.float64(0.176)]","[np.float64(0.9825246012894469), np.float64(0.30425894378194207), np.float64(0.3928182807399347)]","[np.float64(0.9825246012894469), np.float64(0.0011363636363636363), np.float64(0.4266409266409266), np.float64(0.5720620842572062)]","[np.float64(0.9778761061946902), np.float64(0.45652173913043476), np.float64(0.432)]","[np.float64(0.9778761061946902), np.float64(0.45652173913043476), np.float64(0.432)]","[np.float64(0.9825246012894469), np.float64(0.0), np.float64(0.32838709677419353), np.float64(0.19808306709265175), np.float64(0.0), np.float64(0.1417624521072797), np.float64(0.6123188405797102)]",0.33343110729496167,0.32329657969189746,0.3108770214085009
14,3.087950615506977,1.679066103533184,0.8919226698601082,0.5169618414796489,1.372774492520418,0.3062916107023251,4.409410950691834,2.034200954508003,1.5260865493768754,0.8491234522898756,1.7240303323247665,0.31017061956337366,0.5512630014858841,0.8520152303120356,0.8556835066864784,0.8288911589895989,0.687964338781575,0.6909361069836553,0.6058174233987513,0.6097323810280322,0.6293306429634088,0.673379388251651,0.6755766132222726,0.5358287253339197,0.613224389105215,0.5302190142498496,0.6749763828578758,0.6786782462119131,0.5051623277151516,0.6077379310847959,0.51243906063412,0.6705044307261679,0.6739157583082233,"[np.float64(0.9690265486725663), np.float64(0.36645962732919257), np.float64(0.272)]","[np.float64(0.9428232100441126), np.float64(0.42350936967632025), np.float64(0.4733405875952122)]","[np.float64(0.9428232100441126), np.float64(0.006818181818181818), np.float64(0.5936293436293436), np.float64(0.5776053215077606)]","[np.float64(0.8362831858407079), np.float64(0.6366459627329193), np.float64(0.552)]","[np.float64(0.8362831858407079), np.float64(0.639751552795031), np.float64(0.56)]","[np.float64(0.9428232100441126), np.float64(0.002635046113306983), np.float64(0.4703225806451613), np.float64(0.2220447284345048), np.float64(0.01652892561983471), np.float64(0.26436781609195403), np.float64(0.6159420289855072)]",0.4243892203902644,0.3620949051334831,0.33142865328805193
15,3.0474065295867834,1.6502900623353356,0.8757038657806056,0.52141260051058,1.3400252676005922,0.3102647932443641,4.354764353273884,2.024830292523438,1.5149414323557733,0.814992632993251,1.7113970992119447,0.313433194836983,0.5690936106983655,0.8607447994056464,0.8622306835066865,0.836552748885587,0.6820208023774146,0.6805349182763745,0.6058317577410657,0.6280638457721591,0.6046370498485587,0.6715267203134568,0.6674158180655198,0.5414129243848367,0.6013233995503463,0.49301675782742205,0.6651317906154381,0.6657280639073636,0.5092693202664015,0.6103158426308977,0.4949936215437914,0.6578947937233994,0.65701370803821,"[np.float64(0.9823008849557522), np.float64(0.40993788819875776), np.float64(0.232)]","[np.float64(0.9574708743354824), np.float64(0.4112436115843271), np.float64(0.4352557127312296)]","[np.float64(0.9574708743354824), np.float64(0.003409090909090909), np.float64(0.6187258687258688), np.float64(0.3924611973392461)]","[np.float64(0.8938053097345132), np.float64(0.6055900621118012), np.float64(0.496)]","[np.float64(0.8938053097345132), np.float64(0.5993788819875776), np.float64(0.504)]","[np.float64(0.9574708743354824), np.float64(0.002635046113306983), np.float64(0.49870967741935485), np.float64(0.06070287539936102), np.float64(0.008264462809917356), np.float64(0.2164750957854406), np.float64(0.5760869565217391)]",0.4268444109743932,0.33147785548351466,0.30516344784642724
16,3.015481005333322,1.64306977034236,0.8617328874540573,0.510678346389852,1.341662625016613,0.30140714614394276,4.4144192003708564,2.0480416776164705,1.5283253398068934,0.838052192321517,1.748678343586115,0.29936333248275676,0.5557206537890045,0.8606519316493314,0.868081352154532,0.8405460624071323,0.6032689450222882,0.6062407132243685,0.5981351584315304,0.6397170471759162,0.6072599141095039,0.6063113450747358,0.605034590718578,0.5251305447150002,0.5985621799381725,0.47574292932778106,0.6480450722805475,0.6487962769563386,0.4888020371371657,0.5904249429529701,0.4996828832128835,0.5869575643938015,0.5910406945634836,"[np.float64(0.9778761061946902), np.float64(0.39751552795031053), np.float64(0.2)]","[np.float64(0.9729668589526071), np.float64(0.2851788756388416), np.float64(0.5375408052230686)]","[np.float64(0.9729668589526071), np.float64(0.028409090909090908), np.float64(0.5579150579150579), np.float64(0.3436807095343681)]","[np.float64(0.9292035398230089), np.float64(0.35093167701863354), np.float64(0.664)]","[np.float64(0.915929203539823), np.float64(0.36645962732919257), np.float64(0.664)]","[np.float64(0.9729668589526071), np.float64(0.006587615283267457), np.float64(0.31225806451612903), np.float64(0.09105431309904154), np.float64(0.05785123966942149), np.float64(0.4099616858237548), np.float64(0.4746376811594203)]",0.3896201020936295,0.3321882083576631,0.32191620472797267
17,2.9723810855730695,1.5954787902649765,0.8618114390042163,0.5150908591530923,1.2939737175175614,0.30150507413256006,4.321291028568936,2.0153225012985816,1.5022383273885935,0.8037301981130764,1.7024027614989692,0.3129197369697186,0.5542347696879644,0.8684992570579495,0.8714245913818722,0.8478361812778603,0.6612184249628529,0.6656760772659732,0.6185300207039338,0.6571125239678005,0.6737589312176289,0.6547494985726566,0.6564171652596782,0.5399703182542737,0.5898623372144621,0.5070406594411215,0.646126971912274,0.6516160428003445,0.5097875577635699,0.6134806983945735,0.5154202912559623,0.6313274682797757,0.6375364899505738,"[np.float64(0.9734513274336283), np.float64(0.36645962732919257), np.float64(0.28)]","[np.float64(0.9725144214455378), np.float64(0.38466780238500853), np.float64(0.41240478781284007)]","[np.float64(0.9725144214455378), np.float64(0.003409090909090909), np.float64(0.528957528957529), np.float64(0.5232815964523282)]","[np.float64(0.9469026548672567), np.float64(0.5434782608695652), np.float64(0.448)]","[np.float64(0.9380530973451328), np.float64(0.5527950310559007), np.float64(0.464)]","[np.float64(0.9725144214455378), np.float64(0.0), np.float64(0.45741935483870966), np.float64(0.1597444089456869), np.float64(0.008264462809917356), np.float64(0.16283524904214558), np.float64(0.6086956521739131)]",0.3705972391018933,0.3384962213222729,0.32168365541053673
18,2.946188256297113,1.5961342276031898,0.8398565654037783,0.5101974636821424,1.2942567941374907,0.3018774342154926,4.390586899013123,2.045366671389571,1.5074917431754953,0.8377284830331095,1.7470606561938096,0.298306018843672,0.6300148588410104,0.8606519316493314,0.8626485884101041,0.8372492570579495,0.6820208023774146,0.6805349182763745,0.6239590365375706,0.6318430580813762,0.6884077328603941,0.6654897031094021,0.6620039888404063,0.5707915498635006,0.618478772982164,0.5171909877177533,0.6773040913171733,0.6670345737371517,0.5611108552951349,0.619069819732382,0.5103368043095577,0.6639260515461759,0.6635256101897259,"[np.float64(0.8672566371681416), np.float64(0.6211180124223602), np.float64(0.224)]","[np.float64(0.9545300305395318), np.float64(0.4112436115843271), np.float64(0.4896626768226333)]","[np.float64(0.9545300305395318), np.float64(0.006818181818181818), np.float64(0.5941119691119691), np.float64(0.5133037694013304)]","[np.float64(0.8849557522123894), np.float64(0.5869565217391305), np.float64(0.56)]","[np.float64(0.7920353982300885), np.float64(0.6490683229813664), np.float64(0.56)]","[np.float64(0.9545300305395318), np.float64(0.0013175230566534915), np.float64(0.4916129032258065), np.float64(0.13099041533546327), np.float64(0.024793388429752067), np.float64(0.2471264367816092), np.float64(0.6376811594202898)]",0.47000031690443383,0.35543597954130085,0.3249142493053467
19,2.9457217281905272,1.5903781593098478,0.8343294697503248,0.5210141014178825,1.285279135940607,0.3050990237349297,4.402107803333407,2.022119033584255,1.525532763860346,0.8544560009364912,1.730538537311271,0.2915804982074821,0.5765230312035661,0.8547548291233283,0.8618592124814265,0.8332095096582467,0.6225854383358098,0.62555720653789,0.6090524250070087,0.6211475200189178,0.5880076963378743,0.623533329064481,0.6234552711745693,0.5398081313325638,0.6250633933609694,0.5127628767581189,0.666326975576687,0.6669507319665072,0.5132310652281449,0.6006434723219615,0.5188430578201714,0.6119187060404733,0.617060725255295,"[np.float64(0.9469026548672567), np.float64(0.45652173913043476), np.float64(0.216)]","[np.float64(0.9537382649021604), np.float64(0.34582623509369675), np.float64(0.5756256800870512)]","[np.float64(0.9537382649021604), np.float64(0.03977272727272727), np.float64(0.6052123552123552), np.float64(0.4523281596452328)]","[np.float64(0.8628318584070797), np.float64(0.4161490683229814), np.float64(0.72)]","[np.float64(0.831858407079646), np.float64(0.4409937888198758), np.float64(0.728)]","[np.float64(0.9537382649021604), np.float64(0.003952569169960474), np.float64(0.40516129032258064), np.float64(0.11182108626198083), np.float64(0.0743801652892562), np.float64(0.3888888888888889), np.float64(0.605072463768116)]",0.3725958003141776,0.36328781837184904,0.32966222100483106
20,2.8791198903842075,1.5435416809859355,0.8168179592746442,0.5187602487726842,1.24082371096474,0.30271797062103023,4.325750031881587,2.0093858054554428,1.5040907919937496,0.8122734397384462,1.709944665255108,0.29944113808896844,0.6151560178306092,0.8730497771173849,0.8721210995542348,0.8515508915304606,0.6731054977711739,0.6820208023774146,0.6337685451688705,0.6772327178189795,0.6161556881296057,0.6545910838580238,0.6589289331731562,0.5711779255757709,0.5931105725448937,0.5214083256203137,0.655912567104564,0.6623085802231627,0.552717403140449,0.6265360350070565,0.5248757891242827,0.6418075210051278,0.6522928140350207,"[np.float64(0.9424778761061947), np.float64(0.531055900621118), np.float64(0.24)]","[np.float64(0.9712702183010972), np.float64(0.4391822827938671), np.float64(0.36887921653971706)]","[np.float64(0.9712702183010972), np.float64(0.010227272727272727), np.float64(0.5154440154440154), np.float64(0.5886917960088692)]","[np.float64(0.9292035398230089), np.float64(0.5745341614906833), np.float64(0.464)]","[np.float64(0.8982300884955752), np.float64(0.6086956521739131), np.float64(0.48)]","[np.float64(0.9712702183010972), np.float64(0.0013175230566534915), np.float64(0.48193548387096774), np.float64(0.28434504792332266), np.float64(0.03305785123966942), np.float64(0.13409961685823754), np.float64(0.5978260869565217)]",0.4121771432171774,0.35769311831520995,0.34933343697655955
21,2.835524067893035,1.5065690169116155,0.8029751030209943,0.5259799465884344,1.2076688307169088,0.29890018804419766,4.3517047446276385,2.0155925881615024,1.500476223778654,0.8356359500205836,1.7141981482152062,0.3013944404658472,0.6077265973254086,0.8542440564635958,0.8591196136701337,0.8316307578008916,0.6567607726597325,0.6582466567607727,0.6112756142044845,0.6173123338980954,0.5954030519660519,0.6403995547831164,0.6406836761311344,0.5842603931915206,0.6299812592171717,0.5165264030029615,0.6779641986844758,0.6787444987999048,0.5674494775192681,0.609520278987865,0.5086758342849074,0.6439486709423412,0.6477142084031766,"[np.float64(0.9292035398230089), np.float64(0.48757763975155277), np.float64(0.336)]","[np.float64(0.9496097726501527), np.float64(0.3679727427597956), np.float64(0.5723612622415669)]","[np.float64(0.9496097726501527), np.float64(0.010227272727272727), np.float64(0.6018339768339769), np.float64(0.5044345898004434)]","[np.float64(0.8716814159292036), np.float64(0.5062111801242236), np.float64(0.656)]","[np.float64(0.8362831858407079), np.float64(0.5279503105590062), np.float64(0.672)]","[np.float64(0.9496097726501527), np.float64(0.002635046113306983), np.float64(0.42774193548387096), np.float64(0.12140575079872204), np.float64(0.024793388429752067), np.float64(0.3716475095785441), np.float64(0.6557971014492754)]",0.39584000176871975,0.364804357786232,0.32525609389251686
22,2.7943285208334885,1.4720138143794086,0.7998077522885675,0.5225069565997107,1.1698080653970597,0.3022057478181955,4.365906140924562,2.0173767232045927,1.5048406357581254,0.8436887649824782,1.719405457952256,0.2979712622897915,0.600297176820208,0.8545690936106983,0.8589338781575037,0.8315843239227341,0.6508172362555721,0.6448736998514116,0.6186971758400329,0.6146943017896784,0.5827015315338802,0.6362707224492015,0.6293188735574657,0.5601313325638065,0.6285569971364876,0.5252193817646644,0.6748877040620019,0.6645907033840855,0.5458135551109542,0.6110067424470108,0.5190273354753161,0.6387814809666834,0.6352522020338548,"[np.float64(0.9026548672566371), np.float64(0.5217391304347826), np.float64(0.256)]","[np.float64(0.9458771632168307), np.float64(0.40442930153321976), np.float64(0.5353645266594124)]","[np.float64(0.9458771632168307), np.float64(0.028409090909090908), np.float64(0.6254826254826255), np.float64(0.5011086474501109)]","[np.float64(0.8495575221238938), np.float64(0.5031055900621118), np.float64(0.672)]","[np.float64(0.7876106194690266), np.float64(0.5341614906832298), np.float64(0.672)]","[np.float64(0.9458771632168307), np.float64(0.006587615283267457), np.float64(0.47419354838709676), np.float64(0.13578274760383385), np.float64(0.05785123966942149), np.float64(0.34674329501915707), np.float64(0.6195652173913043)]",0.3955710630566362,0.3695144037958445,0.3347442516155402
23,2.729929584438918,1.4292713042774823,0.7829391801845555,0.5177190962417241,1.1365524631461896,0.292718841068152,4.511833393255398,2.0707289942648006,1.537884618125259,0.9032197783891808,1.7883266574904897,0.28240233828874656,0.612184249628529,0.8475111441307578,0.8491827637444279,0.8222975482912332,0.6166419019316494,0.5512630014858841,0.6435139362391095,0.5961773055521037,0.569104667702267,0.6128075577964417,0.5887205030380104,0.5561325051759834,0.6210532508171223,0.5321881663464567,0.6439150589054399,0.5700262005533264,0.5777725484922849,0.6026138704718654,0.538599938736241,0.6087826249479709,0.5416958644904354,"[np.float64(0.5), np.float64(0.7763975155279503), np.float64(0.392)]","[np.float64(0.9303811785997059), np.float64(0.4681431005110733), np.float64(0.4646354733405876)]","[np.float64(0.9303811785997059), np.float64(0.12954545454545455), np.float64(0.6486486486486487), np.float64(0.42017738359201773)]","[np.float64(0.7610619469026548), np.float64(0.4906832298136646), np.float64(0.68)]","[np.float64(0.3938053097345133), np.float64(0.5962732919254659), np.float64(0.72)]","[np.float64(0.9303811785997059), np.float64(0.05401844532279315), np.float64(0.49483870967741933), np.float64(0.20287539936102236), np.float64(0.12396694214876033), np.float64(0.36973180076628354), np.float64(0.4166666666666667)]",0.3695904341146518,0.37035416322037873,0.35698185204721167
24,2.6907439582013013,1.4077272296693744,0.7704535886989959,0.5125631451321303,1.1081210253207738,0.29960620424468176,4.494809144328539,2.0399805123445187,1.5427440114827822,0.9120846254535528,1.7291003479801936,0.31088016277250974,0.5943536404160475,0.8229940564635958,0.8377135958395245,0.8009379643387816,0.5646359583952452,0.5408618127786032,0.5760576348811642,0.5791471110508953,0.5223948951085701,0.6037148298561342,0.5811767855137836,0.5945786474651423,0.6371610982517958,0.5530886690904215,0.6421288774070613,0.618969786914381,0.5698618479384883,0.5584430721360659,0.5274739869941156,0.5653857087019862,0.5456310823633409,"[np.float64(0.8805309734513275), np.float64(0.4472049689440994), np.float64(0.456)]","[np.float64(0.9170908268295441), np.float64(0.29471890971039183), np.float64(0.6996735582154516)]","[np.float64(0.9170908268295441), np.float64(0.10454545454545454), np.float64(0.5632239382239382), np.float64(0.6274944567627494)]","[np.float64(0.7300884955752213), np.float64(0.33229813664596275), np.float64(0.864)]","[np.float64(0.6637168141592921), np.float64(0.32919254658385094), np.float64(0.864)]","[np.float64(0.9170908268295441), np.float64(0.021080368906455864), np.float64(0.26387096774193547), np.float64(0.24121405750798722), np.float64(0.1322314049586777), np.float64(0.4789272030651341), np.float64(0.6920289855072463)]",0.3385671491541231,0.39234911635956876,0.32043652305043907
25,2.657596384911761,1.36565870792726,0.7544155931731654,0.5375220861146489,1.0654245063367873,0.3002342008038471,4.3676576317241,2.019674486151789,1.5057749051368554,0.8422082282315376,1.7169200822224602,0.30275440499053863,0.6196136701337296,0.8679420505200595,0.8659453937592868,0.844400074294205,0.6805349182763745,0.6790490341753344,0.656623598524821,0.652067686492854,0.5925410124705017,0.6511113686491578,0.6553848971349482,0.5478550358196376,0.5829973257399671,0.5380398799874062,0.6497256453947489,0.6437833599003279,0.5338876170898933,0.6082065736704046,0.5391661351684541,0.643470479633129,0.6481323578252178,"[np.float64(0.8407079646017699), np.float64(0.6428571428571429), np.float64(0.16)]","[np.float64(0.9557176789955887), np.float64(0.5277683134582624), np.float64(0.26550598476605003)]","[np.float64(0.9557176789955887), np.float64(0.05227272727272727), np.float64(0.5743243243243243), np.float64(0.5698447893569845)]","[np.float64(0.8805309734513275), np.float64(0.6366459627329193), np.float64(0.432)]","[np.float64(0.7654867256637168), np.float64(0.7018633540372671), np.float64(0.464)]","[np.float64(0.9557176789955887), np.float64(0.01844532279314888), np.float64(0.5529032258064516), np.float64(0.3562300319488818), np.float64(0.09090909090909091), np.float64(0.1206896551724138), np.float64(0.427536231884058)]",0.414865620181831,0.3603473196442334,0.3602111540465121
26,2.6105720586890597,1.336879562508278,0.7468807806904127,0.5268117151095527,1.033330576563396,0.3035489859422511,4.450251932313959,2.0480079640266804,1.5203377846794242,0.8819061790092763,1.7419001238989902,0.3061078397297364,0.5809806835066865,0.8547548291233283,0.8558692421991084,0.830005572065379,0.6567607726597325,0.6210995542347697,0.5675297834430973,0.6145355935753286,0.5922028389063086,0.6383273435160227,0.6137518975917597,0.5509883288444274,0.6227007007338846,0.5078738968150068,0.6731271734549918,0.6347082211106837,0.5479669505327455,0.6139247716481896,0.518165153568559,0.6455271729498744,0.6163494782067837,"[np.float64(0.7654867256637168), np.float64(0.5434782608695652), np.float64(0.344)]","[np.float64(0.9426535459789617), np.float64(0.44122657580919933), np.float64(0.4842219804134929)]","[np.float64(0.9426535459789617), np.float64(0.08636363636363636), np.float64(0.6698841698841699), np.float64(0.3325942350332594)]","[np.float64(0.8230088495575221), np.float64(0.5403726708074534), np.float64(0.656)]","[np.float64(0.6371681415929203), np.float64(0.5869565217391305), np.float64(0.68)]","[np.float64(0.9426535459789617), np.float64(0.052700922266139656), np.float64(0.5058064516129033), np.float64(0.08945686900958466), np.float64(0.10743801652892562), np.float64(0.36398467432950193), np.float64(0.4492753623188406)]",0.3918908522152805,0.3587594060064082,0.34652504584628047
27,2.554388607273373,1.3078435654143572,0.7265081936855259,0.5200368492329023,0.9978893103842928,0.30995425272280464,4.348697420397569,2.0225090234145213,1.4878464937210083,0.8383419073300121,1.7000210352396752,0.3224879912313527,0.6151560178306092,0.8718889301634473,0.8699387072808321,0.850204309063893,0.6612184249628529,0.6656760772659732,0.622546807617863,0.6682265458673385,0.6310533266040845,0.6487787087856426,0.6437320274686106,0.5827830484252184,0.6054959043321743,0.5254725204880178,0.6652648820975101,0.6638457282104838,0.5704808651523804,0.6299322990243833,0.5261486199863256,0.6401949430785275,0.6461462276057003,"[np.float64(0.911504424778761), np.float64(0.5248447204968945), np.float64(0.312)]","[np.float64(0.9687252573238322), np.float64(0.43100511073253833), np.float64(0.4167573449401523)]","[np.float64(0.9687252573238322), np.float64(0.025), np.float64(0.4995173745173745), np.float64(0.6086474501108647)]","[np.float64(0.9424778761061947), np.float64(0.5093167701863354), np.float64(0.544)]","[np.float64(0.8805309734513275), np.float64(0.5590062111801242), np.float64(0.552)]","[np.float64(0.9687252573238322), np.float64(0.002635046113306983), np.float64(0.4309677419354839), np.float64(0.33706070287539935), np.float64(0.05785123966942149), np.float64(0.2567049808429119), np.float64(0.5760869565217391)]",0.41273543903626997,0.3757188464688707,0.3698710599937852
28,2.506434030364541,1.2755086848490587,0.7068784425352794,0.5240469020571018,0.9721084385909703,0.3034002459950029,4.387272416660977,2.0168604228192337,1.503185600484514,0.8672263873437038,1.7257068843445367,0.29115354008862104,0.6210995542347697,0.8665490341753344,0.8639487369985142,0.843099925705795,0.6448736998514116,0.6419019316493314,0.6306223860116186,0.6419909004216494,0.5851541820289506,0.6129700895733848,0.6204231996549513,0.6134670844097546,0.5994124084529179,0.5321050886632255,0.6314641895234431,0.6465178914967296,0.5978224327561225,0.6183175288455416,0.5427798938422546,0.6174028012351366,0.6269431712164141,"[np.float64(0.915929203539823), np.float64(0.484472049689441), np.float64(0.44)]","[np.float64(0.9550390227349848), np.float64(0.4960817717206133), np.float64(0.3471164309031556)]","[np.float64(0.9550390227349848), np.float64(0.07954545454545454), np.float64(0.5661196911196911), np.float64(0.5277161862527716)]","[np.float64(0.831858407079646), np.float64(0.5745341614906833), np.float64(0.488)]","[np.float64(0.7743362831858407), np.float64(0.5652173913043478), np.float64(0.6)]","[np.float64(0.9550390227349848), np.float64(0.028985507246376812), np.float64(0.516774193548387), np.float64(0.31150159744408945), np.float64(0.14049586776859505), np.float64(0.25862068965517243), np.float64(0.36231884057971014)]",0.4121847130275973,0.36767653128247363,0.37126071462612437
29,2.488125759350546,1.2512755845770396,0.7032912408388456,0.5335589308610007,0.9586703964858645,0.29260518717037587,4.4430128247518565,2.0420502647094274,1.5173581523782067,0.8836044060724072,1.7429321328681018,0.2991181349807394,0.6106983655274889,0.850575780089153,0.8517366270430906,0.8269873699851411,0.6285289747399703,0.6047548291233283,0.5748873696893498,0.5999355477115315,0.5538734608383424,0.6170713439791166,0.6089901359311826,0.570188240898514,0.6091853578316678,0.5440340560220636,0.6521392476960003,0.6290949266201286,0.5662000306400711,0.5990088679047915,0.544795889090436,0.6164735446108618,0.6005039638536663,"[np.float64(0.7831858407079646), np.float64(0.5993788819875776), np.float64(0.328)]","[np.float64(0.9368849677638276), np.float64(0.4630323679727428), np.float64(0.4276387377584331)]","[np.float64(0.9368849677638276), np.float64(0.11818181818181818), np.float64(0.5656370656370656), np.float64(0.5554323725055432)]","[np.float64(0.8097345132743363), np.float64(0.4906832298136646), np.float64(0.656)]","[np.float64(0.6460176991150443), np.float64(0.5372670807453416), np.float64(0.704)]","[np.float64(0.9368849677638276), np.float64(0.034255599472990776), np.float64(0.44516129032258067), np.float64(0.3706070287539936), np.float64(0.19008264462809918), np.float64(0.34674329501915707), np.float64(0.3333333333333333)]",0.3767773722934343,0.37958116561342603,0.3622713567155754
30,2.445279354741271,1.2166345134853664,0.690093932703261,0.538550909003177,0.9255805175322618,0.29105399561898604,4.370112561330597,2.0139930393292573,1.4953758624611693,0.8607436621931964,1.7240773991236702,0.2899156416205341,0.612184249628529,0.8576801634472511,0.8611627043090639,0.8362277117384844,0.6508172362555721,0.6270430906389302,0.5789867991324708,0.6219992037381502,0.5864596179543237,0.6340605810447301,0.6126271212478109,0.5675908316385423,0.619030604552326,0.5330337611205609,0.6692412832774511,0.6436286483812456,0.5580216859848115,0.6116548032979757,0.541712940697048,0.6379085668639829,0.6193533606180652,"[np.float64(0.8451327433628318), np.float64(0.577639751552795), np.float64(0.28)]","[np.float64(0.9516457414319647), np.float64(0.40272572402044293), np.float64(0.5027203482045702)]","[np.float64(0.9516457414319647), np.float64(0.08863636363636364), np.float64(0.5608108108108109), np.float64(0.5310421286031042)]","[np.float64(0.8584070796460177), np.float64(0.5093167701863354), np.float64(0.64)]","[np.float64(0.7345132743362832), np.float64(0.5403726708074534), np.float64(0.656)]","[np.float64(0.9516457414319647), np.float64(0.04743083003952569), np.float64(0.4045161290322581), np.float64(0.26517571884984026), np.float64(0.09917355371900827), np.float64(0.3505747126436782), np.float64(0.572463768115942)]",0.393008486718882,0.3844257791188882,0.37089020548483376
31,2.3664722881295672,1.1635909927960408,0.6655675666630373,0.5373137282826845,0.8743395020000243,0.2892514909288746,4.501447853773214,2.0509211585500475,1.5351370806510087,0.9153896159871042,1.7500900960463799,0.3008310587894315,0.6032689450222882,0.7927656017830609,0.8150538632986627,0.7720560921248143,0.5527488855869243,0.5170876671619614,0.5870744599249683,0.5384101221617352,0.5104092651757287,0.6012382467487164,0.5742996839797837,0.619787610619469,0.6300936865307523,0.5507502479567394,0.6377348064273805,0.6029611388995768,0.5953872414131237,0.524806266179507,0.524595943812141,0.5550241276047728,0.5264556519889263,"[np.float64(0.7433628318584071), np.float64(0.5), np.float64(0.616)]","[np.float64(0.882818685669042), np.float64(0.26643952299829643), np.float64(0.7410228509249184)]","[np.float64(0.882818685669042), np.float64(0.17727272727272728), np.float64(0.6462355212355212), np.float64(0.49667405764966743)]","[np.float64(0.7035398230088495), np.float64(0.3136645962732919), np.float64(0.896)]","[np.float64(0.5707964601769911), np.float64(0.32608695652173914), np.float64(0.912)]","[np.float64(0.882818685669042), np.float64(0.07114624505928854), np.float64(0.27419354838709675), np.float64(0.08945686900958466), np.float64(0.1652892561983471), np.float64(0.5287356321839081), np.float64(0.6739130434782609)]",0.33151207708694796,0.3836504685693612,0.30097216742755023
32,2.325278317903058,1.1363054159890575,0.661242209984523,0.527730691818817,0.8427493142531027,0.2935561029803492,4.324691098238665,2.0097315491837633,1.491083165304597,0.8238763865801983,1.6808733858765057,0.32885816284297836,0.5913818722139673,0.868824294205052,0.8654346210995543,0.8451430163447251,0.6701337295690936,0.6731054977711739,0.6262581168831168,0.6494434598130868,0.5951639004812738,0.6459604924067032,0.6470692816650033,0.541123289177156,0.600101336540804,0.5271154859547769,0.6609926162076989,0.6644395829897946,0.513891059677264,0.6216106794390499,0.5379942826806221,0.644080595721548,0.6501555749465032,"[np.float64(0.9380530973451328), np.float64(0.5093167701863354), np.float64(0.176)]","[np.float64(0.9585454134147721), np.float64(0.49028960817717204), np.float64(0.3514689880304679)]","[np.float64(0.9585454134147721), np.float64(0.07045454545454545), np.float64(0.5583976833976834), np.float64(0.5210643015521065)]","[np.float64(0.9026548672566371), np.float64(0.5683229813664596), np.float64(0.512)]","[np.float64(0.8672566371681416), np.float64(0.5900621118012422), np.float64(0.536)]","[np.float64(0.9585454134147721), np.float64(0.028985507246376812), np.float64(0.5174193548387097), np.float64(0.28115015974440893), np.float64(0.10743801652892562), np.float64(0.2413793103448276), np.float64(0.40942028985507245)]",0.41590175172439003,0.3634768645675847,0.36688792043863894
33,2.3201215539093387,1.1167727197546087,0.6624924484370698,0.5408563868951324,0.8188780059437478,0.2978947143251929,4.387910639143132,2.0004016249399155,1.516579708288968,0.8709293135195882,1.6853436871876701,0.31505793669103516,0.5898959881129272,0.8294947994056464,0.837667161961367,0.805488484398217,0.6047548291233283,0.600297176820208,0.5857081124840687,0.5736431388794737,0.5608333457023734,0.6196749906184625,0.6160857879694588,0.5371374338115392,0.6275810370677471,0.5283206327015347,0.6602329833818869,0.6552410267685375,0.5098431765098431,0.5774236093915109,0.528442848413712,0.601500984978142,0.5993910137608304,"[np.float64(0.9247787610619469), np.float64(0.5186335403726708), np.float64(0.168)]","[np.float64(0.9146024205406629), np.float64(0.3979557069846678), np.float64(0.5701849836779108)]","[np.float64(0.9146024205406629), np.float64(0.17045454545454544), np.float64(0.6756756756756757), np.float64(0.352549889135255)]","[np.float64(0.7787610619469026), np.float64(0.40993788819875776), np.float64(0.792)]","[np.float64(0.7433628318584071), np.float64(0.422360248447205), np.float64(0.8)]","[np.float64(0.9146024205406629), np.float64(0.05006587615283267), np.float64(0.4541935483870968), np.float64(0.08466453674121406), np.float64(0.2396694214876033), np.float64(0.42528735632183906), np.float64(0.4673913043478261)]",0.3555344626646716,0.37655349485415357,0.3297283131887819
34,2.254611114081453,1.0867051051386238,0.6255672570337879,0.5423387518143715,0.7957968750067426,0.2909082303975977,4.336166142709885,2.0140193053452125,1.4909234287477036,0.8312234190522032,1.679861545916481,0.33415776493376015,0.5958395245170877,0.849832838038633,0.8539190193164933,0.8276838781575037,0.6478454680534919,0.6612184249628529,0.6224255753544456,0.6010967127846875,0.5743128744568406,0.6357430307864832,0.647753574242936,0.5569683577932905,0.6064800515983663,0.5023947363788623,0.6718804668462229,0.6862764799648217,0.5336540031110167,0.5916943499999339,0.5126146466620296,0.6333901013562955,0.6501652535068804,"[np.float64(0.9513274336283186), np.float64(0.48757763975155277), np.float64(0.232)]","[np.float64(0.9444067413188554), np.float64(0.396252129471891), np.float64(0.47878128400435255)]","[np.float64(0.9444067413188554), np.float64(0.07272727272727272), np.float64(0.6254826254826255), np.float64(0.3669623059866962)]","[np.float64(0.8893805309734514), np.float64(0.4782608695652174), np.float64(0.648)]","[np.float64(0.8584070796460177), np.float64(0.5124223602484472), np.float64(0.688)]","[np.float64(0.9444067413188554), np.float64(0.039525691699604744), np.float64(0.4406451612903226), np.float64(0.15175718849840256), np.float64(0.0743801652892562), np.float64(0.39655172413793105), np.float64(0.3695652173913043)]",0.3782452667856067,0.34526169851795385,0.335021440785764
35,2.221125818236197,1.0745714611774966,0.6158399690853696,0.5307143877892944,0.7762806854675057,0.29829077404729054,4.3931958406544585,2.0150935041444593,1.511013950013973,0.8670884047134694,1.7064623850389475,0.3086311189065347,0.6285289747399703,0.8379457652303121,0.8335345468053492,0.8109212481426449,0.6656760772659732,0.6419019316493314,0.6582590544267405,0.5888377614857004,0.54143213161375,0.6415488131843804,0.630629596679026,0.5544358819326114,0.6214909219556819,0.549523086817964,0.6518455816339618,0.6308150753952986,0.5509989278889759,0.6034782933705697,0.5340236295799518,0.6455681997431695,0.626895903832711,"[np.float64(0.7787610619469026), np.float64(0.6925465838509317), np.float64(0.192)]","[np.float64(0.9054405610225088), np.float64(0.5727427597955707), np.float64(0.3862894450489663)]","[np.float64(0.9054405610225088), np.float64(0.11477272727272728), np.float64(0.6645752895752896), np.float64(0.5133037694013304)]","[np.float64(0.7433628318584071), np.float64(0.6521739130434783), np.float64(0.56)]","[np.float64(0.6327433628318584), np.float64(0.6677018633540373), np.float64(0.592)]","[np.float64(0.9054405610225088), np.float64(0.06719367588932806), np.float64(0.6109677419354839), np.float64(0.28913738019169327), np.float64(0.0743801652892562), np.float64(0.2681992337164751), np.float64(0.45652173913043476)]",0.36269643100677085,0.38169149959645426,0.3619132139966933
36,2.2167135346608533,1.069231278173871,0.6130101338706682,0.5344721233638465,0.7712202030368459,0.29801107379792013,4.3603425238182,2.0073158861267815,1.5000901972150944,0.8529364395919823,1.6982708437152716,0.30904504318530907,0.637444279346211,0.8587017087667161,0.8548012630014858,0.8341381872213968,0.6612184249628529,0.6671619613670133,0.6533055644312854,0.6255040343553521,0.5650829516315873,0.6329912605454401,0.6429986769251993,0.5725771450557907,0.589638083800116,0.5377793382029811,0.6336297110610308,0.6423399475988933,0.5656226782725337,0.6038600252638334,0.5407249390126943,0.6273553241580726,0.642441392851229,"[np.float64(0.8495575221238938), np.float64(0.6521739130434783), np.float64(0.216)]","[np.float64(0.9407872412623006), np.float64(0.5441226575809199), np.float64(0.2840043525571273)]","[np.float64(0.9407872412623006), np.float64(0.09545454545454546), np.float64(0.584942084942085), np.float64(0.5299334811529933)]","[np.float64(0.8539823008849557), np.float64(0.6149068322981367), np.float64(0.432)]","[np.float64(0.7522123893805309), np.float64(0.6708074534161491), np.float64(0.504)]","[np.float64(0.9407872412623006), np.float64(0.048748353096179184), np.float64(0.5587096774193548), np.float64(0.33226837060702874), np.float64(0.1322314049586777), np.float64(0.21264367816091953), np.float64(0.32971014492753625)]",0.40180754553828024,0.365014124347428,0.36833206829160986
37,2.176205298437975,1.0432426645416382,0.5943419030158995,0.5386207308438521,0.7450047246344739,0.29823793899162676,4.321882751645957,1.985323022310387,1.4997366436864927,0.8368230891864449,1.6719861150849114,0.3133369007366171,0.5824665676077266,0.8600947251114414,0.8556835066864784,0.8341381872213968,0.6775631500742942,0.6701337295690936,0.6590399796282149,0.6255193440678505,0.5600747662675616,0.6448548675831874,0.6411424034374854,0.5202288792392679,0.5963827998527673,0.5544368933398031,0.6450168746221073,0.6403380054599754,0.48021035964298386,0.6088804535923013,0.5454517615465047,0.6405383097718805,0.638467686004267,"[np.float64(0.9380530973451328), np.float64(0.5186335403726708), np.float64(0.104)]","[np.float64(0.941918335029974), np.float64(0.540374787052811), np.float64(0.3068552774755169)]","[np.float64(0.941918335029974), np.float64(0.10568181818181818), np.float64(0.5337837837837838), np.float64(0.6363636363636364)]","[np.float64(0.8539823008849557), np.float64(0.6490683229813664), np.float64(0.432)]","[np.float64(0.8097345132743363), np.float64(0.65527950310559), np.float64(0.456)]","[np.float64(0.941918335029974), np.float64(0.057971014492753624), np.float64(0.5025806451612903), np.float64(0.4185303514376997), np.float64(0.10743801652892562), np.float64(0.20881226053639848), np.float64(0.3695652173913043)]",0.3918225463831991,0.37240226293976375,0.3677890333669156
38,2.111071704507517,1.0119100185040666,0.5757524664440596,0.5234092238438819,0.7218365821716947,0.2900734355115453,4.374580710861025,2.0182436846130325,1.4908803704938125,0.8654566628289152,1.6957610834953694,0.3224826067332344,0.5839524517087668,0.8589803120356612,0.8563335809806835,0.8345096582466568,0.6508172362555721,0.6344725111441307,0.5778612664824674,0.6263069628172148,0.5590600918826119,0.6244664087543047,0.6180142077128464,0.5607890214184944,0.6204322624262026,0.5297194683471913,0.6502882060865901,0.6452294105791605,0.5452143221831055,0.620845548650052,0.5344313860234895,0.6315973829652118,0.6244168051791414,"[np.float64(0.8761061946902655), np.float64(0.4782608695652174), np.float64(0.328)]","[np.float64(0.944972288202692), np.float64(0.47018739352640543), np.float64(0.44613710554951036)]","[np.float64(0.944972288202692), np.float64(0.08068181818181819), np.float64(0.5777027027027027), np.float64(0.5155210643015521)]","[np.float64(0.831858407079646), np.float64(0.5590062111801242), np.float64(0.56)]","[np.float64(0.7477876106194691), np.float64(0.5559006211180124), np.float64(0.632)]","[np.float64(0.944972288202692), np.float64(0.05665349143610013), np.float64(0.48129032258064514), np.float64(0.2747603833865815), np.float64(0.049586776859504134), np.float64(0.3314176245210728), np.float64(0.44565217391304346)]",0.37494601352922413,0.369190437271377,0.3634429237149721
39,2.085386942225932,0.9953402278849153,0.5575310627651654,0.5325156486210726,0.6976446104145512,0.29769561737696876,4.379604267437309,1.997835083955827,1.5037866798989497,0.877982490317404,1.6943315642523837,0.30350351644795975,0.6166419019316494,0.8398495542347697,0.837017087667162,0.8142644873699851,0.649331352154532,0.6329866270430906,0.6014455008956869,0.5896528951859269,0.5374909086757211,0.6289580093782464,0.6207098866990626,0.5623542388097987,0.6287161727319828,0.5680078989160879,0.6583472031367376,0.6485214459773906,0.5491477530927764,0.6034662971684902,0.5515056183884359,0.6351487982403742,0.6245928620802207,"[np.float64(0.8761061946902655), np.float64(0.5869565217391305), np.float64(0.224)]","[np.float64(0.9143196470987445), np.float64(0.5093696763202725), np.float64(0.4624591947769314)]","[np.float64(0.9143196470987445), np.float64(0.19545454545454546), np.float64(0.5458494208494209), np.float64(0.6164079822616408)]","[np.float64(0.7920353982300885), np.float64(0.5590062111801242), np.float64(0.624)]","[np.float64(0.7256637168141593), np.float64(0.5559006211180124), np.float64(0.664)]","[np.float64(0.9143196470987445), np.float64(0.11989459815546773), np.float64(0.4806451612903226), np.float64(0.3242811501597444), np.float64(0.19008264462809918), np.float64(0.2681992337164751), np.float64(0.605072463768116)]",0.36916889665391783,0.41464212840242415,0.3789243842280015
40,2.0629741301810065,0.9943130689862301,0.5467707053223811,0.5218903529178631,0.7012642170786401,0.29304885269355785,4.359322398635683,2.0118349981590975,1.4925403262458146,0.8549470655642206,1.6864683122238702,0.32536668725621276,0.537890044576523,0.8526188707280832,0.8484862555720654,0.8274517087667161,0.6612184249628529,0.649331352154532,0.528776683087028,0.6083544723625449,0.5359722863305211,0.6346141734052382,0.6238360058584779,0.4925633668627128,0.6139850692353147,0.5527417671919729,0.659420949449422,0.6508844793785156,0.444688438496488,0.6094171056935291,0.5369127224452659,0.6396601101774456,0.6306157058323901,"[np.float64(0.9557522123893806), np.float64(0.40993788819875776), np.float64(0.112)]","[np.float64(0.9346227802284809), np.float64(0.4971039182282794), np.float64(0.4102285092491839)]","[np.float64(0.9346227802284809), np.float64(0.10227272727272728), np.float64(0.5111003861003861), np.float64(0.6629711751662971)]","[np.float64(0.8672566371681416), np.float64(0.5590062111801242), np.float64(0.552)]","[np.float64(0.831858407079646), np.float64(0.5527950310559007), np.float64(0.568)]","[np.float64(0.9346227802284809), np.float64(0.05928853754940711), np.float64(0.43483870967741933), np.float64(0.4504792332268371), np.float64(0.14049586776859505), np.float64(0.2950191570881226), np.float64(0.4420289855072464)]",0.37184522663220526,0.3938247530065869,0.37418244476657486
41,2.0704433646178533,0.9926424810700191,0.5460347590521919,0.5317661248926139,0.6980495139920135,0.2945929674331709,4.444636521070577,2.038213991623604,1.5093834173785472,0.8970390986264283,1.7056036568536956,0.3326103364391037,0.5794947994056464,0.8158432392273403,0.8255479197622585,0.7934156760772659,0.6106983655274889,0.5735512630014858,0.5802047263228236,0.5563277684799196,0.5422743963607869,0.6196684902972737,0.5943843337083361,0.5938306674728375,0.6173870459161582,0.5577410007957919,0.663054581432419,0.6359128602576082,0.557303007334553,0.5599731935703217,0.5467874805909285,0.6080132770500871,0.5750445280068749,"[np.float64(0.911504424778761), np.float64(0.38198757763975155), np.float64(0.488)]","[np.float64(0.9011989593937337), np.float64(0.3775127768313458), np.float64(0.573449401523395)]","[np.float64(0.9011989593937337), np.float64(0.27045454545454545), np.float64(0.555984555984556), np.float64(0.5033259423503326)]","[np.float64(0.7654867256637168), np.float64(0.43167701863354035), np.float64(0.792)]","[np.float64(0.7035398230088495), np.float64(0.38819875776397517), np.float64(0.816)]","[np.float64(0.9011989593937337), np.float64(0.1673254281949934), np.float64(0.3109677419354839), np.float64(0.24121405750798722), np.float64(0.2231404958677686), np.float64(0.4444444444444444), np.float64(0.48188405797101447)]",0.35572073317001607,0.395739312187918,0.3535341325996853
42,2.012802285011522,0.9697695899460682,0.5309904897799268,0.5120422077854148,0.6740099698537221,0.2957596207908381,4.434990348731021,2.024853358282887,1.5122771910460837,0.8978598098372848,1.721252411338625,0.3036009531457099,0.6017830609212481,0.8347418276374443,0.8329309063893017,0.8085995542347697,0.62555720653789,0.5943536404160475,0.5810832277916324,0.576168295089118,0.5275190266239393,0.6060694835862621,0.59095984794488,0.5651114164788654,0.6095091249841514,0.5504257699651217,0.6153555763205628,0.5999448139394272,0.5569883000897652,0.5903118933267045,0.5370695281666092,0.6092098477671686,0.5866586651187271,"[np.float64(0.827433628318584), np.float64(0.5559006211180124), np.float64(0.312)]","[np.float64(0.9110394751724918), np.float64(0.5083475298126064), np.float64(0.4091403699673558)]","[np.float64(0.9110394751724918), np.float64(0.17045454545454544), np.float64(0.5714285714285714), np.float64(0.5487804878048781)]","[np.float64(0.6902654867256637), np.float64(0.6118012422360248), np.float64(0.544)]","[np.float64(0.6061946902654868), np.float64(0.577639751552795), np.float64(0.616)]","[np.float64(0.9110394751724918), np.float64(0.13965744400527008), np.float64(0.45548387096774196), np.float64(0.3514376996805112), np.float64(0.049586776859504134), np.float64(0.31800766283524906), np.float64(0.36594202898550726)]",0.349397321586246,0.37016499407232517,0.3573130839921562
43,1.9734258263095317,0.963898464960157,0.5031707859421751,0.5063565826922624,0.6670805002438003,0.2968179653306613,4.374796043871418,2.0141634516616955,1.4951575088925462,0.865475090922517,1.7022591726716265,0.3119042817646919,0.5884101040118871,0.8467217682020802,0.8443536404160475,0.8202080237741456,0.6463595839524517,0.6240713224368499,0.5646059852956404,0.5941269865029789,0.5269552395597383,0.623296652075227,0.6074229984574812,0.5351527144139687,0.6145616138385176,0.5360952676418177,0.6510701185437623,0.6307625277121237,0.5192075239954858,0.5983646086256756,0.5153610393972059,0.6307661988831966,0.6130755349894526,"[np.float64(0.8495575221238938), np.float64(0.5559006211180124), np.float64(0.2)]","[np.float64(0.9323605926931343), np.float64(0.452129471890971), np.float64(0.4591947769314472)]","[np.float64(0.9323605926931343), np.float64(0.07727272727272727), np.float64(0.5183397683397684), np.float64(0.6164079822616408)]","[np.float64(0.8053097345132744), np.float64(0.5559006211180124), np.float64(0.592)]","[np.float64(0.7079646017699115), np.float64(0.5683229813664596), np.float64(0.616)]","[np.float64(0.9323605926931343), np.float64(0.048748353096179184), np.float64(0.3870967741935484), np.float64(0.3722044728434505), np.float64(0.05785123966942149), np.float64(0.31417624521072796), np.float64(0.4963768115942029)]",0.3479488255774378,0.3726877841858092,0.3461194614943465
44,1.9549995615642148,0.9499615554197209,0.49705223114310965,0.507985774444383,0.6630800036365468,0.28688155175160385,4.377139136062532,2.0212058515152522,1.48854928059111,0.8673840177519031,1.7099325034314163,0.31127334471228213,0.5928677563150074,0.8535939821693908,0.8492756315007429,0.8281482169390788,0.674591381872214,0.6478454680534919,0.5558459089176402,0.6150918798958401,0.5494991034171859,0.6464121340861236,0.6241826671589895,0.5370091793546968,0.6232823279305791,0.554769323455415,0.6665390718041738,0.6457642683083238,0.5116385496294995,0.6180259548708699,0.5455857307123188,0.6523966059079872,0.6312727608857007,"[np.float64(0.9026548672566371), np.float64(0.5403726708074534), np.float64(0.168)]","[np.float64(0.9333220223956566), np.float64(0.5056218057921635), np.float64(0.4309031556039173)]","[np.float64(0.9333220223956566), np.float64(0.13295454545454546), np.float64(0.5386100386100386), np.float64(0.614190687361419)]","[np.float64(0.8451327433628318), np.float64(0.6024844720496895), np.float64(0.552)]","[np.float64(0.7743362831858407), np.float64(0.5869565217391305), np.float64(0.576)]","[np.float64(0.9333220223956566), np.float64(0.08563899868247694), np.float64(0.4664516129032258), np.float64(0.36900958466453676), np.float64(0.1487603305785124), np.float64(0.2796934865900383), np.float64(0.5398550724637681)]",0.3831853018815604,0.4032473011826022,0.3848060279725272
45,1.9114264497921245,0.9327285248397811,0.48936154222793565,0.4893363832824676,0.6420656122089314,0.29066291210204787,4.354270827522617,2.0001398392176415,1.4976156688231743,0.8565153168287758,1.6848206056685404,0.31531923374807797,0.5690936106983655,0.8492756315007429,0.8433320950965825,0.8216939078751857,0.6671619613670133,0.6567607726597325,0.5721623685541212,0.6033624182176817,0.5461504050904038,0.6373665094595328,0.6317702678958949,0.5463647190311293,0.6117942763105712,0.5221681876961481,0.6501276315066234,0.6537343666978143,0.521104437686087,0.6074424987270253,0.5221554697581415,0.6418172656375761,0.639133261699138,"[np.float64(0.9336283185840708), np.float64(0.4254658385093168), np.float64(0.28)]","[np.float64(0.9261395769709309), np.float64(0.534923339011925), np.float64(0.37431991294885747)]","[np.float64(0.9261395769709309), np.float64(0.10568181818181818), np.float64(0.6322393822393823), np.float64(0.4246119733924612)]","[np.float64(0.8141592920353983), np.float64(0.6242236024844721), np.float64(0.512)]","[np.float64(0.7920353982300885), np.float64(0.593167701863354), np.float64(0.576)]","[np.float64(0.9261395769709309), np.float64(0.06982872200263504), np.float64(0.5593548387096774), np.float64(0.2523961661341853), np.float64(0.08264462809917356), np.float64(0.30268199233716475), np.float64(0.26811594202898553)]",0.3670445204401084,0.3515945523261075,0.34756570721835583
46,1.9096629563403331,0.9284940753396218,0.47576194288580936,0.5054069389910588,0.6372550747405692,0.2912389998203196,4.403790368524432,2.0242738515050194,1.5015252308604978,0.8779912925261772,1.6892176845307165,0.3350561681018385,0.5676077265973254,0.8488577265973254,0.8426820208023774,0.8208116641901931,0.6567607726597325,0.6181277860326895,0.5374317675788264,0.5997815764508,0.5339880710956788,0.6220954026581458,0.5962986483014058,0.5254269224426977,0.6018133828434844,0.5445701724045969,0.6305815057073233,0.6077961120577512,0.5099526197859219,0.6007349815405068,0.5363984770074741,0.6249159579892547,0.5990743448185157,"[np.float64(0.831858407079646), np.float64(0.5124223602484472), np.float64(0.232)]","[np.float64(0.9256871394638616), np.float64(0.5478705281090289), np.float64(0.33188248095756256)]","[np.float64(0.9256871394638616), np.float64(0.11818181818181818), np.float64(0.5579150579150579), np.float64(0.5764966740576497)]","[np.float64(0.8053097345132744), np.float64(0.6304347826086957), np.float64(0.456)]","[np.float64(0.6991150442477876), np.float64(0.5962732919254659), np.float64(0.528)]","[np.float64(0.9256871394638616), np.float64(0.061923583662714096), np.float64(0.5174193548387097), np.float64(0.3738019169329074), np.float64(0.10743801652892562), np.float64(0.23180076628352492), np.float64(0.3333333333333333)]",0.3677174613635922,0.364486301577711,0.3570729318464455
47,1.8470680935215928,0.9029665717448218,0.45912302144135364,0.4849784991908209,0.6162504568888979,0.2867161155741472,4.460891279339436,2.0094110824234055,1.5336077676682516,0.9178724264178856,1.6826401920629892,0.326770889785594,0.6062407132243685,0.8026560178306092,0.8025167161961367,0.7753993313521546,0.5616641901931649,0.5468053491827637,0.5934878780450795,0.5430178877439938,0.5310190599878338,0.5680160740532257,0.5618901500123461,0.5579310723904799,0.6146810003366782,0.5782889393094479,0.5689430733432271,0.5587759394638964,0.5450475256967025,0.5689591553108445,0.5442250643535181,0.5537089573159804,0.5407669815564553,"[np.float64(0.8716814159292036), np.float64(0.562111801242236), np.float64(0.24)]","[np.float64(0.8646646306978849), np.float64(0.5441226575809199), np.float64(0.4352557127312296)]","[np.float64(0.8646646306978849), np.float64(0.3477272727272727), np.float64(0.5941119691119691), np.float64(0.5066518847006651)]","[np.float64(0.5398230088495575), np.float64(0.5590062111801242), np.float64(0.608)]","[np.float64(0.5088495575221239), np.float64(0.5434782608695652), np.float64(0.624)]","[np.float64(0.8646646306978849), np.float64(0.2648221343873518), np.float64(0.4890322580645161), np.float64(0.24440894568690097), np.float64(0.14049586776859505), np.float64(0.30842911877394635), np.float64(0.43478260869565216)]",0.3433346583148051,0.39237650915354966,0.3569964649744782
48,1.8578913819957323,0.9214738247049605,0.4504378313429872,0.4859797297607872,0.632331792751001,0.2891420310515763,4.4153024831935985,1.9865169878883249,1.5213327715587899,0.907452712780644,1.6770777521925793,0.30943923095346204,0.5601783060921248,0.7992663447251115,0.806417161961367,0.7735884101040119,0.5943536404160475,0.5943536404160475,0.6125618706263868,0.5335034585724788,0.5266772197857401,0.6016569566331742,0.6049623413359956,0.5255977573792118,0.6163305707794944,0.5531085587417419,0.6215362685281886,0.6267429597464226,0.49484749173228676,0.5538808868829829,0.5279444991660166,0.5922270955165692,0.5937377418456141,"[np.float64(0.9513274336283186), np.float64(0.4254658385093168), np.float64(0.2)]","[np.float64(0.8712249745503903), np.float64(0.45110732538330495), np.float64(0.5266594124047879)]","[np.float64(0.8712249745503903), np.float64(0.2784090909090909), np.float64(0.6481660231660231), np.float64(0.4146341463414634)]","[np.float64(0.6592920353982301), np.float64(0.5093167701863354), np.float64(0.696)]","[np.float64(0.6460176991150443), np.float64(0.5062111801242236), np.float64(0.728)]","[np.float64(0.8712249745503903), np.float64(0.1857707509881423), np.float64(0.4167741935483871), np.float64(0.20607028753993611), np.float64(0.1487603305785124), np.float64(0.4099616858237548), np.float64(0.38768115942028986)]",0.33753060781029964,0.3751776260642018,0.3395873328800601
49,1.8221695431990557,0.8904566203420349,0.4403125917902839,0.4914003358865449,0.6031974296567034,0.2872591902038851,4.404426944715687,1.9939796701736903,1.5115919753422722,0.8988552719619932,1.6857502046607722,0.3082294692271541,0.5884101040118871,0.8253621842496285,0.825501485884101,0.8002414561664191,0.5839524517087668,0.5794947994056464,0.5881565735279554,0.5650599301112672,0.5272194196307742,0.5792116509221772,0.5839712186160441,0.5718671283827113,0.6188458953498258,0.5517923305352336,0.5948970849594167,0.6066595577053445,0.5527015298734205,0.5841765782499462,0.5366499024954887,0.5779883384026525,0.5792583575436989,"[np.float64(0.9070796460176991), np.float64(0.45652173913043476), np.float64(0.352)]","[np.float64(0.8995023187422237), np.float64(0.4913117546848382), np.float64(0.4657236126224157)]","[np.float64(0.8995023187422237), np.float64(0.20227272727272727), np.float64(0.5965250965250966), np.float64(0.508869179600887)]","[np.float64(0.6283185840707964), np.float64(0.5403726708074534), np.float64(0.616)]","[np.float64(0.5973451327433629), np.float64(0.5186335403726708), np.float64(0.704)]","[np.float64(0.8995023187422237), np.float64(0.1686429512516469), np.float64(0.472258064516129), np.float64(0.23322683706070288), np.float64(0.06611570247933884), np.float64(0.3371647509578544), np.float64(0.5036231884057971)]",0.3437996228115851,0.3829334019162419,0.3542328474548548
50,1.8436813779352206,0.9243978517001804,0.43307868757953866,0.48620483935564807,0.637098565147102,0.28729928564543356,4.364477792904002,1.9941392390593577,1.5026070604692228,0.8677314908992643,1.686709533459355,0.30742970574923545,0.563150074294205,0.8428213224368499,0.8393852154531947,0.8159825408618128,0.649331352154532,0.637444279346211,0.5909396125402658,0.587430771123766,0.5599452245350645,0.6213308888947039,0.6143533275379117,0.5148012239139595,0.5984831864409802,0.554431595023464,0.6371380934058887,0.6301056450283076,0.4827939674129482,0.5927086165638159,0.5552949655651794,0.6269851834609247,0.6205525505221245,"[np.float64(0.9203539823008849), np.float64(0.4720496894409938), np.float64(0.152)]","[np.float64(0.9213889831467028), np.float64(0.5236797274275979), np.float64(0.35038084874863984)]","[np.float64(0.9213889831467028), np.float64(0.2727272727272727), np.float64(0.5313706563706564), np.float64(0.49223946784922396)]","[np.float64(0.7920353982300885), np.float64(0.5993788819875776), np.float64(0.52)]","[np.float64(0.7389380530973452), np.float64(0.5993788819875776), np.float64(0.552)]","[np.float64(0.9213889831467028), np.float64(0.19104084321475626), np.float64(0.4587096774193548), np.float64(0.3035143769968051), np.float64(0.18181818181818182), np.float64(0.25287356321839083), np.float64(0.29347826086956524)]",0.37424022807163065,0.3718319838119653,0.3679017173632371
51,1.7639960736476517,0.8777066060482183,0.42012725356718134,0.4661622117222588,0.594256531649044,0.28345007535548994,4.412040907834333,2.011985832576582,1.512346338801285,0.8877087320347568,1.6903357134374737,0.32165011750307565,0.5720653789004457,0.8335809806835067,0.8272659732540861,0.8046526745913819,0.6567607726597325,0.6508172362555721,0.6072829958359934,0.5976052317081902,0.5440361968284413,0.6353167651059054,0.6317704807041301,0.5288574726543176,0.5951256041905467,0.5604979436327925,0.6168925044431007,0.6161994906465856,0.5002310534286084,0.5914776508428407,0.5489126788843005,0.6239716434662227,0.6228254949886182,"[np.float64(0.9336283185840708), np.float64(0.468944099378882), np.float64(0.184)]","[np.float64(0.9038004750593824), np.float64(0.575809199318569), np.float64(0.3057671381936888)]","[np.float64(0.9038004750593824), np.float64(0.2806818181818182), np.float64(0.541988416988417), np.float64(0.5155210643015521)]","[np.float64(0.7168141592920354), np.float64(0.7018633540372671), np.float64(0.432)]","[np.float64(0.6858407079646017), np.float64(0.6987577639751553), np.float64(0.464)]","[np.float64(0.9038004750593824), np.float64(0.2608695652173913), np.float64(0.4729032258064516), np.float64(0.3274760383386581), np.float64(0.024793388429752067), np.float64(0.2509578544061303), np.float64(0.2826086956521739)]",0.36525254377486327,0.36048703470141996,0.3581893182179686
52,1.742042652485588,0.8659218919696965,0.4042083743579856,0.4719123887768706,0.5874579296028394,0.2784639625076078,4.364215296878306,1.9836557243981063,1.5074025427906026,0.8731570362337265,1.6892218695903745,0.29443385217681484,0.5735512630014858,0.8322343982169391,0.8341381872213968,0.8060921248142645,0.6315007429420505,0.6196136701337296,0.6242077105284652,0.571274518283076,0.5524518473102207,0.6141030266534343,0.6072221791574968,0.5140750838234487,0.6120898560166765,0.5283054748707086,0.6410878176588065,0.6303526997563166,0.4841719010069066,0.5855602651318605,0.5295311290518804,0.6211086412917991,0.6123319285570942,"[np.float64(0.8893805309734514), np.float64(0.5248447204968945), np.float64(0.128)]","[np.float64(0.9126795611356181), np.float64(0.46439522998296423), np.float64(0.4591947769314472)]","[np.float64(0.9126795611356181), np.float64(0.17954545454545454), np.float64(0.6385135135135135), np.float64(0.38248337028824836)]","[np.float64(0.7433628318584071), np.float64(0.5559006211180124), np.float64(0.624)]","[np.float64(0.6858407079646017), np.float64(0.5652173913043478), np.float64(0.64)]","[np.float64(0.9126795611356181), np.float64(0.16337285902503293), np.float64(0.45548387096774196), np.float64(0.15175718849840256), np.float64(0.01652892561983471), np.float64(0.3773946360153257), np.float64(0.35507246376811596)]",0.3426382468765194,0.34746992929001025,0.33385517928451086
53,1.71618041826033,0.8645999780408776,0.38679498980183913,0.46478545200688576,0.5853334203741256,0.2792665580863733,4.371118094164116,1.9970715558847263,1.5019014217733275,0.8721451234039284,1.6984881399647065,0.2985834170254473,0.6136701337295691,0.8408710995542348,0.8334416790490342,0.8112462852897474,0.6433878157503715,0.6315007429420505,0.6364546167120843,0.5949354552804451,0.5221188534395774,0.6212187958883995,0.6175759070235749,0.5583974788838197,0.6088437316651334,0.5443661121877187,0.62225896407043,0.6150990674068781,0.5515103210125065,0.6008516836603,0.5263798893677644,0.6217329659445334,0.6148412950346874,"[np.float64(0.8407079646017699), np.float64(0.6024844720496895), np.float64(0.232)]","[np.float64(0.9120574595633978), np.float64(0.5662691652470188), np.float64(0.3482045701849837)]","[np.float64(0.9120574595633978), np.float64(0.12045454545454545), np.float64(0.583976833976834), np.float64(0.5609756097560976)]","[np.float64(0.7168141592920354), np.float64(0.6459627329192547), np.float64(0.504)]","[np.float64(0.6460176991150443), np.float64(0.65527950310559), np.float64(0.544)]","[np.float64(0.9120574595633978), np.float64(0.08300395256916997), np.float64(0.5296774193548387), np.float64(0.365814696485623), np.float64(0.03305785123966942), np.float64(0.2681992337164751), np.float64(0.31521739130434784)]",0.3454181035850269,0.35814685774764593,0.3464927778583865
54,1.7100162839573603,0.863325784704706,0.3890495067908748,0.45764099417132365,0.5853829960530089,0.2779427875151679,4.354418209115546,1.9907430895004499,1.5003596409845776,0.8633154779230452,1.6948128072019855,0.29593028469724186,0.62555720653789,0.843099925705795,0.8395709509658247,0.8152860326894502,0.6567607726597325,0.6344725111441307,0.6237914375103076,0.5894715428248155,0.5611101366418025,0.6235457704169892,0.6131951762088749,0.5893347990985544,0.5952053680866667,0.5262703192510634,0.6376745634767951,0.6287872625002291,0.5826705357277143,0.591728468029315,0.5290713789943895,0.6283453966153326,0.6184450412554482,"[np.float64(0.8716814159292036), np.float64(0.5683229813664596), np.float64(0.328)]","[np.float64(0.9188440221694378), np.float64(0.5522998296422488), np.float64(0.3144722524483134)]","[np.float64(0.9188440221694378), np.float64(0.1534090909090909), np.float64(0.6558880308880309), np.float64(0.376940133037694)]","[np.float64(0.827433628318584), np.float64(0.6055900621118012), np.float64(0.48)]","[np.float64(0.7300884955752213), np.float64(0.5962732919254659), np.float64(0.56)]","[np.float64(0.9188440221694378), np.float64(0.09617918313570488), np.float64(0.5916129032258064), np.float64(0.1757188498402556), np.float64(0.11570247933884298), np.float64(0.2413793103448276), np.float64(0.2572463768115942)]",0.3571246208900459,0.3423833035523528,0.33820753514931223
55,1.7188467003201737,0.8654994325791315,0.37912387986227136,0.4742233881066892,0.5845304948088417,0.28096893906598586,4.352612680780428,1.99671741798299,1.499497287704966,0.8563979733237881,1.6773219656873528,0.31939545446227496,0.5512630014858841,0.8456073551263001,0.8412890044576523,0.8185364041604755,0.6523031203566122,0.6285289747399703,0.571588610444682,0.5930047689093911,0.5345070062961481,0.6216260856685921,0.6014971510321089,0.5009306143388482,0.5973266509245695,0.5354486460603574,0.6373921838069587,0.6158645632935745,0.47151216755389364,0.5951362616985659,0.5316712473894768,0.6267417800453514,0.6071844119177442,"[np.float64(0.8805309734513275), np.float64(0.4782608695652174), np.float64(0.144)]","[np.float64(0.9254043660219432), np.float64(0.5216354344122658), np.float64(0.34494015233949943)]","[np.float64(0.9254043660219432), np.float64(0.12954545454545455), np.float64(0.5646718146718147), np.float64(0.5221729490022173)]","[np.float64(0.8230088495575221), np.float64(0.593167701863354), np.float64(0.496)]","[np.float64(0.7566371681415929), np.float64(0.5869565217391305), np.float64(0.504)]","[np.float64(0.9254043660219432), np.float64(0.08695652173913043), np.float64(0.49806451612903224), np.float64(0.31309904153354634), np.float64(0.0743801652892562), np.float64(0.2509578544061303), np.float64(0.32971014492753625)]",0.3512786680873571,0.354081801435225,0.3493401966329514
56,1.6939094959047418,0.8528696919576585,0.3736407962039939,0.46739900720113337,0.5607461834390441,0.2921235095065003,4.4308521952756434,2.001440988450093,1.5197717757890061,0.9096394266148349,1.7000671586226286,0.30137382655539924,0.5898959881129272,0.818768573551263,0.819511515601783,0.7915583209509658,0.5809806835066865,0.5824665676077266,0.6265789205183144,0.5553598857283008,0.5246092816892525,0.580647206242351,0.5909328443356533,0.5432809688708111,0.6144186506017028,0.5508889028984909,0.5987853936495723,0.6015094450246431,0.5298018036557934,0.5746767000445004,0.5343409856222155,0.576169117203371,0.5783050745184268,"[np.float64(0.8716814159292036), np.float64(0.5341614906832298), np.float64(0.224)]","[np.float64(0.8931116389548693), np.float64(0.48006814310051105), np.float64(0.470076169749728)]","[np.float64(0.8931116389548693), np.float64(0.24772727272727274), np.float64(0.5815637065637066), np.float64(0.4811529933481153)]","[np.float64(0.6061946902654868), np.float64(0.5341614906832298), np.float64(0.656)]","[np.float64(0.5575221238938053), np.float64(0.5590062111801242), np.float64(0.688)]","[np.float64(0.8931116389548693), np.float64(0.18972332015810275), np.float64(0.42193548387096774), np.float64(0.2507987220447284), np.float64(0.0743801652892562), np.float64(0.3524904214559387), np.float64(0.38768115942028986)]",0.3356021094785829,0.36716013017059324,0.3447264501032487
57,1.635461835957363,0.8298573229483012,0.36055594908432637,0.4450485639315001,0.5559459643938377,0.2739113578270321,4.3101603390555,1.980042582803381,1.4948314644108893,0.8352862930793084,1.6804146819723111,0.29962789976985943,0.5913818722139673,0.8627878900445766,0.8587481426448736,0.8373421248142645,0.6597325408618128,0.662704309063893,0.646425388337153,0.630890893200507,0.5636459783260129,0.6232873128248179,0.6271849947784105,0.5252483189505122,0.5714351047648493,0.5208650542198714,0.6250043423294674,0.6259403799996335,0.48330734146336973,0.5933918720183792,0.5306987867542742,0.617203592228701,0.6230419668494075,"[np.float64(0.9424778761061947), np.float64(0.5372670807453416), np.float64(0.096)]","[np.float64(0.9522678430041851), np.float64(0.517206132879046), np.float64(0.24483133841131666)]","[np.float64(0.9522678430041851), np.float64(0.08409090909090909), np.float64(0.5448841698841699), np.float64(0.5022172949002217)]","[np.float64(0.8761061946902655), np.float64(0.6149068322981367), np.float64(0.384)]","[np.float64(0.831858407079646), np.float64(0.6459627329192547), np.float64(0.4)]","[np.float64(0.9522678430041851), np.float64(0.061923583662714096), np.float64(0.4838709677419355), np.float64(0.35303514376996803), np.float64(0.05785123966942149), np.float64(0.22796934865900384), np.float64(0.18478260869565216)]",0.3874425720224764,0.33167153360041146,0.3451579117523485
58,1.6389393179004523,0.8286844631882683,0.3569418699106724,0.45331298698664085,0.5473935607793865,0.28129090150649855,4.355519533864822,1.9964523517059642,1.4964203272092236,0.8626468614937643,1.685435813683077,0.311016540344285,0.5735512630014858,0.8472789747399703,0.8466289004457652,0.8214153046062407,0.6404160475482912,0.637444279346211,0.5914695977279192,0.5910279903560919,0.536196504127511,0.6134310609049983,0.6162456608423327,0.5313966910350134,0.5987767572375982,0.5267511412629018,0.6384597006174536,0.6409013723226882,0.5065471771872426,0.5923257122218392,0.5270907556792062,0.6203339646700169,0.6232087464466151,"[np.float64(0.915929203539823), np.float64(0.4782608695652174), np.float64(0.2)]","[np.float64(0.9345662255400973), np.float64(0.46132879045996594), np.float64(0.40043525571273125)]","[np.float64(0.9345662255400973), np.float64(0.10454545454545454), np.float64(0.5579150579150579), np.float64(0.5099778270509978)]","[np.float64(0.8185840707964602), np.float64(0.5527950310559007), np.float64(0.544)]","[np.float64(0.7654867256637168), np.float64(0.5652173913043478), np.float64(0.592)]","[np.float64(0.9345662255400973), np.float64(0.061923583662714096), np.float64(0.4206451612903226), np.float64(0.3242811501597444), np.float64(0.049586776859504134), np.float64(0.32375478927203066), np.float64(0.3188405797101449)]",0.34827851504026613,0.34765689521350834,0.3430532969365951
59,1.617474131778145,0.8252967687180848,0.34480041652634386,0.44737694879307843,0.5468638932094844,0.2784328767003776,4.377477998903315,2.0083657771967993,1.4983903838194443,0.8707218348803082,1.668257650706464,0.34010812342830155,0.6077265973254086,0.8411497028231798,0.8363670133729569,0.8131036404160475,0.6463595839524517,0.6433878157503715,0.6103396103212366,0.5911032006096936,0.5428479104348793,0.619533041484261,0.6222972457978578,0.5248328477986038,0.6052357396609719,0.5280614475077426,0.6296061122409718,0.6225712453507759,0.48337634644200483,0.5978155318354738,0.5274615956168389,0.6237157670767987,0.6221207963673829,"[np.float64(0.8893805309734514), np.float64(0.6211180124223602), np.float64(0.064)]","[np.float64(0.9171473815179279), np.float64(0.5318568994889268), np.float64(0.36670293797606096)]","[np.float64(0.9171473815179279), np.float64(0.1590909090909091), np.float64(0.6158301158301158), np.float64(0.42017738359201773)]","[np.float64(0.7699115044247787), np.float64(0.6149068322981367), np.float64(0.504)]","[np.float64(0.7035398230088495), np.float64(0.6521739130434783), np.float64(0.512)]","[np.float64(0.9171473815179279), np.float64(0.13570487483530963), np.float64(0.5161290322580645), np.float64(0.22523961661341854), np.float64(0.049586776859504134), np.float64(0.3007662835249042), np.float64(0.31521739130434784)]",0.3562238616987216,0.3513987652733538,0.3485946183480939
60,1.5958601850400858,0.8179111254048762,0.33464402751628436,0.44330503255305354,0.5292327705502176,0.28867835575178014,4.328480959646072,1.978322709703304,1.4903329571913542,0.8598252826699163,1.6681716297076081,0.3101510771326389,0.5898959881129272,0.8409639673105498,0.8467217682020802,0.8183506686478454,0.6315007429420505,0.6300148588410104,0.5965732857552264,0.5866851193393893,0.5386708801679532,0.6197011448763942,0.6209441262851385,0.5621766613532678,0.6059614888589531,0.5185549247707075,0.6608629692738965,0.6628358159731765,0.5389622988465804,0.5789881798350063,0.5213723704936064,0.6217437793636559,0.6235041243724998,"[np.float64(0.9469026548672567), np.float64(0.45962732919254656), np.float64(0.28)]","[np.float64(0.9363759755683746), np.float64(0.36899488926746166), np.float64(0.5125136017410229)]","[np.float64(0.9363759755683746), np.float64(0.10113636363636364), np.float64(0.5588803088803089), np.float64(0.4778270509977827)]","[np.float64(0.827433628318584), np.float64(0.4751552795031056), np.float64(0.68)]","[np.float64(0.7920353982300885), np.float64(0.484472049689441), np.float64(0.712)]","[np.float64(0.9363759755683746), np.float64(0.07905138339920949), np.float64(0.3445161290322581), np.float64(0.2108626198083067), np.float64(0.04132231404958678), np.float64(0.38697318007662834), np.float64(0.4855072463768116)]",0.3463533557836261,0.35494412118731083,0.3348921743704077
61,1.5695593595089128,0.8117151917377543,0.32278850476417176,0.4350556609707205,0.5332698364987615,0.27844535563099015,4.334624046387941,1.979995058976578,1.5025384564074282,0.8520905380786703,1.6757276949613666,0.30426736258921,0.5453194650817236,0.8522473997028231,0.8469075037147102,0.8246656760772659,0.6612184249628529,0.6537890044576523,0.6101935353782905,0.6098515262001191,0.5407048661181388,0.6264561973952633,0.6228963251349237,0.5361426189560087,0.582765642750949,0.5297905555476815,0.6277283937045383,0.6334055222704703,0.5053842547046606,0.5933852982908202,0.5338340872384312,0.6237251744498121,0.6261804345330966,"[np.float64(0.9646017699115044), np.float64(0.34782608695652173), np.float64(0.296)]","[np.float64(0.9350186630471666), np.float64(0.5325383304940374), np.float64(0.2807399347116431)]","[np.float64(0.9350186630471666), np.float64(0.13636363636363635), np.float64(0.5477799227799228), np.float64(0.5)]","[np.float64(0.827433628318584), np.float64(0.639751552795031), np.float64(0.416)]","[np.float64(0.8053097345132744), np.float64(0.6149068322981367), np.float64(0.48)]","[np.float64(0.9350186630471666), np.float64(0.09749670619235837), np.float64(0.4935483870967742), np.float64(0.30990415335463256), np.float64(0.08264462809917356), np.float64(0.20306513409961685), np.float64(0.2826086956521739)]",0.3643057223037892,0.3434694810774137,0.3501942419178424
62,1.549154389020804,0.8034070393795906,0.32323524914682683,0.4225120970054467,0.5239180268629554,0.27948901124067055,4.310428659003283,1.982853049340517,1.4880096565722005,0.8395659509681452,1.679712920585089,0.303140131342128,0.5780089153046062,0.8591660475482912,0.8558692421991084,0.8338131500742942,0.6597325408618128,0.6419019316493314,0.5826586168049582,0.6262217656449499,0.5663539902967994,0.6287664783427496,0.611853855454635,0.5334953736785211,0.5946957023128429,0.5142491467501606,0.6405670312757654,0.6263156891844849,0.5130572711012115,0.6090571089748972,0.5293574157496267,0.6276556740964944,0.6168525133086238,"[np.float64(0.8893805309734514), np.float64(0.5031055900621118), np.float64(0.208)]","[np.float64(0.9463296007239), np.float64(0.4960817717206133), np.float64(0.3416757344940152)]","[np.float64(0.9463296007239), np.float64(0.11136363636363636), np.float64(0.597972972972973), np.float64(0.401330376940133)]","[np.float64(0.8849557522123894), np.float64(0.5807453416149069), np.float64(0.456)]","[np.float64(0.8008849557522124), np.float64(0.5900621118012422), np.float64(0.488)]","[np.float64(0.9463296007239), np.float64(0.07905138339920949), np.float64(0.5245161290322581), np.float64(0.18370607028753994), np.float64(0.06611570247933884), np.float64(0.23180076628352492), np.float64(0.38768115942028986)]",0.37596605333908234,0.3456001159465802,0.352022305650881
63,1.5241713766429346,0.7863946122148562,0.3163621896436045,0.4214145769066592,0.5104780335510379,0.2759165770142723,4.336433085914182,1.9862474935344843,1.4936918451807266,0.8564937358793944,1.6729387165177116,0.31330877241819477,0.5601783060921248,0.8550798662704309,0.8460252600297177,0.8261051263001485,0.6760772659732541,0.6716196136701337,0.6127070744440334,0.6301244749997126,0.526204976495092,0.6479484506970997,0.643764944216152,0.5353865772549882,0.5955184938820562,0.5340461809776667,0.6360091610326316,0.6428772238406714,0.5081144010689974,0.608360605515361,0.5258250852685447,0.6371449967413646,0.6424096234805616,"[np.float64(0.9513274336283186), np.float64(0.40683229813664595), np.float64(0.248)]","[np.float64(0.9349621083587829), np.float64(0.5458262350936968), np.float64(0.3057671381936888)]","[np.float64(0.9349621083587829), np.float64(0.11477272727272728), np.float64(0.5188223938223938), np.float64(0.5676274944567627)]","[np.float64(0.8230088495575221), np.float64(0.6770186335403726), np.float64(0.408)]","[np.float64(0.7920353982300885), np.float64(0.6645962732919255), np.float64(0.472)]","[np.float64(0.9349621083587829), np.float64(0.09881422924901186), np.float64(0.4838709677419355), np.float64(0.3562300319488818), np.float64(0.024793388429752067), np.float64(0.18773946360153257), np.float64(0.39855072463768115)]",0.3676909949745507,0.3549944162810825,0.3523291112032126
64,1.5415810576872242,0.8050822212389364,0.30536314898784384,0.4311356861962605,0.5291280897915261,0.2759541310790905,4.357296438528452,1.9828273988265313,1.5020853811626265,0.8723836680901864,1.681721038563669,0.3011063621199803,0.5720653789004457,0.8429141901931649,0.8397566864784547,0.8169112184249628,0.6389301634472511,0.637444279346211,0.5941489091831558,0.5910131808410976,0.5444023230161439,0.616536385621628,0.6216593076085647,0.5451721724472783,0.6006477638492932,0.5403744661534984,0.628190183037432,0.6391998387658258,0.5213644737192715,0.5956736483081406,0.541365871517972,0.6208322144330556,0.6260364456236069,"[np.float64(0.9336283185840708), np.float64(0.43788819875776397), np.float64(0.264)]","[np.float64(0.9224635222259925), np.float64(0.5127768313458262), np.float64(0.36670293797606096)]","[np.float64(0.9224635222259925), np.float64(0.1943181818181818), np.float64(0.5646718146718147), np.float64(0.48004434589800443)]","[np.float64(0.7256637168141593), np.float64(0.6149068322981367), np.float64(0.544)]","[np.float64(0.6991150442477876), np.float64(0.6024844720496895), np.float64(0.616)]","[np.float64(0.9224635222259925), np.float64(0.17391304347826086), np.float64(0.4664516129032258), np.float64(0.2827476038338658), np.float64(0.04132231404958678), np.float64(0.29310344827586204), np.float64(0.3333333333333333)]",0.3584507515616265,0.3590478397285896,0.3580151151377281
65,1.5159159874105643,0.7884275772491522,0.3040767124189162,0.42341169798119976,0.5128092662366622,0.27561831108220763,4.3333436650409185,1.9839748770263852,1.49642199366312,0.852946794528282,1.6852682708632698,0.2987066065168522,0.5884101040118871,0.8541976225854383,0.850761515601783,0.8293554977711739,0.649331352154532,0.6478454680534919,0.5854293699186992,0.6210929462763407,0.5548863609689385,0.6162281752687657,0.6172787665503131,0.5450115978673116,0.5777301095083712,0.5326495593131724,0.6108497407427764,0.6201004782059033,0.5228302269564745,0.5943720188945049,0.5420009633117253,0.6084445791951097,0.6181304276800601,"[np.float64(0.915929203539823), np.float64(0.5031055900621118), np.float64(0.216)]","[np.float64(0.9402782490668476), np.float64(0.5165247018739353), np.float64(0.2763873775843308)]","[np.float64(0.9402782490668476), np.float64(0.15113636363636362), np.float64(0.5347490347490348), np.float64(0.5044345898004434)]","[np.float64(0.8230088495575221), np.float64(0.6335403726708074), np.float64(0.376)]","[np.float64(0.7787610619469026), np.float64(0.6335403726708074), np.float64(0.448)]","[np.float64(0.9402782490668476), np.float64(0.1370223978919631), np.float64(0.472258064516129), np.float64(0.329073482428115), np.float64(0.008264462809917356), np.float64(0.23563218390804597), np.float64(0.25)]",0.3681703282374701,0.3389326915172883,0.3495566071344324
66,1.491402503557945,0.7799766152392381,0.28997181217537116,0.42145407587871,0.5108378563660605,0.269138758481838,4.313861870270455,1.9777074850631398,1.4931252119449197,0.8430291732623952,1.6768521986658567,0.30085528104701453,0.5676077265973254,0.8560085438335809,0.8502507429420505,0.8289375928677564,0.6641901931649331,0.6597325408618128,0.5819752143281556,0.6150490788039152,0.539288586797293,0.6317571317571318,0.6274682433768288,0.5239355796185345,0.5923288447453854,0.5353193922510228,0.63927532567471,0.6413764268308323,0.48668838265449077,0.6028344860894665,0.5338433500150199,0.6321350768776781,0.6318538878657539,"[np.float64(0.9646017699115044), np.float64(0.4472049689440994), np.float64(0.16)]","[np.float64(0.940900350639068), np.float64(0.510732538330494), np.float64(0.3253536452665941)]","[np.float64(0.940900350639068), np.float64(0.12613636363636363), np.float64(0.5077220077220077), np.float64(0.5665188470066519)]","[np.float64(0.8407079646017699), np.float64(0.6211180124223602), np.float64(0.456)]","[np.float64(0.827433628318584), np.float64(0.6086956521739131), np.float64(0.488)]","[np.float64(0.940900350639068), np.float64(0.08432147562582346), np.float64(0.447741935483871), np.float64(0.3769968051118211), np.float64(0.06611570247933884), np.float64(0.2222222222222222), np.float64(0.35144927536231885)]",0.3651604694785216,0.3556782524177805,0.3563382727191064
67,1.4907704447878285,0.7744797095064414,0.29384366405205287,0.4224470732574054,0.5018668973208025,0.27261281274732646,4.326372543499095,1.9845810343320716,1.491390455370487,0.8504010560958251,1.668813025562275,0.3157680035079622,0.5260029717682021,0.8489505943536404,0.8475111441307578,0.8226225854383358,0.6404160475482912,0.6389301634472511,0.5891662975963053,0.6014943981025392,0.5524485170509335,0.6156883893945129,0.6167693059628544,0.48728983675039844,0.6074796257697034,0.5089951798507213,0.6387719818977996,0.6386736290514667,0.4491427178616891,0.6034301404785998,0.5167327737995528,0.6226133073383582,0.6244532212269633,"[np.float64(0.9203539823008849), np.float64(0.39751552795031053), np.float64(0.144)]","[np.float64(0.9343400067865626), np.float64(0.46916524701873935), np.float64(0.41893362350380847)]","[np.float64(0.9343400067865626), np.float64(0.10909090909090909), np.float64(0.6322393822393823), np.float64(0.360310421286031)]","[np.float64(0.8053097345132744), np.float64(0.5590062111801242), np.float64(0.552)]","[np.float64(0.7654867256637168), np.float64(0.5745341614906833), np.float64(0.576)]","[np.float64(0.9343400067865626), np.float64(0.09354413702239789), np.float64(0.4890322580645161), np.float64(0.14376996805111822), np.float64(0.01652892561983471), np.float64(0.32567049808429116), np.float64(0.37681159420289856)]",0.35236682543293046,0.3399567696902313,0.334215237214722
68,1.4734420949820313,0.7802209149842813,0.2823769648965535,0.41084421626507367,0.4993983932167601,0.28082252111967315,4.430270794944876,2.0319054830675665,1.5005267536604794,0.8978385576862256,1.7146908642630194,0.317214621236487,0.5839524517087668,0.8437035661218425,0.8414283060921248,0.8185364041604755,0.6389301634472511,0.5765230312035661,0.5562775881308508,0.5911882963936411,0.5445032636698963,0.61408042796532,0.5823122751357619,0.5389299913886293,0.5988533792706527,0.5505307824166088,0.6250546913648106,0.5717622528811447,0.5428923474877387,0.5947846069990382,0.5474064264807698,0.6187665131674638,0.5642253865777148,"[np.float64(0.672566371681416), np.float64(0.6242236024844721), np.float64(0.32)]","[np.float64(0.9260264675941635), np.float64(0.4940374787052811), np.float64(0.3764961915125136)]","[np.float64(0.9260264675941635), np.float64(0.22045454545454546), np.float64(0.5135135135135135), np.float64(0.5421286031042128)]","[np.float64(0.7433628318584071), np.float64(0.6118012422360248), np.float64(0.52)]","[np.float64(0.5132743362831859), np.float64(0.6180124223602484), np.float64(0.584)]","[np.float64(0.9260264675941635), np.float64(0.18972332015810275), np.float64(0.41870967741935483), np.float64(0.3274760383386581), np.float64(0.09090909090909091), np.float64(0.2662835249042146), np.float64(0.38405797101449274)]",0.3632378024732252,0.37188372719115387,0.36723430956284064
69,1.4568974320262777,0.7718645655970254,0.2767961896911684,0.40823667700568345,0.4919450952931178,0.2799194709695139,4.405605624620568,2.0336246745168984,1.4916280582326102,0.8803528941703479,1.6665294449831682,0.36709523236362446,0.5794947994056464,0.8515044576523031,0.8459323922734027,0.8246192421991084,0.6433878157503715,0.6315007429420505,0.5615107552341182,0.612490048920646,0.5337524509422219,0.6181008029248353,0.6110486853820101,0.5364743216255337,0.6030686988184275,0.5185645338060827,0.6270959892999138,0.6224470217482915,0.5174706134813429,0.6075884465026302,0.5191056073916211,0.6218450367922242,0.6150022471910113,"[np.float64(0.8761061946902655), np.float64(0.5093167701863354), np.float64(0.224)]","[np.float64(0.9332654677072729), np.float64(0.5114139693356048), np.float64(0.3645266594124048)]","[np.float64(0.9332654677072729), np.float64(0.09431818181818181), np.float64(0.5888030888030888), np.float64(0.45787139689578715)]","[np.float64(0.7654867256637168), np.float64(0.6118012422360248), np.float64(0.504)]","[np.float64(0.7035398230088495), np.float64(0.6118012422360248), np.float64(0.552)]","[np.float64(0.9332654677072729), np.float64(0.08959156785243742), np.float64(0.515483870967742), np.float64(0.22843450479233227), np.float64(0.0), np.float64(0.2662835249042146), np.float64(0.391304347826087)]",0.34673825195957503,0.3463376120071552,0.34156251733272125
70,1.4500937516587857,0.7654347336326672,0.27205873909481254,0.4126002789327858,0.4773249950819448,0.28810973792326355,4.363581298720589,1.9998913179165532,1.4937357502804312,0.8699542253944216,1.696555805843025,0.3033355089783315,0.5735512630014858,0.8450037147102526,0.8393852154531947,0.8170969539375929,0.6523031203566122,0.6389301634472511,0.5744718754094881,0.5958209236915543,0.5324238019584633,0.6225744654554444,0.617388532991957,0.5182748676230784,0.5931286652618092,0.5339780714389659,0.6248375382473111,0.6128123270855091,0.49805863563190206,0.592840683681945,0.5268011364336493,0.622858977866037,0.6147761885316179,"[np.float64(0.8495575221238938), np.float64(0.5372670807453416), np.float64(0.168)]","[np.float64(0.9204841081325642), np.float64(0.561839863713799), np.float64(0.2970620239390642)]","[np.float64(0.9204841081325642), np.float64(0.12954545454545455), np.float64(0.6047297297297297), np.float64(0.4811529933481153)]","[np.float64(0.7787610619469026), np.float64(0.639751552795031), np.float64(0.456)]","[np.float64(0.6858407079646017), np.float64(0.6645962732919255), np.float64(0.488)]","[np.float64(0.9204841081325642), np.float64(0.10013175230566534), np.float64(0.5496774193548387), np.float64(0.2971246006389776), np.float64(0.10743801652892562), np.float64(0.23371647509578544), np.float64(0.2608695652173913)]",0.3606959777889115,0.3527774196105926,0.35012903901810066
71,1.4381335319555448,0.7613868954298144,0.2639744899462171,0.41277214799988976,0.4819962078806749,0.2793906873202551,4.386227992592651,2.0199631767386146,1.4972888457668996,0.8689759755700561,1.6642366371805661,0.35572653971280827,0.5601783060921248,0.8510865527488856,0.8464431649331352,0.825037147102526,0.6463595839524517,0.6448736998514116,0.58416966849711,0.6003228238729611,0.5425648590231109,0.6136463217481958,0.6155363456546631,0.5267894977921911,0.577673737166651,0.5336611343831377,0.6209516480697704,0.628698363839572,0.4959258706385144,0.5873598050337343,0.5373339135084059,0.614753871584823,0.6206586472847337,"[np.float64(0.9469026548672567), np.float64(0.4254658385093168), np.float64(0.208)]","[np.float64(0.935471100554236), np.float64(0.5233390119250426), np.float64(0.27421109902067464)]","[np.float64(0.935471100554236), np.float64(0.1590909090909091), np.float64(0.5212355212355212), np.float64(0.5188470066518847)]","[np.float64(0.8141592920353983), np.float64(0.6086956521739131), np.float64(0.44)]","[np.float64(0.7876106194690266), np.float64(0.6024844720496895), np.float64(0.496)]","[np.float64(0.935471100554236), np.float64(0.09749670619235837), np.float64(0.48), np.float64(0.35303514376996803), np.float64(0.1652892561983471), np.float64(0.21264367816091953), np.float64(0.20652173913043478)]",0.37049767720249005,0.3500653748580376,0.35161067744227187
72,1.4115191282376351,0.7481537563673265,0.26179357513646245,0.4015717976995702,0.46463330486774584,0.2835204514916881,4.366090559464181,1.9950127017957875,1.4994739410785256,0.871603912345026,1.6791077717829175,0.3159049330638495,0.5824665676077266,0.8417997771173849,0.8385029717682021,0.8144502228826151,0.6656760772659732,0.649331352154532,0.5792153439802044,0.5940919337221263,0.5367318524596978,0.6327072624413083,0.6255871079770451,0.5471417944630719,0.5837996907786248,0.5356722263633074,0.6298270763480459,0.6289106799318419,0.5314986654693308,0.5849044493297472,0.5313398450946978,0.6297865439643048,0.6269529004254341,"[np.float64(0.8805309734513275), np.float64(0.4968944099378882), np.float64(0.264)]","[np.float64(0.9176563737133808), np.float64(0.5638841567291312), np.float64(0.26985854189336234)]","[np.float64(0.9176563737133808), np.float64(0.1409090909090909), np.float64(0.624034749034749), np.float64(0.46008869179600886)]","[np.float64(0.8008849557522124), np.float64(0.6645962732919255), np.float64(0.424)]","[np.float64(0.7256637168141593), np.float64(0.6490683229813664), np.float64(0.512)]","[np.float64(0.9176563737133808), np.float64(0.12121212121212122), np.float64(0.5580645161290323), np.float64(0.26357827476038337), np.float64(0.024793388429752067), np.float64(0.22413793103448276), np.float64(0.2608695652173913)]",0.3510862453471863,0.3386160243566491,0.3386338106665315
73,1.3891393924163873,0.7370748075056345,0.25357029058239017,0.39849429455748026,0.4674284390629892,0.2696463679368634,4.326673300400686,1.9943200314434062,1.4903255265968844,0.842027752441893,1.668422397944623,0.3258976355825139,0.5319465081723626,0.8534082466567607,0.8510865527488856,0.8289375928677564,0.662704309063893,0.6686478454680534,0.6219750556243446,0.6062705057030723,0.5554978726415314,0.6260816498316498,0.6341651928735098,0.4893020392458638,0.5794131014107762,0.5272819240819718,0.6356718151670057,0.6445795635684054,0.43978198721555106,0.5908130273738499,0.5361955093101003,0.6250997146137638,0.6352467999118464,"[np.float64(0.9646017699115044), np.float64(0.391304347826087), np.float64(0.112)]","[np.float64(0.938864381857256), np.float64(0.5175468483816014), np.float64(0.28182807399347115)]","[np.float64(0.938864381857256), np.float64(0.13295454545454546), np.float64(0.5772200772200772), np.float64(0.46008869179600886)]","[np.float64(0.8805309734513275), np.float64(0.6024844720496895), np.float64(0.424)]","[np.float64(0.8628318584070797), np.float64(0.6149068322981367), np.float64(0.456)]","[np.float64(0.938864381857256), np.float64(0.0764163372859025), np.float64(0.5219354838709678), np.float64(0.28594249201277955), np.float64(0.15702479338842976), np.float64(0.21455938697318008), np.float64(0.26811594202898553)]",0.3788516292209588,0.35183697391678587,0.35731033510023347
74,1.3842875719312417,0.7390044289278858,0.24663488926571683,0.3986482553296658,0.4637519244905237,0.27525250471097096,4.355706364889174,2.004056641185319,1.4958990493938549,0.8557506677658693,1.6676835426590917,0.33637309605007004,0.5304606240713224,0.8546619613670133,0.8493220653789004,0.8278696136701337,0.6716196136701337,0.6686478454680534,0.576941082623368,0.6103584468159263,0.542354686462868,0.6390130059243915,0.6416905645524067,0.5202016160061562,0.5802929659340741,0.5187014565338532,0.639244617893329,0.6544257681525861,0.49110253884031785,0.592015992112778,0.5225472640463776,0.634395715832207,0.6459731199071213,"[np.float64(0.9247787610619469), np.float64(0.34782608695652173), np.float64(0.288)]","[np.float64(0.9377898427779663), np.float64(0.5386712095400341), np.float64(0.264417845484222)]","[np.float64(0.9377898427779663), np.float64(0.09545454545454546), np.float64(0.5859073359073359), np.float64(0.4556541019955654)]","[np.float64(0.8539823008849557), np.float64(0.639751552795031), np.float64(0.424)]","[np.float64(0.8141592920353983), np.float64(0.6211180124223602), np.float64(0.528)]","[np.float64(0.9377898427779663), np.float64(0.08036890645586298), np.float64(0.5335483870967742), np.float64(0.2827476038338658), np.float64(0.024793388429752067), np.float64(0.210727969348659), np.float64(0.25)]",0.36119351602556327,0.33142515684898294,0.33787547497096526
75,1.3711336601718331,0.7324934406488495,0.24767119226555037,0.39096902391374355,0.45721111057314967,0.2752823294271941,4.31016692563405,1.9764308600468168,1.4886396567970073,0.8450964132119357,1.6631982008144481,0.3132326585912209,0.537890044576523,0.8585159732540861,0.8548476968796433,0.8346489598811293,0.6433878157503715,0.6419019316493314,0.6475506957598419,0.6243413679042127,0.5520162534336972,0.6061671198497321,0.608744734613918,0.4841511203942909,0.5771439836049217,0.5201364832867932,0.6099718939518862,0.6073626119936238,0.437321697574152,0.5966667313168624,0.5246823592240899,0.6049866736365592,0.6068708620297222,"[np.float64(0.9203539823008849), np.float64(0.4440993788819876), np.float64(0.088)]","[np.float64(0.9484221241940957), np.float64(0.4957410562180579), np.float64(0.28726877040261156)]","[np.float64(0.9484221241940957), np.float64(0.07954545454545454), np.float64(0.5304054054054054), np.float64(0.5221729490022173)]","[np.float64(0.8230088495575221), np.float64(0.6149068322981367), np.float64(0.392)]","[np.float64(0.7743362831858407), np.float64(0.639751552795031), np.float64(0.408)]","[np.float64(0.9484221241940957), np.float64(0.06851119894598155), np.float64(0.46838709677419355), np.float64(0.3514376996805112), np.float64(0.024793388429752067), np.float64(0.24521072796934865), np.float64(0.2753623188405797)]",0.3792948307856031,0.34030350783349456,0.3491251788632087
76,1.3628441099233917,0.7268410088196718,0.2397531390503565,0.3962499641856968,0.44443873143882295,0.2824022774966065,4.338744745056424,1.985980262742198,1.4967898569050457,0.8559746071917367,1.6814226920243893,0.30455756669405304,0.5052005943536404,0.8548476968796433,0.8514580237741456,0.8298198365527489,0.6537890044576523,0.6523031203566122,0.5626000757329871,0.6091037169227067,0.5534731236070771,0.6152847574173849,0.6190978392242417,0.48698319866615364,0.5691276750653304,0.5245456467566643,0.6206086590080434,0.6320580443027538,0.44072635794526294,0.5850794964541077,0.5373956037532971,0.6143213443052818,0.6233383486670291,"[np.float64(0.9646017699115044), np.float64(0.30434782608695654), np.float64(0.192)]","[np.float64(0.9433887569279493), np.float64(0.5093696763202725), np.float64(0.2546245919477693)]","[np.float64(0.9433887569279493), np.float64(0.1534090909090909), np.float64(0.527992277992278), np.float64(0.47339246119733924)]","[np.float64(0.8407079646017699), np.float64(0.6211180124223602), np.float64(0.4)]","[np.float64(0.8185840707964602), np.float64(0.6055900621118012), np.float64(0.472)]","[np.float64(0.9433887569279493), np.float64(0.12648221343873517), np.float64(0.4670967741935484), np.float64(0.3083067092651757), np.float64(0.0743801652892562), np.float64(0.210727969348659), np.float64(0.21014492753623187)]",0.3685180559849991,0.3343610737142222,0.34753687974799125
77,1.3517221565923527,0.7202518489349912,0.23809162974685294,0.39337867717401453,0.45779180086525567,0.2624600473554584,4.347867053764864,1.9956575755903205,1.490835198662755,0.8613742727907899,1.7040382942035572,0.29161928429403716,0.5586924219910847,0.8526188707280832,0.8490898959881129,0.8279624814264487,0.6537890044576523,0.6315007429420505,0.5603997449695094,0.6071057336322548,0.542215205005613,0.6252297278338945,0.6092171114813484,0.5088023598820058,0.5909750321898106,0.5358754340827367,0.6404985800399421,0.6197512596419869,0.4859711241870004,0.5985765071066634,0.5374034090741053,0.6295239621257861,0.6136163276081109,"[np.float64(0.8584070796460177), np.float64(0.5), np.float64(0.168)]","[np.float64(0.939882366248162), np.float64(0.4848381601362862), np.float64(0.3482045701849837)]","[np.float64(0.939882366248162), np.float64(0.1409090909090909), np.float64(0.4995173745173745), np.float64(0.5631929046563193)]","[np.float64(0.827433628318584), np.float64(0.5900621118012422), np.float64(0.504)]","[np.float64(0.7256637168141593), np.float64(0.6055900621118012), np.float64(0.528)]","[np.float64(0.939882366248162), np.float64(0.10013175230566534), np.float64(0.4316129032258065), np.float64(0.3450479233226837), np.float64(0.1487603305785124), np.float64(0.2260536398467433), np.float64(0.4166666666666667)]",0.37303564575188863,0.37259365459917715,0.3697361942881893
78,1.3374800715715296,0.7214009837049903,0.23012562835250563,0.38595345894605937,0.45765572471915583,0.26374525870827925,4.370829227770118,1.9981801424960355,1.4933071787350256,0.8793419061853199,1.691189471621188,0.30699066800073627,0.5794947994056464,0.8475111441307578,0.8462574294205052,0.8217867756315007,0.6419019316493314,0.6344725111441307,0.6058511238012471,0.5965369897179741,0.5397671063223946,0.6231343416054248,0.6230314707771355,0.5286292530093991,0.6069939519733215,0.5283532674926207,0.6458232653584712,0.6385060187984389,0.5108012141535228,0.5994357196285047,0.5306214723880088,0.6301497595776183,0.624859539419994,"[np.float64(0.8628318584070797), np.float64(0.531055900621118), np.float64(0.192)]","[np.float64(0.9337179052143423), np.float64(0.4596252129471891), np.float64(0.4276387377584331)]","[np.float64(0.9337179052143423), np.float64(0.13522727272727272), np.float64(0.5588803088803089), np.float64(0.48558758314855877)]","[np.float64(0.7345132743362832), np.float64(0.5869565217391305), np.float64(0.616)]","[np.float64(0.6637168141592921), np.float64(0.6118012422360248), np.float64(0.64)]","[np.float64(0.9337179052143423), np.float64(0.09617918313570488), np.float64(0.4425806451612903), np.float64(0.24600638977635783), np.float64(0.049586776859504134), np.float64(0.2777777777777778), np.float64(0.4492753623188406)]",0.34895749141122767,0.3564462914634025,0.34729688847011986
79,1.315684366631273,0.7088821511027389,0.22579058949393732,0.38101162743346567,0.44204893352626656,0.26683321847885555,4.360516600509779,2.0120393872614786,1.4908530701515583,0.8576241331921133,1.687609094540514,0.32443028854244893,0.5334323922734027,0.8495542347696879,0.8462574294205052,0.8239227340267459,0.6508172362555721,0.6448736998514116,0.5838538695681553,0.6051689296654046,0.52686852727052,0.6241898169072775,0.6217088487593802,0.505332747027245,0.6026288034699216,0.534146876355468,0.6393650305062387,0.6395514758423569,0.4683968639650373,0.6038309150091264,0.5270930593751786,0.6301334981746725,0.628597999112528,"[np.float64(0.9513274336283186), np.float64(0.37267080745341613), np.float64(0.192)]","[np.float64(0.9332089130188893), np.float64(0.49165247018739355), np.float64(0.383025027203482)]","[np.float64(0.9332089130188893), np.float64(0.10681818181818181), np.float64(0.5477799227799228), np.float64(0.5487804878048781)]","[np.float64(0.7876106194690266), np.float64(0.6024844720496895), np.float64(0.528)]","[np.float64(0.7654867256637168), np.float64(0.593167701863354), np.float64(0.56)]","[np.float64(0.9332089130188893), np.float64(0.09090909090909091), np.float64(0.4593548387096774), np.float64(0.3210862619808307), np.float64(0.01652892561983471), np.float64(0.26436781609195403), np.float64(0.4384057971014493)]",0.349441709824251,0.3605516633473895,0.3504977368577217
80,1.2991527016537305,0.7024302951925024,0.21756402257671098,0.37915838484080705,0.44196802832002335,0.26046226725329535,4.3151660722511815,1.9855889987521071,1.4900346049922863,0.8395424748740493,1.6801920952358302,0.3053969010622282,0.5557206537890045,0.8578194650817236,0.8544297919762258,0.8325594353640416,0.6656760772659732,0.6567607726597325,0.5768895747599451,0.6238583442546967,0.5678036615756331,0.6306514451390776,0.6232210407331369,0.5075540409314937,0.5773411455329495,0.5081319529569921,0.635671008996134,0.6298294948606608,0.47367784862328555,0.5957047020056799,0.5225512815409433,0.627377142053725,0.6249177996978584,"[np.float64(0.915929203539823), np.float64(0.46273291925465837), np.float64(0.144)]","[np.float64(0.945650944463296), np.float64(0.5110732538330494), np.float64(0.27529923830250275)]","[np.float64(0.945650944463296), np.float64(0.10227272727272728), np.float64(0.599903474903475), np.float64(0.38470066518847007)]","[np.float64(0.8761061946902655), np.float64(0.6149068322981367), np.float64(0.416)]","[np.float64(0.8141592920353983), np.float64(0.6273291925465838), np.float64(0.448)]","[np.float64(0.945650944463296), np.float64(0.08300395256916997), np.float64(0.5341935483870968), np.float64(0.19968051118210864), np.float64(0.049586776859504134), np.float64(0.19923371647509577), np.float64(0.3007246376811594)]",0.38031394178382755,0.3302962982310615,0.34208067977267775
