epoch,train_loss,train_od_loss,train_sc_loss,train_dc_loss,train_label_loss,train_box_loss,val_loss,val_od_loss,val_sc_loss,val_dc_loss,val_label_loss,val_box_loss,val_od_vessel_sten_overall_acc,val_sc_cube_sten_overall_acc,val_sc_cube_plaq_overall_acc,val_sc_cube_joint_overall_acc,val_sc_vessel_sten_overall_acc,val_od_and_sc_vessel_sten_overall_acc,val_od_vessel_sten_macro_precision,val_sc_cube_sten_macro_precision,val_sc_cube_plaq_macro_precision,val_sc_vessel_sten_macro_precision,val_od_and_sc_vessel_sten_macro_precision,val_od_vessel_sten_macro_recall,val_sc_cube_sten_macro_recall,val_sc_cube_plaq_macro_recall,val_sc_vessel_sten_macro_recall,val_od_and_sc_vessel_sten_macro_recall,val_od_vessel_sten_macro_f1,val_sc_cube_sten_macro_f1,val_sc_cube_plaq_macro_f1,val_sc_vessel_sten_macro_f1,val_od_and_sc_vessel_sten_macro_f1,val_od_vessel_sten_per_class_recall,val_sc_cube_sten_per_class_recall,val_sc_cube_plaq_per_class_recall,val_sc_vessel_sten_per_class_recall,val_od_and_sc_vessel_sten_per_class_recall,val_sc_cube_joint_per_class_recall,val_sc_cube_joint_macro_precision,val_sc_cube_joint_macro_recall,val_sc_cube_joint_macro_f1
1,4.253066298230893,2.1788014096476265,1.4424907726546128,0.6317741159497008,1.7247049579933538,0.45409645479945937,4.660847414848712,2.147561294742437,1.6609681989743377,0.8523179264379892,1.826190765604421,0.32137053190158454,0.39821693907875183,0.8485791233283804,0.8417533432392273,0.8296341010401189,0.5720653789004457,0.5735512630014858,0.2754431656870681,0.583209445040125,0.5004738229893791,0.7141326475945569,0.7151609469890078,0.37637186463658184,0.43897310180946186,0.3469393250058478,0.47669513915608563,0.4772906062771396,0.25559184481393504,0.448008439132775,0.3409642889512414,0.4268244901659834,0.42784692043731437,"[np.float64(0.995575221238938), np.float64(0.13354037267080746), np.float64(0.0)]","[np.float64(0.9774346793349169), np.float64(0.3373083475298126), np.float64(0.002176278563656148)]","[np.float64(0.9774346793349169), np.float64(0.0), np.float64(0.4058880308880309), np.float64(0.004434589800443459)]","[np.float64(0.7699115044247787), np.float64(0.6521739130434783), np.float64(0.008)]","[np.float64(0.7654867256637168), np.float64(0.6583850931677019), np.float64(0.008)]","[np.float64(0.9774346793349169), np.float64(0.0), np.float64(0.3767741935483871), np.float64(0.0), np.float64(0.0), np.float64(0.0), np.float64(0.0)]",0.17077181822513468,0.19345841041190057,0.18137338827324712
2,3.8485681833857197,1.9914035660735632,1.3037768722969596,0.5533877445521664,1.6558033229183342,0.33560024150962925,4.648902492636389,2.1129492376253936,1.6535330529736483,0.8824202131800553,1.783392442440067,0.32955679606966876,0.5081723625557206,0.8477897473997028,0.8386422734026746,0.818861441307578,0.6285289747399703,0.6344725111441307,0.3472197077893777,0.5790919893300028,0.46889316624861116,0.6510130718954249,0.6568722369584439,0.45077777167042266,0.5065950904810012,0.4016942482106001,0.536859378149105,0.540120705765954,0.3660251531296437,0.5110495063844099,0.3627634847109107,0.5301462624362265,0.5342877993554317,"[np.float64(0.9734513274336283), np.float64(0.37888198757763975), np.float64(0.0)]","[np.float64(0.9442370772537043), np.float64(0.5124361158432709), np.float64(0.06311207834602829)]","[np.float64(0.9442370772537043), np.float64(0.0), np.float64(0.6558880308880309), np.float64(0.0066518847006651885)]","[np.float64(0.7168141592920354), np.float64(0.7577639751552795), np.float64(0.136)]","[np.float64(0.7079646017699115), np.float64(0.7763975155279503), np.float64(0.136)]","[np.float64(0.9442370772537043), np.float64(0.0), np.float64(0.5832258064516129), np.float64(0.0), np.float64(0.0), np.float64(0.06704980842911877), np.float64(0.0)]",0.20342580722600798,0.22778752744777656,0.2028209097877455
3,3.715532453804366,1.9306457139299078,1.2478304009274237,0.5370563406623521,1.602380717057461,0.3282649974893821,4.634015585619194,2.0980965022870977,1.651790682569102,0.8841283988174415,1.7760843197740503,0.32201218459125086,0.5052005943536404,0.8457002228826151,0.84356426448737,0.8181649331352154,0.6567607726597325,0.6597325408618128,0.3427351982105802,0.611938385172355,0.5109481874269521,0.6494602079017664,0.6520229943872765,0.45002656699463167,0.5689696043061027,0.4746352796635949,0.5975697612634897,0.5996401546382308,0.3626987451872245,0.5850992049415429,0.4674867926047775,0.606764419844379,0.609074011366159,"[np.float64(0.9867256637168141), np.float64(0.36335403726708076), np.float64(0.0)]","[np.float64(0.9347358896052482), np.float64(0.4838160136286201), np.float64(0.2883569096844396)]","[np.float64(0.9347358896052482), np.float64(0.0), np.float64(0.6578185328185329), np.float64(0.30598669623059865)]","[np.float64(0.7522123893805309), np.float64(0.7204968944099379), np.float64(0.32)]","[np.float64(0.7522123893805309), np.float64(0.7267080745341615), np.float64(0.32)]","[np.float64(0.9347358896052482), np.float64(0.0), np.float64(0.5851612903225807), np.float64(0.004792332268370607), np.float64(0.0), np.float64(0.07471264367816093), np.float64(0.5181159420289855)]",0.3014112103219655,0.3025025854147637,0.2677667492439829
4,3.6296314093268522,1.8847519145426104,1.215637027143927,0.5292424695818858,1.562795969852283,0.32195594376032005,4.5859547864081955,2.093613110946972,1.636387351004943,0.8559543062388366,1.7675232002926156,0.32608990594523596,0.5334323922734027,0.8554049034175334,0.8510865527488856,0.8281946508172363,0.649331352154532,0.6537890044576523,0.3600216926659649,0.6257029145669876,0.6073179355892645,0.6674529859827695,0.6706062030075189,0.46925557448835636,0.5401623579704119,0.4390311657197628,0.5947899375217575,0.5978955275838692,0.3872616735016907,0.5648656429080351,0.4314463296877256,0.59375701227654,0.5972317315156564,"[np.float64(0.9823008849557522), np.float64(0.4254658385093168), np.float64(0.0)]","[np.float64(0.9527202805112543), np.float64(0.47734241908006814), np.float64(0.19042437431991294)]","[np.float64(0.9527202805112543), np.float64(0.0011363636363636363), np.float64(0.6481660231660231), np.float64(0.1541019955654102)]","[np.float64(0.8584070796460177), np.float64(0.6459627329192547), np.float64(0.28)]","[np.float64(0.8584070796460177), np.float64(0.65527950310559), np.float64(0.28)]","[np.float64(0.9527202805112543), np.float64(0.0013175230566534915), np.float64(0.5606451612903226), np.float64(0.01597444089456869), np.float64(0.0), np.float64(0.08812260536398467), np.float64(0.2318840579710145)]",0.3494011068107059,0.26438058129825687,0.2562955492813989
5,3.576855811948157,1.8542151043223123,1.1839588157685295,0.5386818889107576,1.5385136292394945,0.3157014729242014,4.541853910383909,2.085529569348525,1.6178022686734752,0.8385220888106688,1.7657832703180059,0.31974630074393146,0.4710252600297177,0.8535939821693908,0.857308692421991,0.8313985884101041,0.6344725111441307,0.6344725111441307,0.3232564850252111,0.6172857176209247,0.6335855003443994,0.6402528977871443,0.6402528977871443,0.4275362318840579,0.5542595706623737,0.48222904337248085,0.6084129060627714,0.6084129060627714,0.3302560800270902,0.5798089776561656,0.49077161752613463,0.600135509282717,0.600135509282717,"[np.float64(1.0), np.float64(0.2826086956521739), np.float64(0.0)]","[np.float64(0.9583191946612374), np.float64(0.39216354344122656), np.float64(0.31229597388465724)]","[np.float64(0.9583191946612374), np.float64(0.003409090909090909), np.float64(0.5492277992277992), np.float64(0.417960088691796)]","[np.float64(0.9026548672566371), np.float64(0.546583850931677), np.float64(0.376)]","[np.float64(0.9026548672566371), np.float64(0.546583850931677), np.float64(0.376)]","[np.float64(0.9583191946612374), np.float64(0.0013175230566534915), np.float64(0.47419354838709676), np.float64(0.06869009584664537), np.float64(0.0), np.float64(0.07279693486590039), np.float64(0.5181159420289855)]",0.32093454893818035,0.2990618912637884,0.27743674307998206
6,3.562129071855781,1.8563162470920442,1.1636109430932224,0.5422018822282553,1.530204388539249,0.3261118579634839,4.587931485133638,2.088814176862247,1.6453604871512166,0.8537568128073605,1.7792060675889874,0.3096081081788865,0.5512630014858841,0.8592589153046062,0.8515044576523031,0.831027117384844,0.6433878157503715,0.6433878157503715,0.36966256586232493,0.6366932772672932,0.5891078593578168,0.672951409981111,0.673263124386556,0.4777203686399531,0.5100367353680241,0.4186242301485842,0.5630416094102128,0.5604032320123125,0.4040720718786181,0.5153608407302287,0.39722643853211587,0.5422555179694777,0.5424141948367831,"[np.float64(0.9424778761061947), np.float64(0.4906832298136646), np.float64(0.0)]","[np.float64(0.9568487727632621), np.float64(0.5253833049403748), np.float64(0.04787812840043525)]","[np.float64(0.9568487727632621), np.float64(0.010227272727272727), np.float64(0.6597490347490348), np.float64(0.04767184035476718)]","[np.float64(0.8761061946902655), np.float64(0.6770186335403726), np.float64(0.136)]","[np.float64(0.8495575221238938), np.float64(0.6956521739130435), np.float64(0.136)]","[np.float64(0.9568487727632621), np.float64(0.007905138339920948), np.float64(0.6083870967741936), np.float64(0.009584664536741214), np.float64(0.0), np.float64(0.022988505747126436), np.float64(0.03985507246376811)]",0.3130843656378487,0.2350813215178589,0.21511400566715427
7,3.5077604139592014,1.8360087603414799,1.1352314593186235,0.5365201956250489,1.517658368763277,0.318350391566364,4.59266446605988,2.0946016463752315,1.6281009151956802,0.8699619043120999,1.7761722445841712,0.31842940099515266,0.575037147102526,0.8346489598811293,0.8282875185735513,0.8027024517087668,0.662704309063893,0.6716196136701337,0.7187345679012346,0.5982028188339054,0.5873591595458674,0.6622645015221607,0.6695202815114484,0.5026957621063046,0.5816990153362434,0.4494976443042169,0.6121939940270068,0.6184051741512303,0.43454032107187057,0.5862943494958154,0.41784251105994774,0.6202107750730814,0.6271949481243918,"[np.float64(0.9778761061946902), np.float64(0.5062111801242236), np.float64(0.024)]","[np.float64(0.9147155299174301), np.float64(0.5148211243611585), np.float64(0.31556039173014144)]","[np.float64(0.9147155299174301), np.float64(0.0022727272727272726), np.float64(0.7413127413127413), np.float64(0.13968957871396895)]","[np.float64(0.7920353982300885), np.float64(0.6925465838509317), np.float64(0.352)]","[np.float64(0.7920353982300885), np.float64(0.7111801242236024), np.float64(0.352)]","[np.float64(0.9147155299174301), np.float64(0.0013175230566534915), np.float64(0.6116129032258064), np.float64(0.004792332268370607), np.float64(0.0), np.float64(0.18582375478927204), np.float64(0.2318840579710145)]",0.3039113248293947,0.27859230017550674,0.2562469842864808
8,3.4491020609009064,1.7894494435565789,1.1184438474286915,0.5412087663692438,1.4807676032374977,0.3086818394482683,4.520349220989012,2.073868515937194,1.6121022121135133,0.8343784886934636,1.7590514750438204,0.3148170387488444,0.5185735512630015,0.8599089895988113,0.8634379643387816,0.8381779346210996,0.6329866270430906,0.637444279346211,0.6850726004400837,0.6204815532645552,0.6326353232296248,0.6400160062260593,0.6426557334305958,0.46260627713955915,0.5378266171097471,0.46775754882487547,0.5953328569596364,0.5984384470217483,0.3827063855580144,0.5686086657931574,0.4842086924991348,0.5830920393242257,0.5867990179458139,"[np.float64(0.9867256637168141), np.float64(0.38509316770186336), np.float64(0.016)]","[np.float64(0.9687252573238322), np.float64(0.3955706984667802), np.float64(0.24918389553862894)]","[np.float64(0.9687252573238322), np.float64(0.003409090909090909), np.float64(0.5574324324324325), np.float64(0.34146341463414637)]","[np.float64(0.9292035398230089), np.float64(0.5527950310559007), np.float64(0.304)]","[np.float64(0.9292035398230089), np.float64(0.562111801242236), np.float64(0.304)]","[np.float64(0.9687252573238322), np.float64(0.0013175230566534915), np.float64(0.4432258064516129), np.float64(0.1501597444089457), np.float64(0.0), np.float64(0.12452107279693486), np.float64(0.2717391304347826)]",0.349349325325259,0.2799555049246802,0.2877126064673846
9,3.430904839272048,1.7846783425259052,1.1147697358839423,0.5314567573210698,1.4735225788449164,0.311155766303951,4.529299541467729,2.09165927776597,1.6085188774397536,0.8291213772417176,1.7733141604799898,0.31834512447125835,0.5349182763744428,0.8629271916790491,0.862462852897474,0.8391066121842496,0.6196136701337296,0.62555720653789,0.5825918762088974,0.6483303661823367,0.5897948421954683,0.6382645745520333,0.6409062693978895,0.4796398614851866,0.5501589216066518,0.46694348154413473,0.5840723355136591,0.587333663130508,0.4139732491352494,0.5845134902506262,0.4807518771297628,0.5685979295327331,0.573916632679453,"[np.float64(0.9778761061946902), np.float64(0.41304347826086957), np.float64(0.048)]","[np.float64(0.9660671869697998), np.float64(0.43304940374787054), np.float64(0.2513601741022851)]","[np.float64(0.9660671869697998), np.float64(0.003409090909090909), np.float64(0.5801158301158301), np.float64(0.3181818181818182)]","[np.float64(0.9424778761061947), np.float64(0.5217391304347826), np.float64(0.288)]","[np.float64(0.9336283185840708), np.float64(0.5403726708074534), np.float64(0.288)]","[np.float64(0.9660671869697998), np.float64(0.0013175230566534915), np.float64(0.5141935483870967), np.float64(0.05910543130990415), np.float64(0.0), np.float64(0.07088122605363985), np.float64(0.42391304347826086)]",0.3405008692149856,0.29078256560790783,0.28069824174203317
10,3.3887436572820118,1.7551415658918983,1.0842621479036108,0.549339945870057,1.4484150386231263,0.3067265253758721,4.559527043418997,2.078564572758774,1.6072573329291642,0.8737051347242972,1.7734503784943758,0.3051141887372608,0.6017830609212481,0.8593517830609212,0.8654346210995543,0.8383172362555721,0.6478454680534919,0.6597325408618128,0.6512805250593652,0.6104686692497268,0.577039082439959,0.6382565948186123,0.6450091294921217,0.5333741548947398,0.5476137363269157,0.5173992822284129,0.6182968541013943,0.6243797797687756,0.4917697282300764,0.5727943171445631,0.5177151399487552,0.6071566091126316,0.6177950686900919,"[np.float64(0.9513274336283186), np.float64(0.5527950310559007), np.float64(0.096)]","[np.float64(0.9645967650718245), np.float64(0.41056218057921634), np.float64(0.2676822633297062)]","[np.float64(0.9645967650718245), np.float64(0.0125), np.float64(0.5004826254826255), np.float64(0.5920177383592018)]","[np.float64(0.9247787610619469), np.float64(0.562111801242236), np.float64(0.368)]","[np.float64(0.9026548672566371), np.float64(0.6024844720496895), np.float64(0.368)]","[np.float64(0.9645967650718245), np.float64(0.006587615283267457), np.float64(0.3774193548387097), np.float64(0.40415335463258784), np.float64(0.0), np.float64(0.1532567049808429), np.float64(0.2717391304347826)]",0.3298135097601206,0.31110756074885926,0.31216985193571045
11,3.3718356961373894,1.7430319225068314,1.079487404607152,0.5493163661320962,1.43226618708064,0.31076573573137073,4.534912513342385,2.0743020479332444,1.5995820017879723,0.8610284747638759,1.7730570101242744,0.3012450319391507,0.6225854383358098,0.8483005200594353,0.8494149331352154,0.8222975482912332,0.6523031203566122,0.6552748885586924,0.6962504162504163,0.6135441200036835,0.6133207091918212,0.6474050955032632,0.65403616849255,0.5290859854522801,0.58871321593855,0.5075308058635719,0.6176297110610308,0.6051890287473204,0.50610310036099,0.5997316340259767,0.49749814619643035,0.6166054220384503,0.6185696172208496,"[np.float64(0.7787610619469026), np.float64(0.7204968944099379), np.float64(0.088)]","[np.float64(0.9350752177355502), np.float64(0.4817717206132879), np.float64(0.34929270946681173)]","[np.float64(0.9350752177355502), np.float64(0.003409090909090909), np.float64(0.6592664092664092), np.float64(0.43237250554323725)]","[np.float64(0.8539823008849557), np.float64(0.6149068322981367), np.float64(0.384)]","[np.float64(0.7079646017699115), np.float64(0.7236024844720497), np.float64(0.384)]","[np.float64(0.9350752177355502), np.float64(0.0013175230566534915), np.float64(0.5696774193548387), np.float64(0.13099041533546327), np.float64(0.0), np.float64(0.1206896551724138), np.float64(0.5289855072463768)]",0.3557951016684512,0.32667653398589946,0.30275811960232296
12,3.3123900847204326,1.7130573007178171,1.0583458385551296,0.5409869451922927,1.4136355954543345,0.29942170657101747,4.554587311843736,2.0676456176916287,1.605983029487225,0.880958652814701,1.7688268737906165,0.2988187450174939,0.6151560178306092,0.8355776374442794,0.8353454680534919,0.8082745170876672,0.649331352154532,0.6552748885586924,0.6360884013945238,0.5954371069658118,0.5892268928356741,0.6361483182378704,0.6398045385061172,0.5654614412136536,0.6087468294121807,0.518328504574775,0.6206258817493908,0.6238872093662398,0.5544268138029478,0.6015407290962616,0.49908938913255574,0.6267493425892452,0.6305680875254721,"[np.float64(0.8849557522123894), np.float64(0.5714285714285714), np.float64(0.24)]","[np.float64(0.9125664517588508), np.float64(0.5056218057921635), np.float64(0.40805223068552776)]","[np.float64(0.9125664517588508), np.float64(0.02159090909090909), np.float64(0.6901544401544402), np.float64(0.4490022172949002)]","[np.float64(0.7079646017699115), np.float64(0.6739130434782609), np.float64(0.48)]","[np.float64(0.6991150442477876), np.float64(0.6925465838509317), np.float64(0.48)]","[np.float64(0.9125664517588508), np.float64(0.011857707509881422), np.float64(0.5716129032258065), np.float64(0.19329073482428116), np.float64(0.008264462809917356), np.float64(0.22413793103448276), np.float64(0.4963768115942029)]",0.370344421838611,0.3454438575367747,0.3230311253558466
13,3.2850400944908626,1.6854294313507228,1.0464176198015105,0.5531930446645803,1.3785842742749863,0.30684515695471715,4.557719774698999,2.0585800472989635,1.617415660920412,0.8817240617041772,1.759886370214581,0.29869367612266046,0.5943536404160475,0.8384565378900446,0.8360884101040119,0.8094353640416048,0.6508172362555721,0.6537890044576523,0.698482586220548,0.6119131818678163,0.5711057175388069,0.6410801917314917,0.6458890857355,0.5249352314992947,0.6017726674893994,0.5233337316512539,0.6007642499862583,0.6010757250957327,0.478699993100206,0.6026145204173935,0.5159838874851015,0.6131983705017412,0.6149766127987544,"[np.float64(0.9513274336283186), np.float64(0.5434782608695652), np.float64(0.08)]","[np.float64(0.9112656939260265), np.float64(0.5567291311754685), np.float64(0.3373231773667029)]","[np.float64(0.9112656939260265), np.float64(0.07272727272727272), np.float64(0.708011583011583), np.float64(0.401330376940133)]","[np.float64(0.6946902654867256), np.float64(0.7236024844720497), np.float64(0.384)]","[np.float64(0.6769911504424779), np.float64(0.7422360248447205), np.float64(0.384)]","[np.float64(0.9112656939260265), np.float64(0.057971014492753624), np.float64(0.6412903225806451), np.float64(0.11980830670926518), np.float64(0.03305785123966942), np.float64(0.1206896551724138), np.float64(0.5036231884057971)]",0.38289502913988455,0.34110086178951005,0.3212802168128978
14,3.2569458928632704,1.6626571433113542,1.0433889110178007,0.5508998416727251,1.3466014781293307,0.3160556671078091,4.457237502587655,2.0341945037643705,1.586266965116167,0.8367760400743796,1.7330424463713558,0.3011520651752234,0.5364041604754829,0.8588874442793462,0.862462852897474,0.8357633729569094,0.6716196136701337,0.6731054977711739,0.633868904115383,0.6245180080122161,0.6184989427590208,0.6656284699089495,0.6665050661614856,0.49297480716026315,0.5858659983340089,0.5188318504309033,0.6381803257663203,0.6387757928873743,0.4391195081792601,0.6028699121070763,0.5190103342960163,0.6368561680437375,0.6382112817474034,"[np.float64(0.9867256637168141), np.float64(0.38819875776397517), np.float64(0.104)]","[np.float64(0.9540210383440787), np.float64(0.44122657580919933), np.float64(0.36235038084874865)]","[np.float64(0.9540210383440787), np.float64(0.01818181818181818), np.float64(0.5931467181467182), np.float64(0.5099778270509978)]","[np.float64(0.8761061946902655), np.float64(0.6304347826086957), np.float64(0.408)]","[np.float64(0.8716814159292036), np.float64(0.6366459627329193), np.float64(0.408)]","[np.float64(0.9540210383440787), np.float64(0.014492753623188406), np.float64(0.5006451612903225), np.float64(0.20926517571884984), np.float64(0.0), np.float64(0.14367816091954022), np.float64(0.4963768115942029)]",0.36448731395236045,0.3312113002128832,0.31815330401498976
15,3.2017128967001276,1.6396324032454588,1.0210822485939806,0.5409982449422448,1.3373389291487592,0.3022934754805292,4.524417570153754,2.049739395475529,1.5942345355314034,0.8804436356094542,1.7521035073419,0.2976358926990443,0.6196136701337296,0.844214338781575,0.8426355869242199,0.8166790490341753,0.6686478454680534,0.6686478454680534,0.6733370826443275,0.6156796772017482,0.5808645099445138,0.6546479402508338,0.6526018589142684,0.5612317558035141,0.5969425358257966,0.5378520864030104,0.6197825537294563,0.6184633650305061,0.5376111772925906,0.6027626474689053,0.5197672183464126,0.6285838469254464,0.6279002396785455,"[np.float64(0.9424778761061947), np.float64(0.5652173913043478), np.float64(0.176)]","[np.float64(0.9212193190815519), np.float64(0.5420783645655878), np.float64(0.32752992383025026)]","[np.float64(0.9212193190815519), np.float64(0.04318181818181818), np.float64(0.6404440154440154), np.float64(0.5465631929046563)]","[np.float64(0.7610619469026548), np.float64(0.7142857142857143), np.float64(0.384)]","[np.float64(0.7477876106194691), np.float64(0.7236024844720497), np.float64(0.384)]","[np.float64(0.9212193190815519), np.float64(0.030303030303030304), np.float64(0.5767741935483871), np.float64(0.2955271565495208), np.float64(0.0), np.float64(0.13218390804597702), np.float64(0.463768115942029)]",0.35322920202209096,0.3456822462100709,0.3267438922300982
16,3.1937779996880873,1.6212453199050647,1.0137210720702796,0.5588116163735167,1.3198404926148974,0.30140482498027676,4.517030423755815,2.051842032624989,1.5969859064509677,0.8682024834417802,1.7494947326643178,0.3023472986783755,0.5824665676077266,0.8590267459138187,0.8627414561664191,0.8359955423476969,0.6716196136701337,0.6805349182763745,0.6624333027640611,0.6231366785295746,0.6014976325679219,0.6537965865552073,0.6603950289245956,0.5223000787848807,0.5986144144993181,0.5169508449733741,0.6559990472526063,0.6608910386778798,0.4835005456204517,0.6084808780877937,0.5290323356891882,0.6486589494477523,0.6562199263472018,"[np.float64(0.9424778761061947), np.float64(0.5124223602484472), np.float64(0.112)]","[np.float64(0.953455491460242), np.float64(0.42998296422487225), np.float64(0.41240478781284007)]","[np.float64(0.953455491460242), np.float64(0.05795454545454545), np.float64(0.612934362934363), np.float64(0.4434589800443459)]","[np.float64(0.8584070796460177), np.float64(0.6055900621118012), np.float64(0.504)]","[np.float64(0.8451327433628318), np.float64(0.6335403726708074), np.float64(0.504)]","[np.float64(0.953455491460242), np.float64(0.05138339920948617), np.float64(0.48129032258064514), np.float64(0.1645367412140575), np.float64(0.0), np.float64(0.22413793103448276), np.float64(0.5072463768115942)]",0.3702444559283676,0.34029289461578677,0.3322385881862229
17,3.13221509909352,1.5809291917883324,0.9968689818324595,0.5544169197348341,1.2759951289669522,0.3049340647182264,4.548481709879301,2.077143254902667,1.5923827423186259,0.8789557092975084,1.7674625043699226,0.3096807549986712,0.62555720653789,0.8519223625557206,0.8538261515601783,0.8265694650817236,0.6731054977711739,0.6731054977711739,0.625424216278401,0.613596304564615,0.5837753427831031,0.6469472710453283,0.6517843567251461,0.5833060334560912,0.6125323077270196,0.5157146713737438,0.6554027739606808,0.6525668846992433,0.5824733933612835,0.6120912051027488,0.5116650502666823,0.6464363568266341,0.6521686177098914,"[np.float64(0.827433628318584), np.float64(0.6024844720496895), np.float64(0.32)]","[np.float64(0.9386381631037213), np.float64(0.45826235093696766), np.float64(0.44069640914036995)]","[np.float64(0.9386381631037213), np.float64(0.02727272727272727), np.float64(0.6645752895752896), np.float64(0.43237250554323725)]","[np.float64(0.8584070796460177), np.float64(0.6118012422360248), np.float64(0.496)]","[np.float64(0.7477876106194691), np.float64(0.6739130434782609), np.float64(0.536)]","[np.float64(0.9386381631037213), np.float64(0.01844532279314888), np.float64(0.5290322580645161), np.float64(0.1389776357827476), np.float64(0.0), np.float64(0.2413793103448276), np.float64(0.5688405797101449)]",0.36908636388060356,0.34790189568558666,0.3240255294876989
18,3.099353657193524,1.568696581227126,0.9759680418623874,0.5546890327846369,1.2747803983294357,0.2939161822426075,4.467557673638228,2.0356950430912506,1.5783129251321628,0.8535497011699733,1.7331897260880966,0.302505319711451,0.6210995542347697,0.84412147102526,0.850854383358098,0.8204866270430906,0.6537890044576523,0.6537890044576523,0.6256056808688387,0.5959101282900655,0.5919145920099863,0.6357302099753347,0.6330503644599094,0.5793910478389124,0.6314664485529952,0.5263463001037954,0.6689281958262335,0.6618925227651661,0.5706664435456954,0.6043461594674013,0.5139042456204878,0.6395736093002388,0.6414141823950072,"[np.float64(0.8849557522123894), np.float64(0.5652173913043478), np.float64(0.288)]","[np.float64(0.9323040380047506), np.float64(0.40170357751277685), np.float64(0.5603917301414582)]","[np.float64(0.9323040380047506), np.float64(0.028409090909090908), np.float64(0.667953667953668), np.float64(0.47671840354767187)]","[np.float64(0.8672566371681416), np.float64(0.515527950310559), np.float64(0.624)]","[np.float64(0.7964601769911505), np.float64(0.5652173913043478), np.float64(0.624)]","[np.float64(0.9323040380047506), np.float64(0.01844532279314888), np.float64(0.4729032258064516), np.float64(0.11501597444089456), np.float64(0.0), np.float64(0.367816091954023), np.float64(0.6304347826086957)]",0.36627342429043797,0.36241706222970915,0.3189086842668641
19,3.0582814108643492,1.5296191839148727,0.9724845658030129,0.5561776627960094,1.2344118575775986,0.2952073259044986,4.5205186502869825,2.031293316127992,1.5973516048238963,0.891873726328332,1.7405796839858374,0.2907136267697776,0.6508172362555721,0.8255479197622585,0.8320486627043091,0.799684249628529,0.6315007429420505,0.6359583952451708,0.6542353796343994,0.5685689381349741,0.5510579407704556,0.6200729954345082,0.6285625938314718,0.6214315396031441,0.6407240013915828,0.5555273377473714,0.6493025522636912,0.6500820462082485,0.6159508068666669,0.5903642842585034,0.5324296640268618,0.6283146494988784,0.6323747743658604,"[np.float64(0.9026548672566371), np.float64(0.577639751552795), np.float64(0.384)]","[np.float64(0.9023300531614071), np.float64(0.4398637137989779), np.float64(0.5799782372143635)]","[np.float64(0.9023300531614071), np.float64(0.10454545454545454), np.float64(0.6631274131274131), np.float64(0.5521064301552107)]","[np.float64(0.6946902654867256), np.float64(0.5652173913043478), np.float64(0.688)]","[np.float64(0.6548672566371682), np.float64(0.5993788819875776), np.float64(0.696)]","[np.float64(0.9023300531614071), np.float64(0.07509881422924901), np.float64(0.44129032258064516), np.float64(0.21565495207667731), np.float64(0.024793388429752067), np.float64(0.41379310344827586), np.float64(0.6231884057971014)]",0.346485172480443,0.3851641485318726,0.33941175226637416
20,3.035112235095289,1.5167199938747464,0.9616727559369499,0.5567194860425941,1.213484478301479,0.30323551436833573,4.530809576504308,2.040288944272684,1.5986044590833988,0.8919161848215392,1.738468049541779,0.3018208956594637,0.6404160475482912,0.8299127043090639,0.830655646359584,0.8014023031203567,0.6329866270430906,0.6404160475482912,0.6680907597139464,0.585744927617115,0.5530130175950592,0.620787655361621,0.6311326589282918,0.5664328038256471,0.6404462020227789,0.5586384922152694,0.6308174939079133,0.6358660290587955,0.5463159016277706,0.6085293227741878,0.5421794679345244,0.6227490301348303,0.6292533211888962,"[np.float64(0.8982300884955752), np.float64(0.6490683229813664), np.float64(0.152)]","[np.float64(0.8978622327790974), np.float64(0.5240204429301534), np.float64(0.499455930359086)]","[np.float64(0.8978622327790974), np.float64(0.13636363636363635), np.float64(0.6925675675675675), np.float64(0.5077605321507761)]","[np.float64(0.6460176991150443), np.float64(0.6304347826086957), np.float64(0.616)]","[np.float64(0.6283185840707964), np.float64(0.65527950310559), np.float64(0.624)]","[np.float64(0.8978622327790974), np.float64(0.10408432147562582), np.float64(0.56), np.float64(0.1757188498402556), np.float64(0.024793388429752067), np.float64(0.29310344827586204), np.float64(0.6159420289855072)]",0.35761274153362116,0.3816434671123,0.3466524594678328
21,2.9802189868806446,1.4707407829270167,0.9523549409278032,0.5571232612026424,1.1678190277402662,0.3029217560233622,4.456645275082008,2.0215458926531964,1.5743946162458697,0.8607047679516258,1.7181415207661932,0.30340437321351615,0.5884101040118871,0.8548476968796433,0.8550798662704309,0.8294483655274889,0.674591381872214,0.6686478454680534,0.5928835808538021,0.6207066572979754,0.5707544311224308,0.6530330299841864,0.6432052273441772,0.5431952948936404,0.6114243181412752,0.5539521093944723,0.6559982410817348,0.6500985360669854,0.5151210497380491,0.6155784564399894,0.5359414334085815,0.6493022810396272,0.643144114411441,"[np.float64(0.9469026548672567), np.float64(0.4906832298136646), np.float64(0.192)]","[np.float64(0.9404479131319986), np.float64(0.4759795570698467), np.float64(0.4178454842219804)]","[np.float64(0.9404479131319986), np.float64(0.060227272727272727), np.float64(0.5444015444015444), np.float64(0.6707317073170732)]","[np.float64(0.8539823008849557), np.float64(0.6180124223602484), np.float64(0.496)]","[np.float64(0.8362831858407079), np.float64(0.6180124223602484), np.float64(0.496)]","[np.float64(0.9404479131319986), np.float64(0.03557312252964427), np.float64(0.46774193548387094), np.float64(0.33386581469648563), np.float64(0.04132231404958678), np.float64(0.1532567049808429), np.float64(0.6811594202898551)]",0.3707290768605128,0.3790524607374692,0.34964707161314174
22,2.9214866709090392,1.4316353917445481,0.9309682979664139,0.558882983949951,1.1344996918253285,0.2971356980565746,4.461046217457123,2.0267948234116644,1.5750123308391175,0.8592390571928166,1.741666747483726,0.2851280734075637,0.6240713224368499,0.8576801634472511,0.8572622585438335,0.8324665676077266,0.6716196136701337,0.6820208023774146,0.6192613662957042,0.6182792908019734,0.5900373000787378,0.638069686157252,0.6474432378838747,0.5446896425365068,0.5588751484192024,0.5374976425943925,0.6282640576045732,0.6326171604463254,0.5176181393751677,0.5730161634354523,0.5383133792595889,0.6251614349544226,0.6363399354306494,"[np.float64(0.8761061946902655), np.float64(0.6459627329192547), np.float64(0.112)]","[np.float64(0.94293631942088), np.float64(0.5574105621805792), np.float64(0.176278563656148)]","[np.float64(0.94293631942088), np.float64(0.075), np.float64(0.599903474903475), np.float64(0.532150776053215)]","[np.float64(0.8584070796460177), np.float64(0.6583850931677019), np.float64(0.368)]","[np.float64(0.7964601769911505), np.float64(0.717391304347826), np.float64(0.384)]","[np.float64(0.94293631942088), np.float64(0.04216073781291173), np.float64(0.5619354838709677), np.float64(0.3722044728434505), np.float64(0.06611570247933884), np.float64(0.10344827586206896), np.float64(0.20652173913043478)]",0.38520144811323453,0.3279032473457218,0.3314435593961639
23,2.8999814682371787,1.4187448966806218,0.918746447451097,0.5624901192535062,1.1245708284573366,0.29417406873498636,4.509453619269306,2.040115753337962,1.5783005984671392,0.8910372807293334,1.7376790913346967,0.3024366635177008,0.6344725111441307,0.8320022288261516,0.8334416790490342,0.8040490341753344,0.6359583952451708,0.6300148588410104,0.6327560823684855,0.5830791212251797,0.546500112771402,0.6197976693558714,0.620783469500955,0.569627292548416,0.642679651975568,0.5519240082621767,0.6464494402609063,0.6339537917514062,0.5630757944442938,0.6051160991157732,0.522673196605926,0.6272530180300042,0.6209184407700833,"[np.float64(0.8407079646017699), np.float64(0.6521739130434783), np.float64(0.216)]","[np.float64(0.9065716547901821), np.float64(0.4708688245315162), np.float64(0.5505984766050055)]","[np.float64(0.9065716547901821), np.float64(0.07613636363636364), np.float64(0.6385135135135135), np.float64(0.5864745011086474)]","[np.float64(0.7168141592920354), np.float64(0.5745341614906833), np.float64(0.648)]","[np.float64(0.6327433628318584), np.float64(0.6211180124223602), np.float64(0.648)]","[np.float64(0.9065716547901821), np.float64(0.05138339920948617), np.float64(0.5296774193548387), np.float64(0.14057507987220447), np.float64(0.03305785123966942), np.float64(0.26053639846743293), np.float64(0.717391304347826)]",0.3497480886150114,0.37702758675452,0.32316748344995977
24,2.8431146568066237,1.3645771853652082,0.9077553797150189,0.5707820934252709,1.0704666915149716,0.2941104935568963,4.426191712699233,2.008592031476052,1.567655407710316,0.8499442812950746,1.6997521514354899,0.308839874668185,0.6136701337295691,0.8612091381872214,0.8622306835066865,0.836924219910847,0.6864784546805349,0.6909361069836553,0.6702234602410192,0.6321010140659379,0.5944135119608281,0.6687064354614981,0.6695481551088802,0.5692632697557668,0.6180219279416715,0.5296563439676889,0.6824808809248979,0.6841398340020888,0.5539393220908292,0.6231727216774542,0.5394030664500409,0.6678641947021166,0.6725923736196305,"[np.float64(0.9336283185840708), np.float64(0.5341614906832298), np.float64(0.24)]","[np.float64(0.9496663273385364), np.float64(0.45826235093696766), np.float64(0.44613710554951036)]","[np.float64(0.9496663273385364), np.float64(0.08522727272727272), np.float64(0.6192084942084942), np.float64(0.46452328159645234)]","[np.float64(0.8893805309734514), np.float64(0.5900621118012422), np.float64(0.568)]","[np.float64(0.8584070796460177), np.float64(0.6180124223602484), np.float64(0.576)]","[np.float64(0.9496663273385364), np.float64(0.05928853754940711), np.float64(0.5077419354838709), np.float64(0.1853035143769968), np.float64(0.024793388429752067), np.float64(0.25287356321839083), np.float64(0.5398550724637681)]",0.38957639556439727,0.3599317626943889,0.3492871999814735
25,2.7884889728268663,1.3324390520449558,0.8818573093944161,0.5741926113986752,1.0354832321455396,0.29695582166340434,4.426466739496067,2.0082727055167586,1.5648712630795443,0.8533227910627598,1.6976656262881678,0.31060707764782963,0.6270430906389302,0.8544762258543833,0.8548476968796433,0.8283339524517088,0.6760772659732541,0.6820208023774146,0.6675561029009304,0.6194621503261496,0.6016825452170114,0.6566176675445482,0.6609527280202581,0.5615707140108833,0.6339230087484298,0.5381931105469718,0.6795617361989043,0.6791777789992488,0.5443823080833757,0.6241496399362337,0.5400817609130877,0.6608571668572346,0.6678087248870773,"[np.float64(0.8938053097345132), np.float64(0.6149068322981367), np.float64(0.176)]","[np.float64(0.9368849677638276), np.float64(0.4708688245315162), np.float64(0.4940152339499456)]","[np.float64(0.9368849677638276), np.float64(0.09318181818181819), np.float64(0.6404440154440154), np.float64(0.48226164079822614)]","[np.float64(0.8672566371681416), np.float64(0.5714285714285714), np.float64(0.6)]","[np.float64(0.8053097345132744), np.float64(0.6242236024844721), np.float64(0.608)]","[np.float64(0.9368849677638276), np.float64(0.0764163372859025), np.float64(0.5161290322580645), np.float64(0.15654952076677317), np.float64(0.024793388429752067), np.float64(0.3065134099616858), np.float64(0.5579710144927537)]",0.3920748024295668,0.3678939529941085,0.347249479779987
26,2.74931803892898,1.3024449316379587,0.8830739144633108,0.5637991934992362,1.0098718983584247,0.29257303286385905,4.473897477639535,2.0350157408049268,1.5633053595658932,0.8755763802754772,1.7281800869310644,0.30683565484663855,0.5884101040118871,0.856565750371471,0.856565750371471,0.8313985884101041,0.687964338781575,0.6597325408618128,0.5845702323031178,0.6125020262690349,0.5666890300665997,0.6682390600141842,0.6393104399073165,0.5932036863995309,0.601567177162324,0.5451730014043539,0.6842680884589312,0.6720620751571117,0.5618216743124661,0.6063494769306935,0.5460852205623439,0.6694118146577979,0.6462349015322273,"[np.float64(0.9247787610619469), np.float64(0.40683229813664595), np.float64(0.448)]","[np.float64(0.943784639746635), np.float64(0.48006814310051105), np.float64(0.3808487486398259)]","[np.float64(0.943784639746635), np.float64(0.1215909090909091), np.float64(0.5521235521235521), np.float64(0.5631929046563193)]","[np.float64(0.8805309734513275), np.float64(0.5962732919254659), np.float64(0.576)]","[np.float64(0.8407079646017699), np.float64(0.5434782608695652), np.float64(0.632)]","[np.float64(0.943784639746635), np.float64(0.08959156785243742), np.float64(0.4341935483870968), np.float64(0.35942492012779553), np.float64(0.01652892561983471), np.float64(0.2739463601532567), np.float64(0.38405797101449274)]",0.3618918206437379,0.3573611332716498,0.3537896467601022
27,2.7162111516684124,1.2609917564616187,0.8698512041141505,0.5853681913872991,0.9635588444320822,0.2974329109752214,4.51481242915643,2.0284070247004933,1.5826078844353424,0.9037975136533335,1.7360382621295374,0.2923687609570316,0.6136701337295691,0.8276838781575037,0.8217403417533432,0.7962481426448736,0.6478454680534919,0.62555720653789,0.6163933449718431,0.5915011100648849,0.5217613467481239,0.6380981532496685,0.6282369654462677,0.5475316880118727,0.6061427103198258,0.5883358034661914,0.6189534436321662,0.598206123234211,0.5481550063812507,0.5909242188996525,0.5466383850058296,0.6258688781593645,0.6035662427459823,"[np.float64(0.7477876106194691), np.float64(0.6708074534161491), np.float64(0.224)]","[np.float64(0.88756927949327), np.float64(0.6327086882453151), np.float64(0.2981501632208923)]","[np.float64(0.88756927949327), np.float64(0.18522727272727274), np.float64(0.5854247104247104), np.float64(0.6951219512195121)]","[np.float64(0.6194690265486725), np.float64(0.717391304347826), np.float64(0.52)]","[np.float64(0.5176991150442478), np.float64(0.7329192546583851), np.float64(0.544)]","[np.float64(0.88756927949327), np.float64(0.13438735177865613), np.float64(0.5432258064516129), np.float64(0.4904153354632588), np.float64(0.06611570247933884), np.float64(0.17624521072796934), np.float64(0.37318840579710144)]",0.3537289922415364,0.38159244174160106,0.3583627439321465
28,2.644118275101386,1.2133866691775095,0.8417200365401067,0.589011568639238,0.9094998072845977,0.30388686167981244,4.46338210827519,2.0362387930957784,1.5560658862399772,0.8710774353066962,1.7106337370433864,0.32560505404051404,0.6062407132243685,0.8544297919762258,0.8536868499257058,0.8276374442793462,0.6894502228826151,0.687964338781575,0.5991104887125426,0.6186355142934845,0.5773622862429526,0.6672690411598262,0.6631037851306371,0.5975961450374686,0.6207840522980228,0.5424223685227537,0.6805363234943842,0.691545979222778,0.5722170669329193,0.618997091559819,0.5363090894549997,0.6668686281496687,0.6704406382667253,"[np.float64(0.9424778761061947), np.float64(0.4503105590062112), np.float64(0.4)]","[np.float64(0.9372242958941296), np.float64(0.4855195911413969), np.float64(0.4396082698585419)]","[np.float64(0.9372242958941296), np.float64(0.07727272727272727), np.float64(0.6008687258687259), np.float64(0.5543237250554324)]","[np.float64(0.8982300884955752), np.float64(0.5993788819875776), np.float64(0.544)]","[np.float64(0.8716814159292036), np.float64(0.5869565217391305), np.float64(0.616)]","[np.float64(0.9372242958941296), np.float64(0.05533596837944664), np.float64(0.4967741935483871), np.float64(0.2507987220447284), np.float64(0.03305785123966942), np.float64(0.24521072796934865), np.float64(0.5471014492753623)]",0.3734894732892152,0.3665004583358674,0.3490897606246919
29,2.6067894167913974,1.1974864826362717,0.8363835056092705,0.5729194255956807,0.9021905120902848,0.2952959707012074,4.446094868798638,2.0169071068749584,1.556032162391821,0.8731556101439615,1.7148305786115834,0.30207653169019993,0.6285289747399703,0.8516437592867756,0.8550798662704309,0.8262908618127786,0.6701337295690936,0.6760772659732541,0.6007853245798049,0.6035655654413706,0.5895027106971836,0.6508441857502621,0.6536300734285484,0.5721398340020888,0.617861282131646,0.5416809735887064,0.6816345480862603,0.6786122134887044,0.5625514573288075,0.606968447550356,0.5467636094204834,0.6543012304009169,0.6616432587460839,"[np.float64(0.8584070796460177), np.float64(0.6180124223602484), np.float64(0.24)]","[np.float64(0.9372808505825133), np.float64(0.45928449744463373), np.float64(0.45701849836779107)]","[np.float64(0.9372808505825133), np.float64(0.12386363636363637), np.float64(0.6288610038610039), np.float64(0.47671840354767187)]","[np.float64(0.8805309734513275), np.float64(0.5403726708074534), np.float64(0.624)]","[np.float64(0.7920353982300885), np.float64(0.6118012422360248), np.float64(0.632)]","[np.float64(0.9372808505825133), np.float64(0.06587615283267458), np.float64(0.4754838709677419), np.float64(0.22044728434504793), np.float64(0.06611570247933884), np.float64(0.31226053639846746), np.float64(0.45652173913043476)]",0.36748878428499243,0.36199801953374555,0.3498049189193207
30,2.589160408427423,1.176662890127752,0.819762981637502,0.5927345391835144,0.8822891026091404,0.29437378790797825,4.499655940766151,2.0256415184598295,1.5780324610475263,0.8959819453406405,1.7261408500218605,0.29950066912333406,0.600297176820208,0.8160289747399703,0.8159361069836553,0.7857540861812778,0.6210995542347697,0.6092124814264487,0.5908797861467096,0.5601533575898022,0.5079531327895097,0.6089927503093446,0.6040614940746847,0.5782049506220341,0.6378486421894222,0.5732788197669287,0.6355302955349127,0.6296322028619067,0.5582734887126062,0.5861623963129777,0.5335268071861896,0.6127812460842487,0.603283906888449,"[np.float64(0.9203539823008849), np.float64(0.4782608695652174), np.float64(0.336)]","[np.float64(0.8815179278362176), np.float64(0.5151618398637138), np.float64(0.5168661588683352)]","[np.float64(0.8815179278362176), np.float64(0.16818181818181818), np.float64(0.6114864864864865), np.float64(0.6319290465631929)]","[np.float64(0.6946902654867256), np.float64(0.5559006211180124), np.float64(0.656)]","[np.float64(0.6858407079646017), np.float64(0.531055900621118), np.float64(0.672)]","[np.float64(0.8815179278362176), np.float64(0.09617918313570488), np.float64(0.46838709677419355), np.float64(0.33226837060702874), np.float64(0.08264462809917356), np.float64(0.29693486590038315), np.float64(0.5905797101449275)]",0.32403458036632127,0.39264454035680413,0.3445971316038487
31,2.5217706937142936,1.1433365433779414,0.798148841851675,0.580285304600878,0.8483910833230232,0.294945459609646,4.425675303716688,2.0148850792593347,1.5559399096123896,0.8548503189129363,1.6883166985978713,0.32656838627703466,0.5898959881129272,0.8535939821693908,0.8513187221396731,0.8267087667161961,0.6835066864784547,0.6894502228826151,0.6074846390168971,0.6165455114770911,0.5528472974494697,0.6561560403647808,0.6611558853560918,0.5618643800729218,0.6275153997123233,0.5557272009087156,0.6709339489547261,0.6807211564887594,0.5369084376248289,0.6196802106195493,0.5359469168735115,0.6583942819122163,0.6663598401980502,"[np.float64(0.9601769911504425), np.float64(0.453416149068323), np.float64(0.272)]","[np.float64(0.9361497568148399), np.float64(0.47632027257240206), np.float64(0.470076169749728)]","[np.float64(0.9361497568148399), np.float64(0.0875), np.float64(0.5318532818532818), np.float64(0.6674057649667405)]","[np.float64(0.8761061946902655), np.float64(0.6086956521739131), np.float64(0.528)]","[np.float64(0.8672566371681416), np.float64(0.6149068322981367), np.float64(0.56)]","[np.float64(0.9361497568148399), np.float64(0.061923583662714096), np.float64(0.45225806451612904), np.float64(0.31309904153354634), np.float64(0.03305785123966942), np.float64(0.21264367816091953), np.float64(0.6956521739130435)]",0.3640726046646419,0.38639773569155167,0.3522049662663229
32,2.5005979625768644,1.123531949642413,0.7878443662887492,0.5892216469962637,0.8301276279983998,0.29340432167952973,4.551258658796814,2.013823076242509,1.6014648481363358,0.9359707291119177,1.7274594642995726,0.2863636146843964,0.6196136701337296,0.7692700594353641,0.7809249628528975,0.7414097325408618,0.5334323922734027,0.5185735512630015,0.6214055400779763,0.5161594564298508,0.48575771628325204,0.5738535735092003,0.5707002499993,0.5644693380237821,0.641210803822254,0.5762636053941236,0.587550156653658,0.5697227871525679,0.5732399298921415,0.5375369652094703,0.5165077959734636,0.5399943037014844,0.5236658194038298,"[np.float64(0.7123893805309734), np.float64(0.6770186335403726), np.float64(0.304)]","[np.float64(0.833389888021717), np.float64(0.4112436115843271), np.float64(0.6789989118607181)]","[np.float64(0.833389888021717), np.float64(0.22386363636363638), np.float64(0.6491312741312741), np.float64(0.5986696230598669)]","[np.float64(0.5309734513274337), np.float64(0.43167701863354035), np.float64(0.8)]","[np.float64(0.4557522123893805), np.float64(0.453416149068323), np.float64(0.8)]","[np.float64(0.833389888021717), np.float64(0.14492753623188406), np.float64(0.35935483870967744), np.float64(0.20766773162939298), np.float64(0.0743801652892562), np.float64(0.46360153256704983), np.float64(0.6630434782608695)]",0.3003701400711445,0.39233788152997817,0.3137994892287689
33,2.440543854338154,1.0850171727043811,0.7771129484872444,0.5784137321176996,0.7945801915532165,0.2904369797910127,4.446779631719391,1.998013800612543,1.567416881595238,0.8813489625998704,1.6916312442688985,0.3063825550060775,0.6032689450222882,0.8158896731054978,0.8225297176820208,0.7894223625557206,0.6225854383358098,0.6136701337295691,0.6108454464964201,0.5558142718027896,0.5324548153620362,0.6172172968603975,0.6101651450339441,0.5583716081276682,0.6299773376666117,0.5549182450752463,0.6572201029700068,0.646923908462962,0.5456878847249433,0.5735619891485798,0.5302336291082272,0.615650661567621,0.6095999422815507,"[np.float64(0.8805309734513275), np.float64(0.546583850931677), np.float64(0.248)]","[np.float64(0.889435584209931), np.float64(0.458603066439523), np.float64(0.5418933623503809)]","[np.float64(0.889435584209931), np.float64(0.12954545454545455), np.float64(0.6751930501930502), np.float64(0.5254988913525499)]","[np.float64(0.7876106194690266), np.float64(0.4720496894409938), np.float64(0.712)]","[np.float64(0.7300884955752213), np.float64(0.4906832298136646), np.float64(0.72)]","[np.float64(0.889435584209931), np.float64(0.06455862977602109), np.float64(0.4458064516129032), np.float64(0.2779552715654952), np.float64(0.05785123966942149), np.float64(0.4042145593869732), np.float64(0.5144927536231884)]",0.3397801977932932,0.3791877842634191,0.3408146673249797
34,2.415820724066113,1.077165344563207,0.7436684000257818,0.5949869779694797,0.7733827435800715,0.30378259988606904,4.443817052360105,1.9971783812038977,1.5640128727129021,0.8826257998582517,1.687142245493586,0.3100361367936304,0.6092124814264487,0.8271731054977711,0.8229940564635958,0.7957838038632986,0.6760772659732541,0.674591381872214,0.6280912981826224,0.5867503619570833,0.5403037976850197,0.6564142135170434,0.6574033122020738,0.547204602502794,0.6205542999541022,0.565884233573859,0.6527509115227469,0.6539717473753641,0.5237474343549052,0.5991351030328617,0.5449083613326422,0.6543742993174625,0.6547756493327993,"[np.float64(0.9070796460176991), np.float64(0.5745341614906833), np.float64(0.16)]","[np.float64(0.887738943558421), np.float64(0.6061328790459966), np.float64(0.367791077257889)]","[np.float64(0.887738943558421), np.float64(0.23068181818181818), np.float64(0.6761583011583011), np.float64(0.46895787139689576)]","[np.float64(0.7123893805309734), np.float64(0.7018633540372671), np.float64(0.544)]","[np.float64(0.6858407079646017), np.float64(0.7080745341614907), np.float64(0.568)]","[np.float64(0.887738943558421), np.float64(0.17391304347826086), np.float64(0.5787096774193549), np.float64(0.2747603833865815), np.float64(0.05785123966942149), np.float64(0.2547892720306513), np.float64(0.36231884057971014)]",0.3545408404593801,0.37001162858891445,0.35619569997117745
35,2.389690778881185,1.0494069784401527,0.7434012880746149,0.5968825139739521,0.742231651358267,0.30717532665568725,4.578108062376255,2.0324776402566838,1.590979691429025,0.9546507271531781,1.6975611388152714,0.33491649828541703,0.5765230312035661,0.7756315007429421,0.7845003714710252,0.7469353640416048,0.5616641901931649,0.5512630014858841,0.5793633212728204,0.5229652960459042,0.49994932633632616,0.5886832080120284,0.5836351346516139,0.5369148573627219,0.6373451356022427,0.58262346648575,0.5996287216695065,0.5897439674600121,0.5183431537598205,0.5466506744613933,0.5276817530582646,0.5641816457829684,0.5538035001015486,"[np.float64(0.8849557522123894), np.float64(0.4937888198757764), np.float64(0.232)]","[np.float64(0.835765184933831), np.float64(0.4647359454855196), np.float64(0.6115342763873776)]","[np.float64(0.835765184933831), np.float64(0.2715909090909091), np.float64(0.6621621621621622), np.float64(0.5609756097560976)]","[np.float64(0.5530973451327433), np.float64(0.4937888198757764), np.float64(0.752)]","[np.float64(0.5265486725663717), np.float64(0.4906832298136646), np.float64(0.752)]","[np.float64(0.835765184933831), np.float64(0.16996047430830039), np.float64(0.39225806451612905), np.float64(0.2731629392971246), np.float64(0.12396694214876033), np.float64(0.4540229885057471), np.float64(0.5362318840579711)]",0.314436820127239,0.3979097825382662,0.3329987043618464
36,2.345717166414311,1.0367976982930167,0.7122795971318958,0.5966398713014833,0.7453789202143546,0.2914187776393094,4.4275984926818035,2.0062357565769458,1.5513191223144531,0.8700436067156693,1.707674029319152,0.29856172663875435,0.6196136701337296,0.8492291976225854,0.8512722882615156,0.8233190936106983,0.6612184249628529,0.6582466567607727,0.5712289040688464,0.6015051852836196,0.5559737981975295,0.6419586219919099,0.6373841992104515,0.564112350904194,0.6184252107499992,0.5663087450853224,0.6745439088294033,0.6683885010718408,0.5470015445395254,0.6039171137816978,0.5573017657597321,0.6455449320514316,0.6441746206022702,"[np.float64(0.8893805309734514), np.float64(0.5869565217391305), np.float64(0.216)]","[np.float64(0.9349055536703993), np.float64(0.4524701873935264), np.float64(0.46789989118607184)]","[np.float64(0.9349055536703993), np.float64(0.175), np.float64(0.5178571428571429), np.float64(0.6374722838137472)]","[np.float64(0.8716814159292036), np.float64(0.5279503105590062), np.float64(0.624)]","[np.float64(0.8141592920353983), np.float64(0.5590062111801242), np.float64(0.632)]","[np.float64(0.9349055536703993), np.float64(0.08432147562582346), np.float64(0.4038709677419355), np.float64(0.3274760383386581), np.float64(0.15702479338842976), np.float64(0.23946360153256704), np.float64(0.5833333333333334)]",0.35622090617363283,0.3900565376615924,0.36095466378883073
37,2.308716431978332,1.0229612366956695,0.7012934962149097,0.584461699569753,0.734738241114238,0.28822299572349774,4.470713883549948,2.0372381832903854,1.550501191651432,0.8829745140910502,1.7425544965868534,0.2946836866482606,0.612184249628529,0.849832838038633,0.8512258543833581,0.8239227340267459,0.6731054977711739,0.6344725111441307,0.5859498555318906,0.5995802987735193,0.5624570320401361,0.6524201829166368,0.6220846459288395,0.554583777643416,0.6104979818194533,0.5444089240563228,0.6789379798090841,0.6348033492735302,0.5619670035739737,0.6013511544455997,0.5445413999973499,0.654879506815826,0.6242017647088837,"[np.float64(0.6814159292035398), np.float64(0.6863354037267081), np.float64(0.296)]","[np.float64(0.9362063115032236), np.float64(0.45894378194207835), np.float64(0.4363438520130577)]","[np.float64(0.9362063115032236), np.float64(0.13636363636363635), np.float64(0.5651544401544402), np.float64(0.5399113082039911)]","[np.float64(0.8982300884955752), np.float64(0.546583850931677), np.float64(0.592)]","[np.float64(0.6592920353982301), np.float64(0.6211180124223602), np.float64(0.624)]","[np.float64(0.9362063115032236), np.float64(0.07905138339920949), np.float64(0.4335483870967742), np.float64(0.2763578274760383), np.float64(0.08264462809917356), np.float64(0.26053639846743293), np.float64(0.5036231884057971)]",0.35661715563852897,0.36742401777823563,0.3531801485095589
38,2.2752190480185646,1.0300651388016753,0.6717482669108632,0.5734056423098082,0.7403562087602656,0.2897089311161136,4.541159871777724,2.064093002933423,1.5634261836637728,0.9136406896022378,1.7725291234449392,0.2915638767580781,0.5616641901931649,0.8068815007429421,0.8189078751857355,0.781528603268945,0.6047548291233283,0.5230312035661219,0.553430417876854,0.5487444583000365,0.5192364859196694,0.617451917731466,0.5768333201750083,0.5744747247109694,0.6329515733371213,0.5637857093655207,0.654586562597336,0.5862050971985563,0.5522451906276687,0.558643612339689,0.5345554321076577,0.6003423645047462,0.530423957235301,"[np.float64(0.6283185840707964), np.float64(0.5031055900621118), np.float64(0.592)]","[np.float64(0.885363646646307), np.float64(0.39216354344122656), np.float64(0.6213275299238302)]","[np.float64(0.885363646646307), np.float64(0.20113636363636364), np.float64(0.640926640926641), np.float64(0.5277161862527716)]","[np.float64(0.7876106194690266), np.float64(0.4161490683229814), np.float64(0.76)]","[np.float64(0.5575221238938053), np.float64(0.38509316770186336), np.float64(0.816)]","[np.float64(0.885363646646307), np.float64(0.10144927536231885), np.float64(0.36258064516129035), np.float64(0.20766773162939298), np.float64(0.11570247933884298), np.float64(0.4540229885057471), np.float64(0.5652173913043478)]",0.3259881126757932,0.3845720225640353,0.32788041159906095
39,2.24281963810741,0.9906390783163892,0.6727211893056677,0.5794593750532568,0.7056560681956573,0.28498301056074243,4.480210501645368,2.0118775926640904,1.5672508846050908,0.9010820144715578,1.7196489285998244,0.2922286630251641,0.6077265973254086,0.8182578008915304,0.8206259286775631,0.7887258543833581,0.6225854383358098,0.6047548291233283,0.5950471230836129,0.5557129863621079,0.5286658629817129,0.6088431160894929,0.6021449452958205,0.5525551585774748,0.6232900866937466,0.5852284409660865,0.6316710822843952,0.6153485406475019,0.5514977591944202,0.5787780441034824,0.5524865817260847,0.6122867170268654,0.5972756581719523,"[np.float64(0.7743362831858407), np.float64(0.6273291925465838), np.float64(0.256)]","[np.float64(0.8863250763488293), np.float64(0.5189097103918229), np.float64(0.4646354733405876)]","[np.float64(0.8863250763488293), np.float64(0.27954545454545454), np.float64(0.5941119691119691), np.float64(0.5809312638580931)]","[np.float64(0.6946902654867256), np.float64(0.5683229813664596), np.float64(0.632)]","[np.float64(0.6061946902654868), np.float64(0.5838509316770186), np.float64(0.656)]","[np.float64(0.8863250763488293), np.float64(0.1686429512516469), np.float64(0.42129032258064514), np.float64(0.35942492012779553), np.float64(0.1652892561983471), np.float64(0.32950191570881227), np.float64(0.42028985507246375)]",0.3378082427349586,0.3929663281840772,0.35679803413972283
40,2.203743360134889,0.9861239293818908,0.6493822046783148,0.5682372267416048,0.6982146380129658,0.28790929146889743,4.420184814611599,2.005253125369018,1.549037738794389,0.8658939391286153,1.710788723269273,0.29446439886084297,0.6240713224368499,0.8435178306092125,0.8376207280832095,0.8136144130757801,0.6968796433878157,0.6805349182763745,0.6028014528659115,0.6159507890167396,0.5747090742968091,0.6778657986492087,0.6618866005593694,0.5630054782975137,0.6161204463310759,0.5380681367848971,0.6712139101119479,0.6593743381153924,0.5577301613256669,0.6124194756319766,0.5313390783508201,0.668923844765429,0.6605338096070742,"[np.float64(0.8141592920353983), np.float64(0.6428571428571429), np.float64(0.232)]","[np.float64(0.9109829204841081), np.float64(0.5935264054514481), np.float64(0.3438520130576714)]","[np.float64(0.9109829204841081), np.float64(0.1318181818181818), np.float64(0.6959459459459459), np.float64(0.41352549889135254)]","[np.float64(0.8672566371681416), np.float64(0.6583850931677019), np.float64(0.488)]","[np.float64(0.7477876106194691), np.float64(0.6863354037267081), np.float64(0.544)]","[np.float64(0.9109829204841081), np.float64(0.08695652173913043), np.float64(0.6496774193548387), np.float64(0.19329073482428116), np.float64(0.06611570247933884), np.float64(0.2049808429118774), np.float64(0.3804347826086957)]",0.3788476152019808,0.3560627034860387,0.3469443000210174
41,2.1718714829967727,0.9663524243013067,0.6335410094549643,0.5719780522740826,0.683553284503535,0.2827991401476754,4.53859600539731,2.0132144431332097,1.582375015632335,0.9430065390264245,1.687736049957728,0.32547839844837034,0.6062407132243685,0.7592867756315007,0.7647195393759286,0.7294297919762258,0.5854383358098069,0.5854383358098069,0.6199491833076903,0.5119670664131023,0.5009221503472312,0.604051639417493,0.6084645935517835,0.5768267648729365,0.625428711607936,0.5788232838038034,0.6120494695762105,0.6181356199270781,0.55778207347207,0.5390606176374967,0.5166263733053966,0.5833792831410237,0.5850066422665171,"[np.float64(0.9469026548672567), np.float64(0.48757763975155277), np.float64(0.296)]","[np.float64(0.8084492704445199), np.float64(0.5335604770017036), np.float64(0.5342763873775843)]","[np.float64(0.8084492704445199), np.float64(0.35909090909090907), np.float64(0.7031853281853282), np.float64(0.4445676274944568)]","[np.float64(0.5442477876106194), np.float64(0.5559006211180124), np.float64(0.736)]","[np.float64(0.5398230088495575), np.float64(0.546583850931677), np.float64(0.768)]","[np.float64(0.8084492704445199), np.float64(0.23451910408432147), np.float64(0.4806451612903226), np.float64(0.21725239616613418), np.float64(0.2066115702479339), np.float64(0.39846743295019155), np.float64(0.4420289855072464)]",0.3189755466246851,0.39828198867009573,0.3340194488863895
42,2.1529707898721915,0.9611565595843611,0.6198987847769246,0.5719154482790993,0.6728470977525671,0.288309461622641,4.4694417520517415,2.012115301647243,1.563278928354869,0.8940475289474963,1.7026532308284181,0.30946206408677185,0.5943536404160475,0.8234583952451708,0.8262908618127786,0.7962945765230312,0.6196136701337296,0.6047548291233283,0.5968643647084616,0.5644683510985135,0.5273692195118386,0.6103840155151821,0.6071136741715344,0.594208981476392,0.6273262274406933,0.5834134368921968,0.6400841349236887,0.6393935396397882,0.5655094529783281,0.5834923831075661,0.5516022868747835,0.6110399249554404,0.6008991810466311,"[np.float64(0.9424778761061947), np.float64(0.4161490683229814), np.float64(0.424)]","[np.float64(0.8970139124533424), np.float64(0.48006814310051105), np.float64(0.5048966267682263)]","[np.float64(0.8970139124533424), np.float64(0.2534090909090909), np.float64(0.5501930501930502), np.float64(0.6330376940133038)]","[np.float64(0.7345132743362832), np.float64(0.5217391304347826), np.float64(0.664)]","[np.float64(0.7168141592920354), np.float64(0.4813664596273292), np.float64(0.72)]","[np.float64(0.8970139124533424), np.float64(0.13570487483530963), np.float64(0.4206451612903226), np.float64(0.3354632587859425), np.float64(0.2066115702479339), np.float64(0.2681992337164751), np.float64(0.572463768115942)]",0.33853568725639194,0.4051573970636097,0.3569991008630541
43,2.097894449459486,0.9455841713206199,0.5903380096886415,0.5619722728815296,0.6607089315278085,0.28487523967902684,4.453743266776336,2.011660005996772,1.5573531941065804,0.8847300712715624,1.6921533788347103,0.3195066241331907,0.6582466567607727,0.8271731054977711,0.8263372956909361,0.7977340267459139,0.6597325408618128,0.6656760772659732,0.6778045902749783,0.5701405638005622,0.5340083262294367,0.6310505289854228,0.6441368248112863,0.5965464372744096,0.6113354184536618,0.5697033425210385,0.6489665988750252,0.662074131076055,0.5942016557110348,0.5877810095041395,0.5475913024982576,0.6373642439431912,0.6504368281817156,"[np.float64(0.8628318584070797), np.float64(0.6708074534161491), np.float64(0.256)]","[np.float64(0.8945820608528448), np.float64(0.561839863713799), np.float64(0.37758433079434167)]","[np.float64(0.8945820608528448), np.float64(0.21136363636363636), np.float64(0.6274131274131274), np.float64(0.5454545454545454)]","[np.float64(0.8053097345132744), np.float64(0.6055900621118012), np.float64(0.536)]","[np.float64(0.7477876106194691), np.float64(0.6304347826086957), np.float64(0.608)]","[np.float64(0.8945820608528448), np.float64(0.11725955204216074), np.float64(0.5264516129032258), np.float64(0.33706070287539935), np.float64(0.18181818181818182), np.float64(0.24329501915708812), np.float64(0.35144927536231885)]",0.34543365226275835,0.37884520071588845,0.35554044462289064
44,2.0889532455615765,0.9454544533459199,0.5934527621701187,0.5500460303819585,0.6562298893901644,0.28922456445561795,4.508654198943685,2.011975432715713,1.5771409948784803,0.9195377761249373,1.7066838369878887,0.30529159876774964,0.6181277860326895,0.7951337295690936,0.7935549777117384,0.7651838781575037,0.6136701337295691,0.612184249628529,0.5998141488988171,0.5415275320486529,0.534802992000102,0.60241014834937,0.6096986428082737,0.595451657230803,0.6043836034814215,0.5764213982109455,0.6043655618461313,0.6174464171201378,0.5856477228062533,0.5644995387067454,0.5406404952349717,0.5998407237419717,0.6036492374727668,"[np.float64(0.8539823008849557), np.float64(0.5403726708074534), np.float64(0.392)]","[np.float64(0.8535799117746862), np.float64(0.5700170357751277), np.float64(0.3895538628944505)]","[np.float64(0.8535799117746862), np.float64(0.38522727272727275), np.float64(0.5945945945945946), np.float64(0.4722838137472284)]","[np.float64(0.5973451327433629), np.float64(0.639751552795031), np.float64(0.576)]","[np.float64(0.5752212389380531), np.float64(0.6211180124223602), np.float64(0.656)]","[np.float64(0.8535799117746862), np.float64(0.28326745718050067), np.float64(0.48838709677419356), np.float64(0.26517571884984026), np.float64(0.18181818181818182), np.float64(0.2509578544061303), np.float64(0.3442028985507246)]",0.34427115174697703,0.3810555884791796,0.35109429742252124
45,2.022453782136656,0.9246766722460108,0.562511331927813,0.5352657789287258,0.635573805900089,0.28910286492986426,4.517018994520963,2.025576223959201,1.572757723423423,0.9186850453696548,1.7300111550605615,0.2955650663506295,0.6285289747399703,0.7864970282317979,0.7864970282317979,0.7558042347696879,0.600297176820208,0.5705794947994056,0.6337462930628308,0.5310950776195643,0.505983925680428,0.5900308168477362,0.5891349447580451,0.5587504351490501,0.6213895032365694,0.5911359126129779,0.6016447351545465,0.5695652173913044,0.5722438776713421,0.5595716045105819,0.5350425628597084,0.5877666920607857,0.5596127383970428,"[np.float64(0.6415929203539823), np.float64(0.7546583850931677), np.float64(0.28)]","[np.float64(0.8394412396787694), np.float64(0.57206132879046), np.float64(0.45266594124047876)]","[np.float64(0.8394412396787694), np.float64(0.3352272727272727), np.float64(0.6211389961389961), np.float64(0.5687361419068736)]","[np.float64(0.6637168141592921), np.float64(0.5652173913043478), np.float64(0.576)]","[np.float64(0.5), np.float64(0.6086956521739131), np.float64(0.6)]","[np.float64(0.8394412396787694), np.float64(0.19367588932806323), np.float64(0.5245161290322581), np.float64(0.2955271565495208), np.float64(0.23140495867768596), np.float64(0.23946360153256704), np.float64(0.4927536231884058)]",0.3221526050521294,0.40239751399818147,0.3445700231783722
46,2.0017042262016798,0.9131400647566308,0.5535001357423985,0.5350640257841451,0.626175670015155,0.2869643955767723,4.378623317893959,1.9723493971527508,1.547610091172623,0.8586638219632452,1.678158780587533,0.2941906130941756,0.6092124814264487,0.8315843239227341,0.8298662704309064,0.8016344725111442,0.6671619613670133,0.674591381872214,0.6640969755547501,0.5821078084159362,0.5698257322243082,0.6401757226697274,0.6495350580117893,0.5563688598178786,0.6277802932985752,0.5399317896850268,0.6575329705564411,0.6674759156452116,0.53469429116695,0.6016590987125899,0.5250871421501347,0.6461696739474517,0.6562502024703699,"[np.float64(0.9336283185840708), np.float64(0.5434782608695652), np.float64(0.192)]","[np.float64(0.9005768578215134), np.float64(0.5366269165247018), np.float64(0.44613710554951036)]","[np.float64(0.9005768578215134), np.float64(0.11704545454545455), np.float64(0.6964285714285714), np.float64(0.44567627494456763)]","[np.float64(0.8230088495575221), np.float64(0.6055900621118012), np.float64(0.544)]","[np.float64(0.8053097345132744), np.float64(0.6211180124223602), np.float64(0.576)]","[np.float64(0.9005768578215134), np.float64(0.05401844532279315), np.float64(0.5890322580645161), np.float64(0.16293929712460065), np.float64(0.11570247933884298), np.float64(0.26053639846743293), np.float64(0.4855072463768116)]",0.3589544733398395,0.36690185464521585,0.3375614536922519
47,1.9582709508362992,0.9023913277369348,0.5274834106402713,0.5283962085594881,0.621435832566191,0.28095549527860886,4.547018336259293,2.0466340865155,1.5718430606123248,0.9285412036346753,1.7382492000342122,0.30838488955437604,0.6166419019316494,0.7872864041604755,0.7917440564635958,0.7578937592867756,0.5898959881129272,0.5527488855869243,0.6027535174211837,0.5302948702008295,0.5157708836818586,0.5920674943577864,0.5822410576889773,0.5687273127026878,0.6248494366412657,0.5732678960180626,0.6094512541453674,0.5765930486084391,0.5802995570737507,0.5586989897619238,0.5306348235221875,0.585922212592093,0.5506327659268836,"[np.float64(0.6283185840707964), np.float64(0.7018633540372671), np.float64(0.376)]","[np.float64(0.8461146929080421), np.float64(0.5202725724020443), np.float64(0.5081610446137106)]","[np.float64(0.8461146929080421), np.float64(0.31022727272727274), np.float64(0.6766409266409267), np.float64(0.46008869179600886)]","[np.float64(0.6017699115044248), np.float64(0.546583850931677), np.float64(0.68)]","[np.float64(0.4823008849557522), np.float64(0.5434782608695652), np.float64(0.704)]","[np.float64(0.8461146929080421), np.float64(0.17786561264822134), np.float64(0.5090322580645161), np.float64(0.16293929712460065), np.float64(0.19008264462809918), np.float64(0.3371647509578544), np.float64(0.4927536231884058)]",0.32264358148067734,0.38799326850281995,0.3331176829577097
48,1.9666470217494338,0.9119324761527603,0.514603584874127,0.5401109621179888,0.6233298943841638,0.2886025832984386,4.4328919334298424,1.9960729032312727,1.5553285392880085,0.8814905075361892,1.689095660203996,0.3069772428282998,0.5988112927191679,0.8297269687964339,0.8240156017830609,0.7989877414561665,0.6671619613670133,0.6612184249628529,0.640302738257019,0.5804118490672711,0.5220163412888279,0.6394372066499977,0.6394186279142032,0.5419593616592462,0.6136202903402848,0.5656599479259667,0.645985232415398,0.6441578629143078,0.5308602370987116,0.594282731823441,0.536847999095629,0.6413898427723314,0.6416304897147254,"[np.float64(0.8451327433628318), np.float64(0.5807453416149069), np.float64(0.2)]","[np.float64(0.894864834294763), np.float64(0.5836456558773424), np.float64(0.36235038084874865)]","[np.float64(0.894864834294763), np.float64(0.18863636363636363), np.float64(0.5926640926640927), np.float64(0.5864745011086474)]","[np.float64(0.8053097345132744), np.float64(0.6366459627329193), np.float64(0.496)]","[np.float64(0.7300884955752213), np.float64(0.6583850931677019), np.float64(0.544)]","[np.float64(0.894864834294763), np.float64(0.11198945981554677), np.float64(0.5348387096774193), np.float64(0.3753993610223642), np.float64(0.11570247933884298), np.float64(0.2260536398467433), np.float64(0.37318840579710144)]",0.342211658399815,0.37600526997039735,0.35261269838267506
49,1.9064600075379103,0.884763454223215,0.5015211694227748,0.520175381346692,0.60542249089661,0.279340963652831,4.483953176690846,2.0132530874597565,1.5639828510737206,0.9067172340893958,1.7210565303128975,0.29219655648360265,0.6017830609212481,0.8088781575037147,0.8080887815750372,0.7793462109955424,0.62555720653789,0.6017830609212481,0.5692443095166831,0.5495504378663276,0.513457217886648,0.6122311875649041,0.6073735271634996,0.5303981384781692,0.6157329389763069,0.580165174013662,0.624137488777735,0.599404313014163,0.5288037241776734,0.574533674260736,0.5403571129246596,0.6145113163230679,0.5908243569917703,"[np.float64(0.7079646017699115), np.float64(0.6832298136645962), np.float64(0.2)]","[np.float64(0.8713380839271576), np.float64(0.5536626916524702), np.float64(0.42219804134929273)]","[np.float64(0.8713380839271576), np.float64(0.2909090909090909), np.float64(0.5941119691119691), np.float64(0.5643015521064302)]","[np.float64(0.6637168141592921), np.float64(0.6086956521739131), np.float64(0.6)]","[np.float64(0.5486725663716814), np.float64(0.6335403726708074), np.float64(0.616)]","[np.float64(0.8713380839271576), np.float64(0.2002635046113307), np.float64(0.472258064516129), np.float64(0.3466453674121406), np.float64(0.1322314049586777), np.float64(0.2796934865900383), np.float64(0.41304347826086957)]",0.3315161539695141,0.3879247700394776,0.35322131114323463
50,1.9167701464975835,0.888985482555356,0.48992683528809455,0.5378578282724227,0.6089308183844708,0.28005466462076134,4.3940269869229915,1.98028310717744,1.5500614674933233,0.8636824106604126,1.6888762907033859,0.29140681458377343,0.6092124814264487,0.8466753343239227,0.843657132243685,0.8190007429420505,0.6716196136701337,0.6671619613670133,0.6200184256104445,0.6023389945496869,0.5459429263475929,0.6497180134680134,0.6461642100529402,0.5555467853936495,0.6027453916981301,0.5658378613432637,0.6530483885743601,0.6515042049139779,0.5423689897492682,0.6020656827986127,0.5526778353467611,0.6475312135872425,0.6482553138360779,"[np.float64(0.8761061946902655), np.float64(0.5745341614906833), np.float64(0.216)]","[np.float64(0.9238773894355842), np.float64(0.5383304940374787), np.float64(0.34602829162132753)]","[np.float64(0.9238773894355842), np.float64(0.19318181818181818), np.float64(0.5376447876447876), np.float64(0.6086474501108647)]","[np.float64(0.8451327433628318), np.float64(0.6180124223602484), np.float64(0.496)]","[np.float64(0.7787610619469026), np.float64(0.639751552795031), np.float64(0.536)]","[np.float64(0.9238773894355842), np.float64(0.16073781291172595), np.float64(0.45483870967741935), np.float64(0.402555910543131), np.float64(0.05785123966942149), np.float64(0.22030651340996169), np.float64(0.36594202898550726)]",0.35975345004152776,0.36944422923325015,0.3619984614411581
51,1.8824047051279873,0.8770232691167416,0.48122703990446686,0.5241543936455526,0.5911969904083715,0.2858262784294995,4.494143159877653,2.014481575977201,1.565568136532158,0.9140934328650863,1.7172442847967855,0.29723729504941127,0.600297176820208,0.7925334323922734,0.7953658989598811,0.7623514115898959,0.6166419019316494,0.5780089153046062,0.5616774743630691,0.5345959140797327,0.5048216952237501,0.6052786711000498,0.5906651891355857,0.5557787427398816,0.6231334812985859,0.5874356362096064,0.6329918833250884,0.5980915736821855,0.5569971060105318,0.5629584391342491,0.5356673826868196,0.6093863416470753,0.574502231146324,"[np.float64(0.6946902654867256), np.float64(0.6366459627329193), np.float64(0.336)]","[np.float64(0.8518267164347925), np.float64(0.531175468483816), np.float64(0.48639825897714906)]","[np.float64(0.8518267164347925), np.float64(0.31363636363636366), np.float64(0.6177606177606177), np.float64(0.5665188470066519)]","[np.float64(0.7168141592920354), np.float64(0.5341614906832298), np.float64(0.648)]","[np.float64(0.5707964601769911), np.float64(0.5434782608695652), np.float64(0.68)]","[np.float64(0.8518267164347925), np.float64(0.1857707509881423), np.float64(0.4670967741935484), np.float64(0.28753993610223644), np.float64(0.19834710743801653), np.float64(0.29310344827586204), np.float64(0.4855072463768116)]",0.31697631314952524,0.39559885425848706,0.3411054874654681
52,1.8698680840615076,0.8848808258326809,0.46899578041464823,0.5159914805827216,0.6003813693580918,0.2844994566561181,4.47558309628631,2.0105330240125117,1.5611498702527506,0.9039001938851015,1.7212137624135002,0.2893192638098663,0.6136701337295691,0.8143573551263001,0.8104104754829123,0.7819465081723626,0.6344725111441307,0.6151560178306092,0.6214869601249687,0.5622313353201194,0.5021755578597333,0.6122123104371097,0.6123390602237054,0.5546821304897488,0.6233047868960675,0.5750655364774622,0.6264037816742704,0.6077842393594607,0.5612257841214142,0.5863796169658915,0.5311219625225648,0.6175315208071405,0.6029267127522059,"[np.float64(0.7212389380530974), np.float64(0.6708074534161491), np.float64(0.272)]","[np.float64(0.8770501074539079), np.float64(0.5543441226575809), np.float64(0.4385201305767138)]","[np.float64(0.8770501074539079), np.float64(0.22954545454545455), np.float64(0.5694980694980695), np.float64(0.6241685144124168)]","[np.float64(0.7389380530973452), np.float64(0.5962732919254659), np.float64(0.544)]","[np.float64(0.588495575221239), np.float64(0.6428571428571429), np.float64(0.592)]","[np.float64(0.8770501074539079), np.float64(0.1686429512516469), np.float64(0.45548387096774196), np.float64(0.36261980830670926), np.float64(0.09917355371900827), np.float64(0.2547892720306513), np.float64(0.45652173913043476)]",0.3224049915274091,0.38204018612287155,0.34544650727358367
53,1.8229183110706182,0.8644782937628642,0.4514172561711487,0.5070227607830071,0.5923118178671772,0.2721664764008111,4.398129842401612,1.9831233431394446,1.549249307691874,0.8657572066041058,1.687177779059028,0.2959455617866548,0.6106983655274889,0.84375,0.8404996285289748,0.8157968053491828,0.6671619613670133,0.6671619613670133,0.6678535401854351,0.6018067264542398,0.5493013483672463,0.6418934965499851,0.6433418841220698,0.5599149856171788,0.6068620784399449,0.5669101503046161,0.6431620220231224,0.6470495245424064,0.538356440803078,0.6032616757020649,0.5566177302159955,0.6402846658310172,0.6442747947133601,"[np.float64(0.9424778761061947), np.float64(0.5372670807453416), np.float64(0.2)]","[np.float64(0.9171473815179279), np.float64(0.5574105621805792), np.float64(0.34602829162132753)]","[np.float64(0.9171473815179279), np.float64(0.22613636363636364), np.float64(0.5733590733590733), np.float64(0.5509977827050998)]","[np.float64(0.8097345132743363), np.float64(0.639751552795031), np.float64(0.48)]","[np.float64(0.7831858407079646), np.float64(0.6459627329192547), np.float64(0.512)]","[np.float64(0.9171473815179279), np.float64(0.14492753623188406), np.float64(0.5193548387096775), np.float64(0.3450479233226837), np.float64(0.1652892561983471), np.float64(0.19348659003831417), np.float64(0.36231884057971014)]",0.3662408002712678,0.37822462379979205,0.3681901112347092
54,1.7777098955215849,0.8454309827888477,0.4293539808523711,0.5029249339853891,0.5672357481655362,0.2781952342201329,4.405186106967643,1.984049980647486,1.5531264108437106,0.8680097227280501,1.6773093447133411,0.30674064105227367,0.5809806835066865,0.8303306092124815,0.825222882615156,0.8009843982169391,0.6731054977711739,0.6701337295690936,0.5718265090635226,0.5846275098335691,0.5278105935014294,0.6426429716528826,0.643183497950682,0.5312385349676615,0.5979490055735505,0.5654795792626379,0.6420961175543707,0.6479281775041682,0.5048515289437606,0.5871583133507413,0.5442734040024219,0.6404168807942084,0.6451383144931532,"[np.float64(0.911504424778761), np.float64(0.5062111801242236), np.float64(0.176)]","[np.float64(0.897070467141726), np.float64(0.5931856899488926), np.float64(0.30359085963003263)]","[np.float64(0.897070467141726), np.float64(0.24886363636363637), np.float64(0.584942084942085), np.float64(0.5310421286031042)]","[np.float64(0.8230088495575221), np.float64(0.65527950310559), np.float64(0.448)]","[np.float64(0.7876106194690266), np.float64(0.6521739130434783), np.float64(0.504)]","[np.float64(0.897070467141726), np.float64(0.17654808959156784), np.float64(0.5451612903225806), np.float64(0.3498402555910543), np.float64(0.1322314049586777), np.float64(0.18582375478927204), np.float64(0.27898550724637683)]",0.3504153983142544,0.3665229670916079,0.35400348806347576
55,1.7841847185125639,0.8482420050992765,0.42203331414707795,0.5139093966972518,0.5663860934671923,0.28185591065340626,4.535394324039493,2.066637747365572,1.5579991443220869,0.9107574229778097,1.7561920577057746,0.3104456909144579,0.5839524517087668,0.8212760029717682,0.8205794947994056,0.7919762258543833,0.6359583952451708,0.5542347696879644,0.5916027481634889,0.556207746492588,0.5402778655081925,0.6107396405170716,0.589515766564947,0.5154968760878726,0.608918263560915,0.5417028579857719,0.6339074735704209,0.5470573663863391,0.5279771283961228,0.5766003890636577,0.5284842086257486,0.6179052676226365,0.5345351108265769,"[np.float64(0.42035398230088494), np.float64(0.7981366459627329), np.float64(0.328)]","[np.float64(0.8911322248614411), np.float64(0.5308347529812606), np.float64(0.4047878128400435)]","[np.float64(0.8911322248614411), np.float64(0.26704545454545453), np.float64(0.6583011583011583), np.float64(0.35033259423503327)]","[np.float64(0.7876106194690266), np.float64(0.562111801242236), np.float64(0.552)]","[np.float64(0.37168141592920356), np.float64(0.6614906832298136), np.float64(0.608)]","[np.float64(0.8911322248614411), np.float64(0.15019762845849802), np.float64(0.5283870967741936), np.float64(0.1853035143769968), np.float64(0.19834710743801653), np.float64(0.28544061302681994), np.float64(0.27898550724637683)]",0.3408210594253663,0.35968481316890616,0.337013036806095
56,1.7641619117993836,0.8526564426147726,0.41344119464613194,0.4980642735810741,0.5626610415509965,0.28999539877098623,4.44958601365811,1.9970029040684685,1.5562215986874408,0.8963615139089636,1.6812216319386966,0.3157812700515685,0.6106983655274889,0.8176077265973254,0.8177470282317979,0.7887258543833581,0.6389301634472511,0.6285289747399703,0.5984054128693731,0.5525409924756751,0.5094736117832449,0.6183935818782444,0.6133894378169187,0.5768542479708313,0.6126482885290678,0.5549030329968935,0.6473981568002345,0.6427200938089742,0.5599667723083667,0.5732835241065213,0.5262800133789534,0.6268293113350724,0.6200289006026637,"[np.float64(0.915929203539823), np.float64(0.5186335403726708), np.float64(0.296)]","[np.float64(0.889944576405384), np.float64(0.4964224872231687), np.float64(0.4515778019586507)]","[np.float64(0.889944576405384), np.float64(0.19204545454545455), np.float64(0.581081081081081), np.float64(0.5565410199556541)]","[np.float64(0.7876106194690266), np.float64(0.546583850931677), np.float64(0.608)]","[np.float64(0.7477876106194691), np.float64(0.5403726708074534), np.float64(0.64)]","[np.float64(0.889944576405384), np.float64(0.11330698287220026), np.float64(0.4393548387096774), np.float64(0.3210862619808307), np.float64(0.1322314049586777), np.float64(0.2835249042145594), np.float64(0.427536231884058)]",0.3214556493939082,0.3724264572893411,0.33794434869747303
57,1.7097804818335403,0.8183083573051894,0.39941899388447955,0.49205312963690656,0.5313014496060753,0.287006906630987,4.415148497335281,1.9977022052164954,1.5491370811660494,0.8683092245716015,1.6852160738200745,0.3124861341378809,0.6181277860326895,0.8449572808320951,0.8394316493313522,0.8159825408618128,0.674591381872214,0.6701337295690936,0.5937266532536895,0.5984413035270774,0.5449882993988028,0.6467733222689853,0.6428632662994181,0.5562963777276975,0.5985065395341423,0.5469284353390865,0.6538696568277176,0.648367907070485,0.5433727224889527,0.5973959535730441,0.53378994470252,0.6429207142263503,0.6449080409412177,"[np.float64(0.8539823008849557), np.float64(0.6149068322981367), np.float64(0.2)]","[np.float64(0.9200316706254948), np.float64(0.5577512776831346), np.float64(0.3177366702937976)]","[np.float64(0.9200316706254948), np.float64(0.1431818181818182), np.float64(0.5723938223938224), np.float64(0.5521064301552107)]","[np.float64(0.8982300884955752), np.float64(0.5993788819875776), np.float64(0.464)]","[np.float64(0.7920353982300885), np.float64(0.6490683229813664), np.float64(0.504)]","[np.float64(0.9200316706254948), np.float64(0.07378129117259552), np.float64(0.5232258064516129), np.float64(0.37859424920127793), np.float64(0.1487603305785124), np.float64(0.18582375478927204), np.float64(0.3115942028985507)]",0.36013184832139805,0.3631159008167595,0.351057445575971
58,1.7042670598570995,0.8133996345817711,0.39129282685072125,0.4995745949196664,0.5358217751901286,0.2775778591232953,4.444477564503248,1.988955883668509,1.5619090742456454,0.893612605351015,1.7005051406271734,0.2884507419580168,0.600297176820208,0.8171433878157504,0.8116177563150074,0.787147102526003,0.6567607726597325,0.6537890044576523,0.595149743720083,0.5827669508969398,0.5270010975863457,0.6374139074430952,0.6466068824961609,0.5219702816101431,0.5884257950539875,0.5700590186868864,0.6161404935964382,0.6129931292255263,0.4998566989239268,0.5755020462517879,0.5423325430368526,0.6238620762915589,0.625028812731078,"[np.float64(0.8141592920353983), np.float64(0.639751552795031), np.float64(0.112)]","[np.float64(0.8794819590544056), np.float64(0.6115843270868825), np.float64(0.27421109902067464)]","[np.float64(0.8794819590544056), np.float64(0.3125), np.float64(0.5738416988416989), np.float64(0.5144124168514412)]","[np.float64(0.7256637168141593), np.float64(0.6987577639751553), np.float64(0.424)]","[np.float64(0.6327433628318584), np.float64(0.7422360248447205), np.float64(0.464)]","[np.float64(0.8794819590544056), np.float64(0.2503293807641634), np.float64(0.515483870967742), np.float64(0.3753993610223642), np.float64(0.12396694214876033), np.float64(0.19348659003831417), np.float64(0.2210144927536232)]",0.36202680562402756,0.36559465667848184,0.35617165030301623
59,1.6833532516080636,0.8217522981474522,0.37681154125971644,0.4847894117858931,0.5429988463154556,0.27875345109535726,4.4282349167662485,1.990831449406791,1.551083148763866,0.8863203171806449,1.7049169752647333,0.2859144705825814,0.6181277860326895,0.8335809806835067,0.830562778603269,0.8045598068350669,0.6567607726597325,0.6478454680534919,0.6227049139652884,0.5782228182778484,0.5240129723812804,0.6314141004530298,0.6277533672209299,0.5170710346470254,0.6130407684752536,0.5669675379604917,0.6516057824437971,0.632202715330072,0.4797598257396915,0.593367648140827,0.5424089424720994,0.6368254134943555,0.6296015128359665,"[np.float64(0.7876106194690266), np.float64(0.7236024844720497), np.float64(0.04)]","[np.float64(0.9075330844927044), np.float64(0.5202725724020443), np.float64(0.41131664853101196)]","[np.float64(0.9075330844927044), np.float64(0.21704545454545454), np.float64(0.527992277992278), np.float64(0.61529933481153)]","[np.float64(0.8362831858407079), np.float64(0.5745341614906833), np.float64(0.544)]","[np.float64(0.7035398230088495), np.float64(0.6490683229813664), np.float64(0.544)]","[np.float64(0.9075330844927044), np.float64(0.14492753623188406), np.float64(0.44129032258064516), np.float64(0.36741214057507987), np.float64(0.1652892561983471), np.float64(0.20689655172413793), np.float64(0.463768115942029)]",0.3404073270105944,0.3853024296778325,0.35699636746966323
60,1.6586057962790337,0.8158003455304794,0.3723781640576478,0.4704272876779086,0.5393498929988915,0.27645045353657444,4.3993584784272874,1.9834201725017424,1.5492720731288105,0.8666662402252061,1.693922283741416,0.2894978880970697,0.5780089153046062,0.8337667161961367,0.8333023774145617,0.8068815007429421,0.637444279346211,0.6300148588410104,0.6001689820456577,0.574693161879701,0.531078128345308,0.6119845434775891,0.6051662087278525,0.5189395921508272,0.611219439664486,0.5588412669712276,0.6356372963960498,0.6256242877297129,0.4868738424081081,0.5889250876595211,0.5432061097217084,0.6184025581194365,0.6124105924728641,"[np.float64(0.9070796460176991), np.float64(0.5217391304347826), np.float64(0.128)]","[np.float64(0.9117181314330958), np.float64(0.4899488926746167), np.float64(0.4319912948857454)]","[np.float64(0.9117181314330958), np.float64(0.2159090909090909), np.float64(0.5434362934362934), np.float64(0.5643015521064302)]","[np.float64(0.827433628318584), np.float64(0.5434782608695652), np.float64(0.536)]","[np.float64(0.7787610619469026), np.float64(0.562111801242236), np.float64(0.536)]","[np.float64(0.9117181314330958), np.float64(0.15019762845849802), np.float64(0.43290322580645163), np.float64(0.305111821086262), np.float64(0.14049586776859505), np.float64(0.2567049808429119), np.float64(0.4673913043478261)]",0.34352449482521336,0.38064613710623435,0.3556285069758642
61,1.6350954474291939,0.7941237489396556,0.35832952251046735,0.4826421780741947,0.5153216956576288,0.2788020543277916,4.4615290808748425,1.9813302995896835,1.5678955698579284,0.9123032096585464,1.6804496368244068,0.30088067070224517,0.5988112927191679,0.7906296433878157,0.787982912332838,0.7591939078751857,0.6077265973254086,0.6032689450222882,0.594134336320956,0.542698730418402,0.5011913757494915,0.5956261357887567,0.5981251782149987,0.5708287070118544,0.6087858630184233,0.5779952362723856,0.5947058025980688,0.6036450649517214,0.5566995206144983,0.5654666874573692,0.5279343893718255,0.5930738802921651,0.5948915308943782,"[np.float64(0.8893805309734514), np.float64(0.5031055900621118), np.float64(0.32)]","[np.float64(0.8452663725822871), np.float64(0.5850085178875639), np.float64(0.39608269858541895)]","[np.float64(0.8452663725822871), np.float64(0.3215909090909091), np.float64(0.6052123552123552), np.float64(0.5399113082039911)]","[np.float64(0.6238938053097345), np.float64(0.6242236024844721), np.float64(0.536)]","[np.float64(0.5973451327433629), np.float64(0.6055900621118012), np.float64(0.608)]","[np.float64(0.8452663725822871), np.float64(0.23715415019762845), np.float64(0.49290322580645163), np.float64(0.33226837060702874), np.float64(0.09917355371900827), np.float64(0.25287356321839083), np.float64(0.391304347826087)]",0.3250285073074085,0.3787062262795545,0.34457465486177163
62,1.6233744778268897,0.8002727571558949,0.3534482513178403,0.46965347381950967,0.5174785290849795,0.28279422743951027,4.440817064630526,1.9759365267145175,1.561604866995656,0.9032756767570088,1.6870157633761624,0.2889207625866644,0.6196136701337296,0.8133358098068351,0.8059063893016345,0.781342867756315,0.6567607726597325,0.6567607726597325,0.6621718589229054,0.5699838544575107,0.49908560101813604,0.6364659318713651,0.6429899024311766,0.5653040913171733,0.5978628591178706,0.576342171170107,0.6237306656406311,0.6274907198739442,0.5542089234899693,0.5773685337813611,0.5290971432819984,0.6293093351916882,0.6337134143598268,"[np.float64(0.8849557522123894), np.float64(0.5869565217391305), np.float64(0.224)]","[np.float64(0.8739395995928062), np.float64(0.6040885860306644), np.float64(0.31556039173014144)]","[np.float64(0.8739395995928062), np.float64(0.2681818181818182), np.float64(0.527992277992278), np.float64(0.6352549889135255)]","[np.float64(0.7035398230088495), np.float64(0.6956521739130435), np.float64(0.472)]","[np.float64(0.6592920353982301), np.float64(0.7111801242236024), np.float64(0.512)]","[np.float64(0.8739395995928062), np.float64(0.20553359683794467), np.float64(0.4735483870967742), np.float64(0.4488817891373802), np.float64(0.1322314049586777), np.float64(0.18007662835249041), np.float64(0.33695652173913043)]",0.3402851482036843,0.37873827538788635,0.3531384353737689
63,1.5897190947148656,0.783842974061038,0.33647720984768287,0.4693989142532698,0.5019999521622708,0.281843022128967,4.468127986443856,2.017812566870398,1.5522278847963238,0.898087533539056,1.70991036658471,0.30790220205989893,0.6210995542347697,0.8218332095096582,0.8172362555720654,0.7912797176820208,0.6478454680534919,0.6300148588410104,0.5958528428093646,0.5788950901583149,0.5268997314555199,0.6267477356153058,0.6192142145325784,0.5781292438483666,0.6137570900711665,0.5761561447926302,0.6328973414683303,0.6279950896865095,0.5733831761367993,0.5931054656167678,0.5464079289179886,0.6295963101727698,0.62017743646081,"[np.float64(0.8230088495575221), np.float64(0.5993788819875776), np.float64(0.312)]","[np.float64(0.88756927949327), np.float64(0.5597955706984667), np.float64(0.3939064200217628)]","[np.float64(0.88756927949327), np.float64(0.3125), np.float64(0.5424710424710425), np.float64(0.5620842572062085)]","[np.float64(0.7433628318584071), np.float64(0.6273291925465838), np.float64(0.528)]","[np.float64(0.6548672566371682), np.float64(0.6211180124223602), np.float64(0.608)]","[np.float64(0.88756927949327), np.float64(0.2463768115942029), np.float64(0.44387096774193546), np.float64(0.35303514376996803), np.float64(0.12396694214876033), np.float64(0.2413793103448276), np.float64(0.39855072463768115)]",0.35516769058377634,0.38496416853294935,0.3667944247045605
64,1.5731576667499083,0.7748285088152808,0.33084561259001777,0.46748354750345866,0.4876769916634627,0.28715151757801655,4.481869256814792,2.007832248769811,1.5653456541480226,0.9086913546044324,1.6997983406134811,0.3080339089743461,0.5973254086181278,0.7982447994056464,0.7930442050520059,0.7668090638930164,0.6300148588410104,0.6166419019316494,0.6479522449534689,0.5508293635740867,0.49450949317747017,0.6145063937929315,0.61853352969576,0.5052039795525752,0.6103763377451918,0.5653451015287307,0.6248595980138881,0.60605361036296,0.4888853173580221,0.5727613109943561,0.5213778518208441,0.6179083308577562,0.6039414193326963,"[np.float64(0.6991150442477876), np.float64(0.7204968944099379), np.float64(0.096)]","[np.float64(0.8561814274403348), np.float64(0.5734241908006814), np.float64(0.4015233949945593)]","[np.float64(0.8561814274403348), np.float64(0.28295454545454546), np.float64(0.5801158301158301), np.float64(0.5421286031042128)]","[np.float64(0.672566371681416), np.float64(0.6180124223602484), np.float64(0.584)]","[np.float64(0.5442477876106194), np.float64(0.6739130434782609), np.float64(0.6)]","[np.float64(0.8561814274403348), np.float64(0.20948616600790515), np.float64(0.5025806451612903), np.float64(0.3035143769968051), np.float64(0.1487603305785124), np.float64(0.24904214559386972), np.float64(0.358695652173913)]",0.321993294404484,0.37546582056466143,0.34143691807407134
65,1.5693178638397882,0.7836406879531196,0.3284568218620341,0.45722035510824355,0.49591641696528477,0.2877242717507827,4.43113917271532,1.9986893508130081,1.5521117629212513,0.880338065171454,1.6817570036879632,0.3169323464175714,0.6032689450222882,0.8304234769687965,0.8239691679049034,0.7998235512630015,0.6701337295690936,0.6716196136701337,0.6159461786061832,0.5861202378186218,0.5213005667314059,0.649830078078749,0.652705252433882,0.5752534857729164,0.607538458449466,0.5426858890704409,0.6489350849227725,0.6651506256985287,0.5620246385912772,0.5942490573038691,0.525067525991173,0.646858902046053,0.6580486467400845,"[np.float64(0.9026548672566371), np.float64(0.5031055900621118), np.float64(0.32)]","[np.float64(0.8975794593371791), np.float64(0.5768313458262351), np.float64(0.3482045701849837)]","[np.float64(0.8975794593371791), np.float64(0.17954545454545454), np.float64(0.6235521235521235), np.float64(0.4700665188470067)]","[np.float64(0.8141592920353983), np.float64(0.6366459627329193), np.float64(0.496)]","[np.float64(0.7699115044247787), np.float64(0.6335403726708074), np.float64(0.592)]","[np.float64(0.8975794593371791), np.float64(0.13175230566534915), np.float64(0.5619354838709677), np.float64(0.2715654952076677), np.float64(0.09090909090909091), np.float64(0.20689655172413793), np.float64(0.34057971014492755)]",0.3479756432209148,0.35731687097990283,0.3446140404069892
66,1.5267113169620694,0.7605160072147745,0.31561040032662113,0.45058490682834285,0.47487307321456024,0.2856429339160269,4.545124518765187,2.058000638506179,1.5630735059873995,0.9240503822306851,1.7483903749760252,0.3096102575829546,0.5468053491827637,0.8147288261515602,0.812035661218425,0.7847789747399703,0.6315007429420505,0.5141158989598811,0.5356683798544264,0.5500021194180894,0.5103818982575898,0.612448304868751,0.5470644422808314,0.5200603895271075,0.5977050084955866,0.5656911320140565,0.6245182212939042,0.5302150644020593,0.5246282990136437,0.5695331175617628,0.5338070000430404,0.6169441913377641,0.5089240124402358,"[np.float64(0.5132743362831859), np.float64(0.6149068322981367), np.float64(0.432)]","[np.float64(0.8827621309806583), np.float64(0.5458262350936968), np.float64(0.3645266594124048)]","[np.float64(0.8827621309806583), np.float64(0.2772727272727273), np.float64(0.5472972972972973), np.float64(0.5554323725055432)]","[np.float64(0.7079646017699115), np.float64(0.6055900621118012), np.float64(0.56)]","[np.float64(0.38495575221238937), np.float64(0.5496894409937888), np.float64(0.656)]","[np.float64(0.8827621309806583), np.float64(0.2002635046113307), np.float64(0.4335483870967742), np.float64(0.38338658146964855), np.float64(0.12396694214876033), np.float64(0.2567049808429119), np.float64(0.286231884057971)]",0.32846566679166883,0.366694915886865,0.3435286963585044
67,1.509760218583632,0.7606007204229552,0.3036151097065538,0.4455443896740304,0.4781038450841727,0.28249687455215694,4.453644038661651,1.9836992792984145,1.5650847750530752,0.9048599839564248,1.6813144998663612,0.30238477733174135,0.5794947994056464,0.7971303863298663,0.7960624071322436,0.7669483655274889,0.6151560178306092,0.6166419019316494,0.5965996965996966,0.5364759895161431,0.4938359104964562,0.5977908751760342,0.605031924597142,0.5485892376188645,0.6119927485485941,0.5408111732546151,0.6168337272577364,0.6229481668773703,0.5286203901767175,0.5627380517612869,0.5070208063873011,0.6028548947432751,0.6071658626367532,"[np.float64(0.915929203539823), np.float64(0.4658385093167702), np.float64(0.264)]","[np.float64(0.8596878181201222), np.float64(0.53015332197615), np.float64(0.44613710554951036)]","[np.float64(0.8596878181201222), np.float64(0.18863636363636363), np.float64(0.6592664092664092), np.float64(0.4556541019955654)]","[np.float64(0.7123893805309734), np.float64(0.562111801242236), np.float64(0.576)]","[np.float64(0.6814159292035398), np.float64(0.5714285714285714), np.float64(0.616)]","[np.float64(0.8596878181201222), np.float64(0.14888010540184454), np.float64(0.5038709677419355), np.float64(0.24281150159744408), np.float64(0.05785123966942149), np.float64(0.2950191570881226), np.float64(0.39492753623188404)]",0.3127222816362943,0.35757833226439634,0.32446428787214593
68,1.466906074018931,0.7370700928409311,0.2979777916309263,0.43185819234511624,0.4602391481031643,0.27683094530603136,4.458644303086957,1.9909650094431304,1.5639281485130243,0.9037511504368542,1.6845702166373369,0.30639478951161975,0.6092124814264487,0.8036311292719168,0.799312778603269,0.7723811292719168,0.6344725111441307,0.62555720653789,0.6063774490203918,0.5535286877933162,0.5043680470051415,0.6186401313418491,0.6176054049477994,0.5444961615273274,0.5983827440068825,0.5616788272252542,0.6124024991297019,0.6095116436724748,0.535159855837822,0.5687318265179312,0.5250556605983175,0.6147044221528225,0.6098327907494229,"[np.float64(0.8141592920353983), np.float64(0.6273291925465838), np.float64(0.192)]","[np.float64(0.8618368962787015), np.float64(0.6003407155025554), np.float64(0.33297062023939067)]","[np.float64(0.8618368962787015), np.float64(0.2715909090909091), np.float64(0.6254826254826255), np.float64(0.4878048780487805)]","[np.float64(0.6637168141592921), np.float64(0.6614906832298136), np.float64(0.512)]","[np.float64(0.6150442477876106), np.float64(0.6614906832298136), np.float64(0.552)]","[np.float64(0.8618368962787015), np.float64(0.20685111989459815), np.float64(0.5341935483870968), np.float64(0.34185303514376997), np.float64(0.10743801652892562), np.float64(0.23563218390804597), np.float64(0.21739130434782608)]",0.32443165473118485,0.3578851577841377,0.3358052051072034
69,1.5084986198183488,0.7681222492502061,0.29153333103267665,0.4488430374905372,0.47745114738814654,0.2906711016016049,4.419591502549033,1.9688243540528974,1.5610655440067325,0.8897016122716117,1.677280623410505,0.2915437334059608,0.5809806835066865,0.8203008915304606,0.8193722139673105,0.7911404160475483,0.612184249628529,0.6077265973254086,0.6050800824362635,0.5541921395864908,0.5182582290462475,0.5924843453000747,0.5899780881015482,0.5378918631708166,0.6026083703486069,0.5563419698082015,0.6212318290917752,0.6166796020447425,0.5127878095095312,0.5719801101269052,0.5345838861980178,0.5986249407302038,0.5956543294054764,"[np.float64(0.9292035398230089), np.float64(0.484472049689441), np.float64(0.2)]","[np.float64(0.8952607171134487), np.float64(0.49471890971039184), np.float64(0.4178454842219804)]","[np.float64(0.8952607171134487), np.float64(0.27386363636363636), np.float64(0.5318532818532818), np.float64(0.524390243902439)]","[np.float64(0.7610619469026548), np.float64(0.5186335403726708), np.float64(0.584)]","[np.float64(0.7300884955752213), np.float64(0.5279503105590062), np.float64(0.592)]","[np.float64(0.8952607171134487), np.float64(0.1422924901185771), np.float64(0.4258064516129032), np.float64(0.305111821086262), np.float64(0.2231404958677686), np.float64(0.23754789272030652), np.float64(0.35507246376811596)]",0.3257009459327493,0.36917604746962596,0.33860456280259493
70,1.461947276958543,0.7418055342578108,0.2851770546911309,0.43496468438138564,0.4619653854276453,0.2798401490038019,4.375282268495871,1.9668194204126692,1.5540415480158096,0.8544212974143665,1.6601647729335978,0.306654647744374,0.5408618127786032,0.8421248142644874,0.8389208766716196,0.8136608469539376,0.6478454680534919,0.6463595839524517,0.629660611981869,0.5809361970074223,0.5242426792342783,0.6238776655443322,0.6237347869654443,0.5090047087707726,0.5952801021013889,0.5394912001470863,0.6512959196760658,0.6513250151157038,0.4705852894602463,0.5843461504436368,0.5273843841731136,0.6291581937225165,0.6299904569181202,"[np.float64(0.9690265486725663), np.float64(0.38198757763975155), np.float64(0.176)]","[np.float64(0.9270444519850696), np.float64(0.4735945485519591), np.float64(0.3852013057671382)]","[np.float64(0.9270444519850696), np.float64(0.15227272727272728), np.float64(0.4855212355212355), np.float64(0.5931263858093127)]","[np.float64(0.8628318584070797), np.float64(0.531055900621118), np.float64(0.56)]","[np.float64(0.8407079646017699), np.float64(0.5372670807453416), np.float64(0.576)]","[np.float64(0.9270444519850696), np.float64(0.07114624505928854), np.float64(0.38387096774193546), np.float64(0.3993610223642173), np.float64(0.15702479338842976), np.float64(0.23180076628352492), np.float64(0.3333333333333333)]",0.3331066083619536,0.35765451145082844,0.3385296913978672
71,1.4740983119856927,0.7519159341276757,0.28557537935257177,0.43660699804767533,0.4726881714551937,0.2792277630855261,4.434503766832437,2.0091611546649424,1.5484231912063915,0.8769194214917079,1.6658313196561456,0.3433298326984534,0.5913818722139673,0.8348346953937593,0.8300520059435365,0.8053491827637445,0.6552748885586924,0.6567607726597325,0.6213674574072688,0.5865189991639889,0.5299068807319124,0.6292553749767885,0.6357915793143105,0.553607871159237,0.6082070564289724,0.5527900047452796,0.6410940471609959,0.6524151779988641,0.536141292742597,0.5957844669733948,0.5378897661036901,0.6327738101796626,0.6424181890953006,"[np.float64(0.915929203539823), np.float64(0.4968944099378882), np.float64(0.248)]","[np.float64(0.9043660219432191), np.float64(0.5666098807495741), np.float64(0.35364526659412404)]","[np.float64(0.9043660219432191), np.float64(0.21136363636363636), np.float64(0.6076254826254827), np.float64(0.4878048780487805)]","[np.float64(0.8230088495575221), np.float64(0.5962732919254659), np.float64(0.504)]","[np.float64(0.7787610619469026), np.float64(0.6024844720496895), np.float64(0.576)]","[np.float64(0.9043660219432191), np.float64(0.14361001317523056), np.float64(0.5393548387096774), np.float64(0.2955271565495208), np.float64(0.1322314049586777), np.float64(0.22988505747126436), np.float64(0.31521739130434784)]",0.34805336410008847,0.36574169773027687,0.353930667367749
72,1.461937188814919,0.739628548364165,0.28144415825562324,0.44086448381995647,0.4614577229610024,0.278170824246902,4.403778753931515,1.970719429081201,1.5546967229786541,0.8783625912595573,1.6610919739443046,0.3096274540701588,0.5824665676077266,0.8231333580980683,0.8174219910846954,0.7927191679049034,0.6597325408618128,0.6671619613670133,0.6756878306878308,0.5778137757878251,0.5207705481135875,0.6350210611130245,0.6441192422636176,0.5292656882683816,0.606672947453165,0.5532112123260521,0.6417460928195826,0.650057567929057,0.4959242339839666,0.5884755656658847,0.5318544403002549,0.6379565540503217,0.646894117081085,"[np.float64(0.9469026548672567), np.float64(0.4968944099378882), np.float64(0.144)]","[np.float64(0.8870037326094333), np.float64(0.5880749574105621), np.float64(0.34494015233949943)]","[np.float64(0.8870037326094333), np.float64(0.22272727272727272), np.float64(0.6230694980694981), np.float64(0.48004434589800443)]","[np.float64(0.7654867256637168), np.float64(0.639751552795031), np.float64(0.52)]","[np.float64(0.7477876106194691), np.float64(0.6583850931677019), np.float64(0.544)]","[np.float64(0.8870037326094333), np.float64(0.14097496706192358), np.float64(0.5787096774193549), np.float64(0.2795527156549521), np.float64(0.14049586776859505), np.float64(0.19348659003831417), np.float64(0.32971014492753625)]",0.3412525009849677,0.36427624221144417,0.34564300460172676
73,1.4386832243624097,0.7320257562918348,0.2724126967779179,0.43424477332010125,0.4564874068308349,0.2755383489834997,4.424512725201842,1.98368524620724,1.5556832286653604,0.885144248383689,1.680428970815166,0.3032562779345569,0.6092124814264487,0.8222975482912332,0.8150538632986627,0.7907225111441307,0.6537890044576523,0.6523031203566122,0.6279721461650273,0.5751459274289764,0.5093972143512029,0.630002517996616,0.6334525875405556,0.5576179849392624,0.6022589729083444,0.5400989832953508,0.6236740871030982,0.6255194855164073,0.5446996469153145,0.5838875299134753,0.5168953781641948,0.6260294259201581,0.6291327913279133,"[np.float64(0.8805309734513275), np.float64(0.5683229813664596), np.float64(0.224)]","[np.float64(0.8844022169437846), np.float64(0.6068143100511073), np.float64(0.31556039173014144)]","[np.float64(0.8844022169437846), np.float64(0.17727272727272728), np.float64(0.6563706563706564), np.float64(0.442350332594235)]","[np.float64(0.7566371681415929), np.float64(0.6583850931677019), np.float64(0.456)]","[np.float64(0.7035398230088495), np.float64(0.6770186335403726), np.float64(0.496)]","[np.float64(0.8844022169437846), np.float64(0.12648221343873517), np.float64(0.5941935483870968), np.float64(0.28594249201277955), np.float64(0.11570247933884298), np.float64(0.22413793103448276), np.float64(0.2318840579710145)]",0.3363771070668486,0.35182070558953377,0.33731016175763434
74,1.4188789874128482,0.7214438638302852,0.2617527722158336,0.43568235138683586,0.44687563398760677,0.2745682299400201,4.428069771220493,1.9809725238590636,1.5596088301887852,0.8874884120434611,1.6811192690088064,0.29985325270572827,0.575037147102526,0.8229940564635958,0.819325780089153,0.7932763744427934,0.6300148588410104,0.62555720653789,0.5842776303410703,0.5652782455359867,0.5120987512271881,0.6087992245112989,0.6078924162257496,0.5316798768757215,0.6071570487070176,0.5541256477836773,0.6329021784935599,0.6307334322724857,0.5048055611934991,0.5831185847233455,0.5305357881332842,0.6170616728256139,0.6153592145777736,"[np.float64(0.9247787610619469), np.float64(0.4782608695652174), np.float64(0.192)]","[np.float64(0.895882818685669), np.float64(0.5120954003407155), np.float64(0.4134929270946681)]","[np.float64(0.895882818685669), np.float64(0.225), np.float64(0.527992277992278), np.float64(0.5676274944567627)]","[np.float64(0.7699115044247787), np.float64(0.5527950310559007), np.float64(0.576)]","[np.float64(0.7300884955752213), np.float64(0.562111801242236), np.float64(0.6)]","[np.float64(0.895882818685669), np.float64(0.13965744400527008), np.float64(0.42258064516129035), np.float64(0.3514376996805112), np.float64(0.19008264462809918), np.float64(0.2624521072796935), np.float64(0.3695652173913043)]",0.3341360489575415,0.3759512252616911,0.3507750688254784
75,1.3969916547024732,0.7196624689373008,0.259208982438405,0.41812020535732347,0.4427077272110344,0.2769547420695929,4.412768177887099,1.9779139212401755,1.5593414398612184,0.8755128231529666,1.6696402750666135,0.3082736488597506,0.5393759286775631,0.8204401931649331,0.81268573551263,0.7891437592867756,0.6433878157503715,0.6419019316493314,0.5818419005773242,0.5886997602994299,0.5140651160228837,0.614060223833076,0.6146936256078609,0.4895836127448286,0.5901574798686738,0.5670160708567377,0.6092772678136279,0.6109378332325619,0.43624624128853356,0.5798099205243642,0.5353956606493439,0.609526398370403,0.6117326344806957,"[np.float64(0.9646017699115044), np.float64(0.4161490683229814), np.float64(0.088)]","[np.float64(0.884006334125099), np.float64(0.6068143100511073), np.float64(0.279651795429815)]","[np.float64(0.884006334125099), np.float64(0.2681818181818182), np.float64(0.5371621621621622), np.float64(0.5787139689578714)]","[np.float64(0.7831858407079646), np.float64(0.6366459627329193), np.float64(0.408)]","[np.float64(0.7610619469026548), np.float64(0.639751552795031), np.float64(0.432)]","[np.float64(0.884006334125099), np.float64(0.20421607378129117), np.float64(0.48838709677419356), np.float64(0.43450479233226835), np.float64(0.11570247933884298), np.float64(0.18007662835249041), np.float64(0.2608695652173913)]",0.3587261470973638,0.36682328141736814,0.3554339066338184
76,1.3793670723796045,0.7059263410276524,0.25568730279149293,0.4177534264472092,0.4326647497722401,0.27326159074108014,4.417810355874127,1.9981358939179328,1.551135821936746,0.8685386433799472,1.6802547904787148,0.3178811022895734,0.5274888558692422,0.8383172362555721,0.8348346953937593,0.8093424962852898,0.6552748885586924,0.6478454680534919,0.6002021637141293,0.579896562870033,0.5249384128792369,0.6287356981136886,0.6234202874827875,0.49228259953461956,0.5955179415932216,0.550897876066428,0.6390228476153833,0.6361028967185182,0.4479495335029686,0.5873029912875557,0.5352981309954293,0.6314184852374839,0.6278524231200633,"[np.float64(0.9601769911504425), np.float64(0.37267080745341613), np.float64(0.144)]","[np.float64(0.9165818346340912), np.float64(0.5195911413969335), np.float64(0.35038084874863984)]","[np.float64(0.9165818346340912), np.float64(0.19886363636363635), np.float64(0.5260617760617761), np.float64(0.5620842572062085)]","[np.float64(0.8185840707964602), np.float64(0.6024844720496895), np.float64(0.496)]","[np.float64(0.7920353982300885), np.float64(0.5962732919254659), np.float64(0.52)]","[np.float64(0.9165818346340912), np.float64(0.1370223978919631), np.float64(0.4316129032258065), np.float64(0.37859424920127793), np.float64(0.1322314049586777), np.float64(0.2164750957854406), np.float64(0.30434782608695654)]",0.3398315077216387,0.3595522445406019,0.3480351959870416
77,1.368908614046354,0.7130728576224584,0.24530836131496941,0.4105273932656548,0.4457878438379776,0.26728501427908147,4.430318878383241,1.994788385640266,1.5506443259270326,0.8848861745981506,1.6775874090477692,0.3172009672626897,0.586924219910847,0.8390137444279346,0.8326058692421991,0.8094817979197623,0.6448736998514116,0.6315007429420505,0.5968427659381107,0.5935798358375612,0.5262621299075868,0.618792496759002,0.6124746976378237,0.5601636526869308,0.6052233798490719,0.5530760490313457,0.6279463529929094,0.6299798090840799,0.543961351831099,0.5983347576392245,0.5376420709655417,0.621790351607133,0.6192928429526764,"[np.float64(0.8982300884955752), np.float64(0.4782608695652174), np.float64(0.304)]","[np.float64(0.9112091392376428), np.float64(0.5584327086882453), np.float64(0.34602829162132753)]","[np.float64(0.9112091392376428), np.float64(0.2056818181818182), np.float64(0.5555019305019305), np.float64(0.5399113082039911)]","[np.float64(0.7964601769911505), np.float64(0.5993788819875776), np.float64(0.488)]","[np.float64(0.7300884955752213), np.float64(0.5838509316770186), np.float64(0.576)]","[np.float64(0.9112091392376428), np.float64(0.15019762845849802), np.float64(0.4935483870967742), np.float64(0.36741214057507987), np.float64(0.11570247933884298), np.float64(0.2049808429118774), np.float64(0.32971014492753625)]",0.3523849208151986,0.36753725179232166,0.35820277299953024
78,1.4014360975521325,0.7257261958860367,0.25070989231895957,0.4250000089397974,0.4519117087491994,0.2738144870355494,4.424413117881345,1.9719084840853773,1.5593832971787949,0.8931213504129064,1.677145559285444,0.29476292693340816,0.5988112927191679,0.8226690193164933,0.8210902674591382,0.7931835066864784,0.6240713224368499,0.6270430906389302,0.6210849711748917,0.5658977078255207,0.5287698903574709,0.6051589867379341,0.6135851994887148,0.5687575074662415,0.6065187964902232,0.5620327627466192,0.619781967423368,0.6272438850107185,0.5585929437325631,0.5833451161865081,0.5418451171866787,0.6109113242616905,0.6174581517805687,"[np.float64(0.8849557522123894), np.float64(0.5093167701863354), np.float64(0.312)]","[np.float64(0.8931116389548693), np.float64(0.5325383304940374), np.float64(0.3939064200217628)]","[np.float64(0.8931116389548693), np.float64(0.2988636363636364), np.float64(0.5772200772200772), np.float64(0.4789356984478936)]","[np.float64(0.7123893805309734), np.float64(0.5869565217391305), np.float64(0.56)]","[np.float64(0.668141592920354), np.float64(0.6055900621118012), np.float64(0.608)]","[np.float64(0.8931116389548693), np.float64(0.22134387351778656), np.float64(0.45483870967741935), np.float64(0.28913738019169327), np.float64(0.10743801652892562), np.float64(0.26436781609195403), np.float64(0.3079710144927536)]",0.337866671070051,0.36260120706505733,0.3478242457136363
79,1.3500629548366767,0.7035656549005908,0.23688979090814627,0.40960750755536635,0.4351728275098292,0.26839282653639146,4.421686142771463,2.0004680513981894,1.5473644662681603,0.8738536371321636,1.7080145154579456,0.29245353591813533,0.5794947994056464,0.8454680534918276,0.8408246656760773,0.8167719167904903,0.6389301634472511,0.637444279346211,0.6068958771948524,0.6006535247010579,0.5400030341086108,0.6102875042873188,0.6141250274963078,0.5348428516462376,0.601398764244098,0.54497323047016,0.6223015445501017,0.6248989538100734,0.5184242259320571,0.6003594684159437,0.537541505593477,0.6141613998349841,0.6188344194913371,"[np.float64(0.8761061946902655), np.float64(0.5124223602484472), np.float64(0.216)]","[np.float64(0.9217283112770048), np.float64(0.545144804088586), np.float64(0.3373231773667029)]","[np.float64(0.9217283112770048), np.float64(0.16363636363636364), np.float64(0.5801158301158301), np.float64(0.5144124168514412)]","[np.float64(0.8141592920353983), np.float64(0.5807453416149069), np.float64(0.472)]","[np.float64(0.7522123893805309), np.float64(0.6024844720496895), np.float64(0.52)]","[np.float64(0.9217283112770048), np.float64(0.13043478260869565), np.float64(0.4916129032258065), np.float64(0.35942492012779553), np.float64(0.05785123966942149), np.float64(0.23946360153256704), np.float64(0.26811594202898553)]",0.35845583809543274,0.3526616714957537,0.3504780856882958
80,1.3498905202685663,0.6909915220684638,0.2398002034674475,0.41909879276085116,0.42464896448849027,0.2663425586138994,4.415044815674734,1.9907686048869917,1.549769430202971,0.8745067904894005,1.6742967979136842,0.3164718072938813,0.5913818722139673,0.850018573551263,0.8445858098068351,0.8216010401188707,0.6612184249628529,0.6523031203566122,0.6119799004414389,0.6069089147502404,0.5429342986774298,0.6377554631961088,0.6308398294926888,0.5330807086974844,0.5961381926648133,0.5422731264167522,0.6481854925887246,0.6404576119020137,0.5187047235714882,0.6009246249259589,0.5402749304672768,0.639049888341571,0.6351207519207519,"[np.float64(0.8407079646017699), np.float64(0.5745341614906833), np.float64(0.184)]","[np.float64(0.9303246239113222), np.float64(0.5294718909710392), np.float64(0.32861806311207836)]","[np.float64(0.9303246239113222), np.float64(0.18295454545454545), np.float64(0.5347490347490348), np.float64(0.5210643015521065)]","[np.float64(0.8362831858407079), np.float64(0.5962732919254659), np.float64(0.512)]","[np.float64(0.7389380530973452), np.float64(0.6304347826086957), np.float64(0.552)]","[np.float64(0.9303246239113222), np.float64(0.10935441370223979), np.float64(0.4754838709677419), np.float64(0.35303514376996803), np.float64(0.11570247933884298), np.float64(0.20114942528735633), np.float64(0.30434782608695654)]",0.3567686142945418,0.35562825472348975,0.3538681991454654
