epoch,train_loss,train_od_loss,train_sc_loss,train_dc_loss,train_label_loss,train_box_loss,val_loss,val_od_loss,val_sc_loss,val_dc_loss,val_label_loss,val_box_loss,val_od_vessel_sten_overall_acc,val_sc_cube_sten_overall_acc,val_sc_cube_plaq_overall_acc,val_sc_cube_joint_overall_acc,val_sc_vessel_sten_overall_acc,val_od_and_sc_vessel_sten_overall_acc,val_od_vessel_sten_macro_precision,val_sc_cube_sten_macro_precision,val_sc_cube_plaq_macro_precision,val_sc_vessel_sten_macro_precision,val_od_and_sc_vessel_sten_macro_precision,val_od_vessel_sten_macro_recall,val_sc_cube_sten_macro_recall,val_sc_cube_plaq_macro_recall,val_sc_vessel_sten_macro_recall,val_od_and_sc_vessel_sten_macro_recall,val_od_vessel_sten_macro_f1,val_sc_cube_sten_macro_f1,val_sc_cube_plaq_macro_f1,val_sc_vessel_sten_macro_f1,val_od_and_sc_vessel_sten_macro_f1,val_od_vessel_sten_per_class_recall,val_sc_cube_sten_per_class_recall,val_sc_cube_plaq_per_class_recall,val_sc_vessel_sten_per_class_recall,val_od_and_sc_vessel_sten_per_class_recall,val_sc_cube_joint_per_class_recall,val_sc_cube_joint_macro_precision,val_sc_cube_joint_macro_recall,val_sc_cube_joint_macro_f1
1,7.005590269121073,2.920601791917941,1.482002446122762,2.6029860329324914,2.0351259473100893,0.8854758466046704,8.072213399304127,2.6402613044846306,1.6228842859098396,3.8090678350861773,1.9220970101455552,0.7181642927472599,0.18573551263001487,0.7986162704309064,0.8268016344725111,0.7850575780089153,0.3462109955423477,0.18573551263001487,0.06191183754333829,0.36879020999742457,0.3221358747849832,0.2911645251809187,0.06191183754333829,0.3333333333333333,0.5508327775301843,0.3866046017174283,0.48070796460176995,0.3333333333333333,0.10442773600668337,0.41061754758491675,0.3475874420655952,0.31647105363779376,0.10442773600668337,"[np.float64(0.0), np.float64(0.0), np.float64(1.0)]","[np.float64(0.9354145458658523), np.float64(0.0), np.float64(0.7170837867247007)]","[np.float64(0.9354145458658523), np.float64(0.0), np.float64(0.611003861003861), np.float64(0.0)]","[np.float64(0.5221238938053098), np.float64(0.0), np.float64(0.92)]","[np.float64(0.0), np.float64(0.0), np.float64(1.0)]","[np.float64(0.9354145458658523), np.float64(0.0), np.float64(0.0), np.float64(0.0), np.float64(0.0), np.float64(0.7030651340996169), np.float64(0.0)]",0.14553365371009502,0.23406852570935271,0.15889420376740412
2,6.2545569016266676,2.6605026145270987,1.289400525822562,2.304653763392214,1.972945037324213,0.6875575772975966,7.791945896092083,2.5267454116917505,1.5806649930399321,3.684535482870719,1.8539865752709725,0.6727588413288756,0.41901931649331353,0.8204401931649331,0.8456073551263001,0.8072994056463596,0.4472511144130758,0.4160475482912333,0.2709427831379051,0.3816528178803696,0.33601918725303986,0.303386777689196,0.2993771698205467,0.5136519174041299,0.558317565919033,0.3849810427156033,0.57623598820059,0.5452625368731564,0.35448814272153384,0.4307224723155749,0.3579375921458158,0.38700980392156864,0.36692269712563813,"[np.float64(0.8849557522123894), np.float64(0.0), np.float64(0.656)]","[np.float64(0.9622214681597104), np.float64(0.0), np.float64(0.7127312295973884)]","[np.float64(0.9622214681597104), np.float64(0.0), np.float64(0.5777027027027027), np.float64(0.0)]","[np.float64(0.8407079646017699), np.float64(0.0), np.float64(0.888)]","[np.float64(0.7477876106194691), np.float64(0.0), np.float64(0.888)]","[np.float64(0.9622214681597104), np.float64(0.0), np.float64(0.0), np.float64(0.0), np.float64(0.0), np.float64(0.7126436781609196), np.float64(0.0)]",0.1487129689729767,0.2392664494743757,0.16596037666157473
3,5.917222158257234,2.566843913268235,1.199533194892824,2.150845049969894,1.88625629465122,0.6805876189274556,7.316191397364133,2.4609456557548364,1.5460206171171602,3.309225131920608,1.8024409931562067,0.6585046642346623,0.4576523031203566,0.8244799405646359,0.8457002228826151,0.8118963595839525,0.48588410104011887,0.4814264487369985,0.30814512162826774,0.7192479644184503,0.3368475347864032,0.6451045671204215,0.6423537901606425,0.5543834808259587,0.5540873246900787,0.3746771032994311,0.6013474779677165,0.5973624287729713,0.3919382229485085,0.4383694415553232,0.3546119624364429,0.415967961486645,0.4106923293165809,"[np.float64(0.9911504424778761), np.float64(0.0), np.float64(0.672)]","[np.float64(0.9678203823096935), np.float64(0.002385008517887564), np.float64(0.6920565832426551)]","[np.float64(0.9678203823096935), np.float64(0.0), np.float64(0.5308880308880309), np.float64(0.0)]","[np.float64(0.9867256637168141), np.float64(0.009316770186335404), np.float64(0.808)]","[np.float64(0.9778761061946902), np.float64(0.006211180124223602), np.float64(0.808)]","[np.float64(0.9678203823096935), np.float64(0.0), np.float64(0.0032258064516129032), np.float64(0.0), np.float64(0.0), np.float64(0.7030651340996169), np.float64(0.0)]",0.25161857415195704,0.23915876040870332,0.1693717687158501
4,5.726442332616297,2.488057113541974,1.1542618214284297,2.084123396940824,1.805445573792535,0.682611540693916,7.746023654937744,2.5253113437477133,1.5682062996601138,3.652506030985439,1.8187819963392942,0.7065293498845765,0.43684992570579495,0.7979197622585439,0.8274517087667161,0.7832002228826151,0.48588410104011887,0.4294205052005943,0.3155287523024484,0.5969036447932201,0.5769352133450791,0.6080385941497053,0.6554503427387215,0.5706784660766963,0.5788683807105005,0.4036823272926338,0.6072361164550468,0.5648078565015848,0.38558485638689827,0.42941922791785064,0.3556875138111706,0.4330383079421889,0.38604640250591277,"[np.float64(0.7920353982300885), np.float64(0.0), np.float64(0.92)]","[np.float64(0.9273272254269879), np.float64(0.021465076660988076), np.float64(0.7878128400435256)]","[np.float64(0.9273272254269879), np.float64(0.0), np.float64(0.6862934362934363), np.float64(0.0011086474501108647)]","[np.float64(0.8982300884955752), np.float64(0.043478260869565216), np.float64(0.88)]","[np.float64(0.7522123893805309), np.float64(0.006211180124223602), np.float64(0.936)]","[np.float64(0.9273272254269879), np.float64(0.0), np.float64(0.025806451612903226), np.float64(0.0), np.float64(0.0), np.float64(0.8218390804597702), np.float64(0.0036231884057971015)]",0.3517951455777559,0.2540851351293512,0.16984822224220714
5,5.664121934733654,2.4557351556390863,1.1290684784683636,2.079318295932759,1.775414456429202,0.6803206996176665,7.320401749200566,2.4217994669424674,1.538350578585435,3.3602516835096683,1.7733413851225766,0.6484580787910198,0.4799405646359584,0.8371563893016345,0.8482076523031203,0.819418647845468,0.5319465081723626,0.524517087667162,0.59711280297179,0.6280606347010095,0.3394226652267609,0.5843822843822845,0.5980949666641132,0.5838426501035197,0.5567723840556584,0.37512103849692924,0.6105979955660602,0.6217367119221678,0.4191911790756464,0.5000678224625551,0.35631455113900345,0.5000374990084916,0.48284484277529094,"[np.float64(1.0), np.float64(0.015527950310559006), np.float64(0.736)]","[np.float64(0.9710439995475625), np.float64(0.10732538330494037), np.float64(0.5919477693144722)]","[np.float64(0.9710439995475625), np.float64(0.0), np.float64(0.5294401544401545), np.float64(0.0)]","[np.float64(0.9867256637168141), np.float64(0.14906832298136646), np.float64(0.696)]","[np.float64(0.9867256637168141), np.float64(0.10248447204968944), np.float64(0.776)]","[np.float64(0.9710439995475625), np.float64(0.0), np.float64(0.11483870967741935), np.float64(0.0), np.float64(0.0), np.float64(0.5727969348659003), np.float64(0.0)]",0.2071613929350276,0.23695423487012604,0.19346478768996977
6,5.5111288800414675,2.3716958801519903,1.09594665547454,2.0434863393084477,1.722499624410339,0.6491962551418166,7.402699399772667,2.4509900960441158,1.5378934127286916,3.4138158754354415,1.7580320025056335,0.6929580948649953,0.4814264487369985,0.8047455423476969,0.8271266716196136,0.788261515601783,0.5200594353640416,0.5141158989598811,0.5356573387546839,0.5844762314071724,0.5390440417143322,0.5597906081999572,0.5668601440718161,0.5949789479470126,0.5790397396910338,0.4057286386905905,0.6159927444621558,0.621201048022133,0.41402729940043376,0.4669189340088922,0.3684739209285796,0.47997061807334324,0.4680733201025582,"[np.float64(0.9867256637168141), np.float64(0.006211180124223602), np.float64(0.792)]","[np.float64(0.9281189910643592), np.float64(0.08756388415672912), np.float64(0.721436343852013)]","[np.float64(0.9281189910643592), np.float64(0.0), np.float64(0.6626447876447876), np.float64(0.03215077605321508)]","[np.float64(0.9601769911504425), np.float64(0.11180124223602485), np.float64(0.776)]","[np.float64(0.9557522123893806), np.float64(0.08385093167701864), np.float64(0.824)]","[np.float64(0.9281189910643592), np.float64(0.0), np.float64(0.1), np.float64(0.0), np.float64(0.0), np.float64(0.7413793103448276), np.float64(0.08333333333333333)]",0.29903841074598325,0.26469023353464577,0.2057583959187403
7,5.506688816104568,2.3625466706767932,1.0809569510704926,2.063185195601677,1.6996745655344705,0.6628721068707942,7.271800161469231,2.3735992696235724,1.5373453230815401,3.3608555645192766,1.7573563284973008,0.6162429447078563,0.4903417533432392,0.8144502228826151,0.8380386329866271,0.7980126300148589,0.5334323922734027,0.5274888558692422,0.5545787696817445,0.6011201718868451,0.5243245809108,0.5970012423424582,0.5948261194159418,0.5991189285256234,0.5896961919366985,0.4089339738128916,0.6346586049579508,0.6317095586214477,0.4313495220004799,0.470906616732568,0.37027962673458514,0.49511137687408163,0.48661604419358984,"[np.float64(0.9823008849557522), np.float64(0.031055900621118012), np.float64(0.784)]","[np.float64(0.940391358443615), np.float64(0.07461669505962522), np.float64(0.7540805223068553)]","[np.float64(0.940391358443615), np.float64(0.0), np.float64(0.6776061776061776), np.float64(0.017738359201773836)]","[np.float64(0.9557522123893806), np.float64(0.12422360248447205), np.float64(0.824)]","[np.float64(0.9513274336283186), np.float64(0.11180124223602485), np.float64(0.832)]","[np.float64(0.940391358443615), np.float64(0.0), np.float64(0.08967741935483871), np.float64(0.0), np.float64(0.0), np.float64(0.7758620689655172), np.float64(0.050724637681159424)]",0.3049791888177998,0.2652364977778758,0.19985618024951848
8,5.365221209929319,2.309935150615408,1.059577568323683,1.995708486580916,1.6661425026628258,0.6437926468134221,7.425816146839266,2.40007743814225,1.53581156539634,3.4899271348109937,1.7512710281932389,0.6488064060579067,0.5022288261515602,0.8198365527488856,0.8400817236255572,0.8007057949479941,0.5601783060921248,0.5572065378900446,0.6111217901005286,0.5886528086514408,0.543690549930149,0.591147971515617,0.5946916525338201,0.6005623408270581,0.6014480458865901,0.4230249440948415,0.6473908279741293,0.6502148445372762,0.45105361429714597,0.5042432025606476,0.3836233389883736,0.536774375935502,0.5320338339954934,"[np.float64(0.995575221238938), np.float64(0.062111801242236024), np.float64(0.744)]","[np.float64(0.9372242958941296), np.float64(0.1424190800681431), np.float64(0.7247007616974973)]","[np.float64(0.9372242958941296), np.float64(0.0), np.float64(0.7171814671814671), np.float64(0.037694013303769404)]","[np.float64(0.9292035398230089), np.float64(0.20496894409937888), np.float64(0.808)]","[np.float64(0.9292035398230089), np.float64(0.18944099378881987), np.float64(0.832)]","[np.float64(0.9372242958941296), np.float64(0.0), np.float64(0.17096774193548386), np.float64(0.0), np.float64(0.0), np.float64(0.7337164750957854), np.float64(0.08695652173913043)]",0.29003467385727927,0.2755521478092185,0.22102575676480488
9,5.387959937023073,2.2908056581729634,1.0401111988529648,2.057043075298438,1.6458355973679888,0.6449700627649614,7.418893599014962,2.390065245175574,1.5279187912049563,3.50090954636254,1.7601453104783236,0.6299199397379991,0.5527488855869243,0.8222511144130757,0.8388744427934621,0.8024702823179792,0.5765230312035661,0.5839524517087668,0.5745985282930782,0.5746061407706582,0.5239243469476528,0.5907100228190276,0.5969897618816301,0.6163662214404808,0.6063698842511723,0.43373467407597815,0.6436550321552245,0.6528459663973323,0.5291532238149813,0.5239473184834768,0.40476528742974743,0.5590665663159449,0.5684767880101109,"[np.float64(0.9646017699115044), np.float64(0.2204968944099379), np.float64(0.664)]","[np.float64(0.933944123967877), np.float64(0.1887563884156729), np.float64(0.6964091403699674)]","[np.float64(0.933944123967877), np.float64(0.0), np.float64(0.708976833976834), np.float64(0.09201773835920177)]","[np.float64(0.9247787610619469), np.float64(0.2701863354037267), np.float64(0.736)]","[np.float64(0.915929203539823), np.float64(0.2826086956521739), np.float64(0.76)]","[np.float64(0.933944123967877), np.float64(0.0), np.float64(0.2270967741935484), np.float64(0.0), np.float64(0.0), np.float64(0.685823754789272), np.float64(0.21014492753623187)]",0.27870579384000044,0.29385851149813275,0.2488928636393028
10,5.314317442350468,2.2746870614440935,1.02850136503914,2.011129010673928,1.6455853020425064,0.6291017604434053,7.23602124703744,2.356093753339275,1.5206245183944702,3.359302983439641,1.7445988039588363,0.6114949519892474,0.5230312035661219,0.8320950965824666,0.8510401188707281,0.8160289747399703,0.5557206537890045,0.5572065378900446,0.5773033681382138,0.6143218773186625,0.5212913646989596,0.5889577950043067,0.605075015066451,0.6116647062056835,0.5841972647525354,0.430851680893321,0.6279131534106525,0.6423123912127374,0.48528905440514203,0.5086630634084072,0.4296216145507523,0.527069986065284,0.5280235150639999,"[np.float64(0.9778761061946902), np.float64(0.12111801242236025), np.float64(0.736)]","[np.float64(0.9572446555819477), np.float64(0.13049403747870528), np.float64(0.6648531011969532)]","[np.float64(0.9572446555819477), np.float64(0.0), np.float64(0.6076254826254827), np.float64(0.15853658536585366)]","[np.float64(0.9778761061946902), np.float64(0.20186335403726707), np.float64(0.704)]","[np.float64(0.9646017699115044), np.float64(0.18633540372670807), np.float64(0.776)]","[np.float64(0.9572446555819477), np.float64(0.0), np.float64(0.1503225806451613), np.float64(0.003194888178913738), np.float64(0.0), np.float64(0.6264367816091954), np.float64(0.3115942028985507)]",0.36771934472549284,0.2926847298448241,0.25247831072142546
11,5.252350006294621,2.2407967206564243,1.0062776260356825,2.005275663830298,1.6099345038281911,0.6308622165375236,7.326439582983181,2.360660339675247,1.5188309534367186,3.446948286333848,1.7411198096034788,0.6195405319288859,0.5482912332838039,0.8158896731054978,0.8437964338781575,0.8014023031203567,0.5468053491827637,0.5542347696879644,0.5840066235230105,0.5923682679792805,0.5030846979167625,0.5910146974535332,0.5878586005830904,0.6340300115429012,0.5957169950411406,0.4780098655869903,0.6362577548141227,0.6457609703365764,0.5201407982509094,0.49170611449010115,0.4730865816026232,0.5148919209912992,0.5275664326288884,"[np.float64(0.9601769911504425), np.float64(0.17391304347826086), np.float64(0.768)]","[np.float64(0.9359235380613052), np.float64(0.11890971039182283), np.float64(0.7323177366702938)]","[np.float64(0.9359235380613052), np.float64(0.0), np.float64(0.6346525096525096), np.float64(0.34146341463414637)]","[np.float64(0.9601769911504425), np.float64(0.16459627329192547), np.float64(0.784)]","[np.float64(0.9380530973451328), np.float64(0.18322981366459629), np.float64(0.816)]","[np.float64(0.9359235380613052), np.float64(0.0), np.float64(0.1406451612903226), np.float64(0.006389776357827476), np.float64(0.0), np.float64(0.6302681992337165), np.float64(0.5760869565217391)]",0.3381357215470048,0.3270448044949873,0.25696741516761296
12,5.301814947014222,2.255955886479867,1.0084250412386773,2.037434017853969,1.6175173337355593,0.6384385510605607,7.269799185789657,2.3600373887166777,1.5207914340389943,3.3889703771834556,1.7360789507008447,0.6239584388559579,0.5215453194650818,0.8124535661218425,0.8385494056463596,0.7963874442793462,0.549777117384844,0.5542347696879644,0.5805529675723956,0.5927590810963056,0.50966158013658,0.58510999321276,0.5897257832351969,0.5960737279906191,0.5993875117243094,0.46999781957562503,0.6325542791183422,0.635659869180454,0.4851890708163327,0.49798766367952824,0.4594120645551582,0.5212565546927597,0.5266205704407952,"[np.float64(0.995575221238938), np.float64(0.13664596273291926), np.float64(0.656)]","[np.float64(0.9281189910643592), np.float64(0.14207836456558773), np.float64(0.7279651795429815)]","[np.float64(0.9281189910643592), np.float64(0.0), np.float64(0.6747104247104247), np.float64(0.2771618625277162)]","[np.float64(0.9513274336283186), np.float64(0.18633540372670807), np.float64(0.76)]","[np.float64(0.9513274336283186), np.float64(0.1956521739130435), np.float64(0.76)]","[np.float64(0.9281189910643592), np.float64(0.0), np.float64(0.1638709677419355), np.float64(0.001597444089456869), np.float64(0.0), np.float64(0.6666666666666666), np.float64(0.4963768115942029)]",0.33220831998407874,0.3223758401652316,0.2584155802324602
13,5.276377910758647,2.2218768340509154,0.9870385516797966,2.0674625255725227,1.5999716638382209,0.6219051691919228,7.446128004736292,2.3759506951453777,1.53602274129228,3.534154586339209,1.7669692446287024,0.608981445299058,0.5705794947994056,0.805581352154532,0.8311664190193165,0.7885401188707281,0.563150074294205,0.5690936106983655,0.5747708083474506,0.5837626939384469,0.6596412682713296,0.5866266460413333,0.5811495708269282,0.6287185181113615,0.6027129445036948,0.46009759574062775,0.6432476227120321,0.6437431246450099,0.5554569401260091,0.49560460979306425,0.43919390458003355,0.5429859060661073,0.5582439477811327,"[np.float64(0.8982300884955752), np.float64(0.2919254658385093), np.float64(0.696)]","[np.float64(0.9178825924669155), np.float64(0.14923339011925044), np.float64(0.7410228509249184)]","[np.float64(0.9178825924669155), np.float64(0.003409090909090909), np.float64(0.7162162162162162), np.float64(0.20288248337028825)]","[np.float64(0.915929203539823), np.float64(0.22981366459627328), np.float64(0.784)]","[np.float64(0.8628318584070797), np.float64(0.27639751552795033), np.float64(0.792)]","[np.float64(0.9178825924669155), np.float64(0.0), np.float64(0.1774193548387097), np.float64(0.003194888178913738), np.float64(0.008264462809917356), np.float64(0.7088122605363985), np.float64(0.37681159420289856)]",0.4351701933717228,0.3131978790048219,0.25558886527218655
14,5.230586678052774,2.1967398413551686,0.9749029451668115,2.0589438956862285,1.5886325241371695,0.6081073175876344,7.430558361710002,2.3422133996861625,1.5249985180552,3.5633464567031634,1.7320123023024652,0.6102010953497109,0.5824665676077266,0.8089245913818722,0.8279624814264487,0.7884008172362555,0.6181277860326895,0.612184249628529,0.6033209268840318,0.5519615981530832,0.49588825971656597,0.6142966419094776,0.609006734006734,0.6387016251671889,0.6215814940955816,0.48254955684638207,0.66855552501878,0.6667982190952563,0.5654364270288815,0.5306548994287338,0.45792301786242545,0.6109023081844579,0.6059006640977106,"[np.float64(0.9646017699115044), np.float64(0.2795031055900621), np.float64(0.672)]","[np.float64(0.9079289673113902), np.float64(0.24190800681431004), np.float64(0.7149075081610446)]","[np.float64(0.9079289673113902), np.float64(0.0), np.float64(0.7306949806949807), np.float64(0.2915742793791574)]","[np.float64(0.8672566371681416), np.float64(0.3944099378881988), np.float64(0.744)]","[np.float64(0.8584070796460177), np.float64(0.38198757763975155), np.float64(0.76)]","[np.float64(0.9079289673113902), np.float64(0.0), np.float64(0.29096774193548386), np.float64(0.003194888178913738), np.float64(0.0), np.float64(0.6360153256704981), np.float64(0.5072463768115942)]",0.39085749427162036,0.33505047141541144,0.2668936331095703
15,5.1971484359964135,2.1811113962666844,0.9633840390028547,2.052653006014893,1.5621177049874628,0.6189936889982703,7.282878779516022,2.3500264996237146,1.5242079949166725,3.4086442927578435,1.7364225688249493,0.6136039289305931,0.5274888558692422,0.8288447251114414,0.8448179791976226,0.8090638930163447,0.5854383358098069,0.5854383358098069,0.5468696238487804,0.6014047164486578,0.522597250857729,0.6055325636423641,0.6051749673205714,0.5720397955257517,0.6108608340951306,0.43719637038571346,0.6548880705033071,0.6548880705033071,0.4950470647744331,0.5305869859978899,0.4147145535741328,0.5673043843662788,0.5669293608744547,"[np.float64(0.9911504424778761), np.float64(0.20496894409937888), np.float64(0.52)]","[np.float64(0.9416355615880556), np.float64(0.1890971039182283), np.float64(0.7018498367791077)]","[np.float64(0.9416355615880556), np.float64(0.0), np.float64(0.6973938223938224), np.float64(0.10975609756097561)]","[np.float64(0.9424778761061947), np.float64(0.2701863354037267), np.float64(0.752)]","[np.float64(0.9424778761061947), np.float64(0.2701863354037267), np.float64(0.752)]","[np.float64(0.9416355615880556), np.float64(0.0), np.float64(0.2270967741935484), np.float64(0.001597444089456869), np.float64(0.0), np.float64(0.6915708812260536), np.float64(0.21739130434782608)]",0.346023990402386,0.2970417093492772,0.2517152330196474
16,5.197989053676947,2.168523150275193,0.9552951310366645,2.07417077510644,1.5444575667770652,0.6240655806594355,7.208877202665063,2.354024704203054,1.5078038942919993,3.347048621503111,1.7168345108230318,0.637190198509205,0.537890044576523,0.8409175334323923,0.8579123328380386,0.8243406389301634,0.5928677563150074,0.5973254086181278,0.5759064109962059,0.6219344036101536,0.5008017300932934,0.6221949080663015,0.6201732728944921,0.5764629619450704,0.5924496954124701,0.49514281095048435,0.6436919694387951,0.6463578299345903,0.5103875499523373,0.5413445528729551,0.4972388473667023,0.5718268794000698,0.5761703419981211,"[np.float64(0.995575221238938), np.float64(0.22981366459627328), np.float64(0.504)]","[np.float64(0.9598461712475964), np.float64(0.1918228279386712), np.float64(0.6256800870511425)]","[np.float64(0.9598461712475964), np.float64(0.0), np.float64(0.4985521235521235), np.float64(0.5221729490022173)]","[np.float64(0.9911504424778761), np.float64(0.2919254658385093), np.float64(0.648)]","[np.float64(0.9867256637168141), np.float64(0.30434782608695654), np.float64(0.648)]","[np.float64(0.9598461712475964), np.float64(0.0), np.float64(0.23806451612903226), np.float64(0.003194888178913738), np.float64(0.0), np.float64(0.36973180076628354), np.float64(0.7862318840579711)]",0.2908648045250236,0.3367241800542567,0.2684098715197462
17,5.141816020853775,2.1707541890242426,0.9560064875315559,2.015055343571861,1.5474059169080718,0.6233482733237331,7.363142817239733,2.3541126817199527,1.5207623862371247,3.4882677407929736,1.7279890156641204,0.6261236722904426,0.5557206537890045,0.8346025260029718,0.8458395245170877,0.8123606983655275,0.6225854383358098,0.6225854383358098,0.5632945093204196,0.5951140635939925,0.5127513884965239,0.6224133865020152,0.6213537848523126,0.5736349145275655,0.6167697675424862,0.45871232401017753,0.6670216017149452,0.6665818721486285,0.525820720495535,0.5587179479237308,0.4439880766251568,0.6113812147466469,0.6114212221216673,"[np.float64(0.9734513274336283), np.float64(0.30745341614906835), np.float64(0.44)]","[np.float64(0.9381857255966519), np.float64(0.27120954003407155), np.float64(0.6409140369967355)]","[np.float64(0.9381857255966519), np.float64(0.0), np.float64(0.6993243243243243), np.float64(0.1973392461197339)]","[np.float64(0.9026548672566371), np.float64(0.3944099378881988), np.float64(0.704)]","[np.float64(0.8982300884955752), np.float64(0.39751552795031053), np.float64(0.704)]","[np.float64(0.9381857255966519), np.float64(0.0), np.float64(0.32838709677419353), np.float64(0.001597444089456869), np.float64(0.0), np.float64(0.5670498084291188), np.float64(0.36231884057971014)]",0.4065828252347797,0.31393413078130444,0.27132733050683405
18,5.104277129479721,2.1342418042674534,0.9320030107641708,2.0380323172183865,1.51353466228482,0.6207071387203736,7.173765880064017,2.3592824437144246,1.5113189262876878,3.3031644941437492,1.7379753865544803,0.6213070488471306,0.5007429420505201,0.8292161961367014,0.8450501485884101,0.8118034918276374,0.586924219910847,0.5794947994056464,0.5455786455531948,0.6153832208164608,0.5143781278343811,0.6197483570851717,0.6188567982838379,0.5734236244709504,0.5928013282173463,0.43680358418786086,0.6477085325857931,0.6474269590868282,0.45992757815513224,0.5249597929915164,0.4281827979883601,0.5628657857618998,0.5531106374010496,"[np.float64(0.995575221238938), np.float64(0.10869565217391304), np.float64(0.616)]","[np.float64(0.945820608528447), np.float64(0.18296422487223168), np.float64(0.6496191512513602)]","[np.float64(0.945820608528447), np.float64(0.0), np.float64(0.6428571428571429), np.float64(0.15853658536585366)]","[np.float64(0.9911504424778761), np.float64(0.2639751552795031), np.float64(0.688)]","[np.float64(0.9911504424778761), np.float64(0.2391304347826087), np.float64(0.712)]","[np.float64(0.945820608528447), np.float64(0.0), np.float64(0.22838709677419355), np.float64(0.001597444089456869), np.float64(0.0), np.float64(0.6264367816091954), np.float64(0.27898550724637683)]",0.41327203511953575,0.29731820546395277,0.2565651638829066
19,5.0126001996561715,2.115330128722672,0.9192869382546057,1.977983138410869,1.5220511065885467,0.5932790220473066,7.206531489284527,2.324569360438723,1.5046516278377273,3.3773105038379705,1.720641387676273,0.6039279713032861,0.549777117384844,0.837295690936107,0.8551727340267459,0.819511515601783,0.6032689450222882,0.6062407132243685,0.5736331569664902,0.6197152940083117,0.7697146910175182,0.6215931986829819,0.6207366150428978,0.5794103959398303,0.6050632535208578,0.46438045584387044,0.6613517286868575,0.6634221220615987,0.5228516335306584,0.5396735825218019,0.4643616571093004,0.5849665228202964,0.5881730178744448,"[np.float64(0.9911504424778761), np.float64(0.2670807453416149), np.float64(0.48)]","[np.float64(0.9523809523809523), np.float64(0.1979557069846678), np.float64(0.6648531011969532)]","[np.float64(0.9523809523809523), np.float64(0.0022727272727272726), np.float64(0.650096525096525), np.float64(0.25277161862527714)]","[np.float64(0.9646017699115044), np.float64(0.30745341614906835), np.float64(0.712)]","[np.float64(0.9646017699115044), np.float64(0.3136645962732919), np.float64(0.712)]","[np.float64(0.9523809523809523), np.float64(0.0), np.float64(0.23935483870967741), np.float64(0.006389776357827476), np.float64(0.008264462809917356), np.float64(0.6091954022988506), np.float64(0.4166666666666667)]",0.39600164206563276,0.3188931570319845,0.2729647417826699
20,5.0799897986248475,2.1143590572295383,0.9302226397028656,2.0354081053539352,1.5069541586720843,0.6074048967816272,7.40405378709561,2.3151620166591793,1.5184931776290125,3.5703986158003085,1.7289843714909312,0.5861776475117539,0.5705794947994056,0.8212760029717682,0.8381779346210996,0.8008450965824666,0.6404160475482912,0.6419019316493314,0.5875147999052807,0.5687404806773048,0.6151403869621492,0.6334111729836537,0.633684397545924,0.5868100917935469,0.6277723318783034,0.5196780809453526,0.6821397240696973,0.682735191190751,0.5456040084553354,0.5548998303934624,0.4979635413076191,0.6318061242239349,0.6335469828480943,"[np.float64(0.9690265486725663), np.float64(0.33540372670807456), np.float64(0.456)]","[np.float64(0.9164687252573238), np.float64(0.29437819420783645), np.float64(0.6724700761697497)]","[np.float64(0.9164687252573238), np.float64(0.010227272727272727), np.float64(0.681949806949807), np.float64(0.4700665188470067)]","[np.float64(0.8805309734513275), np.float64(0.43788819875776397), np.float64(0.728)]","[np.float64(0.8761061946902655), np.float64(0.4440993788819876), np.float64(0.728)]","[np.float64(0.9164687252573238), np.float64(0.006587615283267457), np.float64(0.3548387096774194), np.float64(0.03514376996805112), np.float64(0.01652892561983471), np.float64(0.5038314176245211), np.float64(0.7246376811594203)]",0.43093192632664323,0.36543383494140536,0.2916728951866721
21,5.043462493551611,2.0872162212157295,0.8995035022147273,2.0567427669404506,1.4720397851506175,0.6151764352048227,7.315266638905783,2.310057945704248,1.5172358726535424,3.4879728155956777,1.7391387482425225,0.5709192012201785,0.5572065378900446,0.8169576523031203,0.8398031203566122,0.8001485884101041,0.5898959881129272,0.5913818722139673,0.5877933995905381,0.5986154990702987,0.5915122488443912,0.6256515941229467,0.6255485390278818,0.6098104399127869,0.6098500007826334,0.4691722803092002,0.6700385129811832,0.6722654500815332,0.5340421689466793,0.5125009374572744,0.46157591240030127,0.5734599791048757,0.5757046841828706,"[np.float64(0.9823008849557522), np.float64(0.2391304347826087), np.float64(0.608)]","[np.float64(0.9291935301436489), np.float64(0.16695059625212946), np.float64(0.7334058759521219)]","[np.float64(0.9291935301436489), np.float64(0.02159090909090909), np.float64(0.6853281853281853), np.float64(0.24057649667405764)]","[np.float64(0.915929203539823), np.float64(0.2701863354037267), np.float64(0.824)]","[np.float64(0.911504424778761), np.float64(0.2732919254658385), np.float64(0.832)]","[np.float64(0.9291935301436489), np.float64(0.0013175230566534915), np.float64(0.19483870967741934), np.float64(0.009584664536741214), np.float64(0.0743801652892562), np.float64(0.6954022988505747), np.float64(0.4384057971014493)]",0.3998792426436359,0.33473181266510615,0.2807320720955806
22,5.0293919149323205,2.1029492169362096,0.9053514643541358,2.0210912275748947,1.482303979512604,0.6206452364686056,7.249000890318647,2.3763645130378204,1.501974257234296,3.3706621218152146,1.6964983855227689,0.6798661252157624,0.5616641901931649,0.850297176820208,0.8569836552748885,0.8280089153046062,0.6404160475482912,0.6359583952451708,0.5762498924516123,0.6062911738855171,0.5205003091363971,0.6371490019815379,0.6239983579638753,0.5644116601623335,0.5924995504509997,0.4649745358677344,0.6461326151083749,0.6417078363473131,0.5247569211530752,0.5795084555199345,0.4650937451594013,0.6150628895015168,0.610410052910053,"[np.float64(0.9867256637168141), np.float64(0.3385093167701863), np.float64(0.368)]","[np.float64(0.9544734758511481), np.float64(0.3366269165247019), np.float64(0.48639825897714906)]","[np.float64(0.9544734758511481), np.float64(0.0), np.float64(0.6515444015444015), np.float64(0.25388026607538805)]","[np.float64(0.9778761061946902), np.float64(0.45652173913043476), np.float64(0.504)]","[np.float64(0.9646017699115044), np.float64(0.45652173913043476), np.float64(0.504)]","[np.float64(0.9544734758511481), np.float64(0.0), np.float64(0.41870967741935483), np.float64(0.006389776357827476), np.float64(0.0), np.float64(0.36398467432950193), np.float64(0.4057971014492754)]",0.3047202132436624,0.3070506722010154,0.2793757464446585
23,4.999175777703544,2.067040987452229,0.8819722806473163,2.0501625125051746,1.4535771815164151,0.6134638079194783,7.323902964945717,2.305086632156938,1.5186943470193655,3.5001219868306235,1.7205297925705725,0.5845568367564714,0.6151560178306092,0.8284732540861813,0.8332095096582467,0.8030274888558693,0.6552748885586924,0.6567607726597325,0.6197719784107218,0.5736694653774101,0.6179577378872392,0.639702480562363,0.6403583527975928,0.6275273640044706,0.6185014000434594,0.4552655282738636,0.6755524285897506,0.6797231169497425,0.5959588959088173,0.5691958186665312,0.4251491494074875,0.6408068738694119,0.6445057572096622,"[np.float64(0.9513274336283186), np.float64(0.4192546583850932), np.float64(0.512)]","[np.float64(0.9191267956113561), np.float64(0.361839863713799), np.float64(0.5745375408052231)]","[np.float64(0.9191267956113561), np.float64(0.007954545454545454), np.float64(0.750965250965251), np.float64(0.14301552106430154)]","[np.float64(0.9070796460176991), np.float64(0.48757763975155277), np.float64(0.632)]","[np.float64(0.8893805309734514), np.float64(0.4937888198757764), np.float64(0.656)]","[np.float64(0.9191267956113561), np.float64(0.003952569169960474), np.float64(0.4464516129032258), np.float64(0.001597444089456869), np.float64(0.008264462809917356), np.float64(0.5306513409961686), np.float64(0.2463768115942029)]",0.3904633842914479,0.30806014816775545,0.2666276145192116
24,4.9778338740790256,2.0686491988165208,0.8837761416104569,2.025408529033253,1.4510332221983495,0.6176159759262566,7.17129415857332,2.3316147539665155,1.4949685957736008,3.344710815554203,1.6969701186132007,0.6346446268194154,0.5765230312035661,0.8488577265973254,0.8613020059435365,0.8294019316493314,0.637444279346211,0.637444279346211,0.6006210510094004,0.6210911757453647,0.5996096718318333,0.6370322035061919,0.6323809523809524,0.5968521958995218,0.6000724535911228,0.4873838931773003,0.6620083915058905,0.6620083915058905,0.5516054176651333,0.5703335059674185,0.4929567779846119,0.6172668200829282,0.6162403552368341,"[np.float64(0.995575221238938), np.float64(0.32298136645962733), np.float64(0.472)]","[np.float64(0.9582626399728538), np.float64(0.27938671209540034), np.float64(0.5625680087051143)]","[np.float64(0.9582626399728538), np.float64(0.0022727272727272726), np.float64(0.6076254826254827), np.float64(0.38137472283813745)]","[np.float64(0.9778761061946902), np.float64(0.4161490683229814), np.float64(0.592)]","[np.float64(0.9778761061946902), np.float64(0.4161490683229814), np.float64(0.592)]","[np.float64(0.9582626399728538), np.float64(0.0), np.float64(0.3387096774193548), np.float64(0.03194888178913738), np.float64(0.008264462809917356), np.float64(0.4099616858237548), np.float64(0.572463768115942)]",0.34276347241663474,0.3313730165615657,0.2922777569362965
25,4.926019967665191,2.0355330933481297,0.8596270522734119,2.0308598255117736,1.4411839399030326,0.594349155925993,7.40668037595664,2.2894761682617912,1.512373810352133,3.60483040017261,1.7142132357956748,0.5752629345885371,0.5928677563150074,0.81231426448737,0.8323272659732541,0.7923476968796433,0.612184249628529,0.6166419019316494,0.6023871440056411,0.5702297148792267,0.5949924796422887,0.6160696850830369,0.6187567926694855,0.6084241924549735,0.6270266254705198,0.5338913945244691,0.6710680664724528,0.6737339269682479,0.5705965429369685,0.5401528397425662,0.49929797976769685,0.6025854643737563,0.6077615082783042,"[np.float64(0.9646017699115044), np.float64(0.37267080745341613), np.float64(0.488)]","[np.float64(0.9084379595068431), np.float64(0.26643952299829643), np.float64(0.70620239390642)]","[np.float64(0.9084379595068431), np.float64(0.01818181818181818), np.float64(0.6457528957528957), np.float64(0.5631929046563193)]","[np.float64(0.8849557522123894), np.float64(0.36024844720496896), np.float64(0.768)]","[np.float64(0.8805309734513275), np.float64(0.37267080745341613), np.float64(0.768)]","[np.float64(0.9084379595068431), np.float64(0.002635046113306983), np.float64(0.3141935483870968), np.float64(0.06549520766773163), np.float64(0.04132231404958678), np.float64(0.48659003831417624), np.float64(0.7681159420289855)]",0.4128650130048763,0.3695414365811039,0.2879258789899072
26,4.922960036681533,2.021406877204502,0.8557654718423162,2.0457876888669415,1.4289664811833556,0.5924403973655133,7.685360416106725,2.407000151161624,1.5253939497718472,3.7529663303839347,1.7812256526522536,0.6257745004991395,0.6062407132243685,0.8039561664190193,0.8261979940564635,0.7838967310549777,0.6032689450222882,0.5661218424962853,0.5962581814110198,0.5576255341964501,0.5564128581810774,0.6150400972779183,0.5849162768400518,0.6028348632257828,0.6308274255249139,0.5243630168547613,0.6669854706022463,0.6156012385716118,0.5993507047355751,0.5296819414753741,0.4972673787818409,0.5966420928461466,0.5722660572227842,"[np.float64(0.6504424778761062), np.float64(0.5900621118012422), np.float64(0.568)]","[np.float64(0.8996154281189911), np.float64(0.2453151618398637), np.float64(0.7475516866158868)]","[np.float64(0.8996154281189911), np.float64(0.03636363636363636), np.float64(0.6891891891891891), np.float64(0.4722838137472284)]","[np.float64(0.8407079646017699), np.float64(0.36024844720496896), np.float64(0.8)]","[np.float64(0.584070796460177), np.float64(0.46273291925465837), np.float64(0.8)]","[np.float64(0.8996154281189911), np.float64(0.006587615283267457), np.float64(0.28838709677419355), np.float64(0.020766773162939296), np.float64(0.06611570247933884), np.float64(0.5862068965517241), np.float64(0.7101449275362319)]",0.400250181094505,0.36826063427238376,0.2792557575660029
27,4.88526376367857,1.9988032514923304,0.8335783920930909,2.0528821141017066,1.4043421617450618,0.594461089902489,7.408518035617002,2.3063288071035277,1.507367808316511,3.5948214424823797,1.7409629581236343,0.5653658535784712,0.6151560178306092,0.8138001485884101,0.8316771916790491,0.7926727340267459,0.6285289747399703,0.6106983655274889,0.6107944567609875,0.5837174316192498,0.5991060756006347,0.6423844161166157,0.6179198077673853,0.6580155004672127,0.6297981033300769,0.5045431446938095,0.6908674765019512,0.6754243939976914,0.6068121476444442,0.5434487148968136,0.4909156623250708,0.6162206075356854,0.6060253603901679,"[np.float64(0.8805309734513275), np.float64(0.39751552795031053), np.float64(0.696)]","[np.float64(0.9093993892093655), np.float64(0.2705281090289608), np.float64(0.7094668117519043)]","[np.float64(0.9093993892093655), np.float64(0.03977272727272727), np.float64(0.7109073359073359), np.float64(0.3580931263858093)]","[np.float64(0.9203539823008849), np.float64(0.36024844720496896), np.float64(0.792)]","[np.float64(0.8407079646017699), np.float64(0.3695652173913043), np.float64(0.816)]","[np.float64(0.9093993892093655), np.float64(0.005270092226613966), np.float64(0.3058064516129032), np.float64(0.039936102236421724), np.float64(0.0743801652892562), np.float64(0.6264367816091954), np.float64(0.5507246376811594)]",0.3792836966907872,0.3588505171235593,0.2973720002125673
28,4.821106642742489,1.9702366768276598,0.8265260535846123,2.0243439162176333,1.3721791070074996,0.5980575701121851,7.4575158127691346,2.328668901050126,1.507120762805203,3.6217261365330184,1.7196124059863898,0.6090564896250337,0.5928677563150074,0.8200222882615156,0.8424034175334324,0.8018202080237742,0.6062407132243685,0.6077265973254086,0.6071354817538434,0.5785525269444195,0.5715794121277616,0.6175743447633734,0.6154054301962942,0.6115596841275949,0.6283826556452818,0.5216054805782009,0.6721339709412044,0.6714102493633082,0.5749206908231121,0.5367036214908874,0.5075614663934519,0.5972970550323313,0.6009127638213414,"[np.float64(0.9469026548672567), np.float64(0.37577639751552794), np.float64(0.512)]","[np.float64(0.9231987331749802), np.float64(0.22419080068143102), np.float64(0.7377584330794341)]","[np.float64(0.9231987331749802), np.float64(0.03977272727272727), np.float64(0.6578185328185329), np.float64(0.4656319290465632)]","[np.float64(0.8716814159292036), np.float64(0.3447204968944099), np.float64(0.8)]","[np.float64(0.8539823008849557), np.float64(0.36024844720496896), np.float64(0.8)]","[np.float64(0.9231987331749802), np.float64(0.007905138339920948), np.float64(0.24903225806451612), np.float64(0.0670926517571885), np.float64(0.0743801652892562), np.float64(0.5977011494252874), np.float64(0.6847826086956522)]",0.3792231304771961,0.3720132435352574,0.2983823513797633
29,4.808260631155601,1.9604792361325942,0.8149113777185012,2.0328700073223858,1.3570752830022952,0.6034039559268977,7.404815743160531,2.306776085663974,1.5079053067312043,3.5901343320173043,1.7165708715201131,0.5902052075112962,0.6285289747399703,0.8162611441307578,0.8318629271916791,0.7939264487369985,0.6240713224368499,0.6225854383358098,0.6282862170406756,0.5638849517212349,0.59738589407735,0.6177767354596623,0.6204342968560979,0.670410377617765,0.6389741946733325,0.5239902281678178,0.6686112973854413,0.6686403928250794,0.6175642003559624,0.5564098930368685,0.49539636074190485,0.6201151604904505,0.6204508917255732,"[np.float64(0.911504424778761), np.float64(0.40372670807453415), np.float64(0.696)]","[np.float64(0.9061757719714965), np.float64(0.3110732538330494), np.float64(0.6996735582154516)]","[np.float64(0.9061757719714965), np.float64(0.023863636363636365), np.float64(0.7002895752895753), np.float64(0.4656319290465632)]","[np.float64(0.8097345132743363), np.float64(0.4440993788819876), np.float64(0.752)]","[np.float64(0.7876106194690266), np.float64(0.4503105590062112), np.float64(0.768)]","[np.float64(0.9061757719714965), np.float64(0.002635046113306983), np.float64(0.3464516129032258), np.float64(0.08626198083067092), np.float64(0.04132231404958678), np.float64(0.5517241379310345), np.float64(0.6847826086956522)]",0.37262964466007886,0.37419335321356767,0.30173162404648357
30,4.826640833498079,1.9451693867599278,0.8034843413932393,2.0779871008678543,1.3457823398841695,0.5993870477228935,7.547600464580321,2.318741198463327,1.5280660281195484,3.7007932457796544,1.7340318548219493,0.5847093418063679,0.5735512630014858,0.7766994799405647,0.8033525260029718,0.7559435364041605,0.5646359583952452,0.5557206537890045,0.5919979716024341,0.529570781650568,0.5563681432837593,0.5960275116216415,0.5936319011802816,0.640392898367504,0.6304149316171087,0.5152173637058276,0.640440022719361,0.6373643342677586,0.5561798392297229,0.5061552192439247,0.4881524319398888,0.5630850630850631,0.5560730413759986,"[np.float64(0.9292035398230089), np.float64(0.2639751552795031), np.float64(0.728)]","[np.float64(0.8663047166610112), np.float64(0.23168654173764908), np.float64(0.7932535364526659)]","[np.float64(0.8663047166610112), np.float64(0.0875), np.float64(0.7755791505791506), np.float64(0.33148558758314856)]","[np.float64(0.7787610619469026), np.float64(0.3105590062111801), np.float64(0.832)]","[np.float64(0.7610619469026548), np.float64(0.2950310559006211), np.float64(0.856)]","[np.float64(0.8663047166610112), np.float64(0.005270092226613966), np.float64(0.25483870967741934), np.float64(0.038338658146964855), np.float64(0.11570247933884298), np.float64(0.7260536398467433), np.float64(0.5289855072463768)]",0.34427351573781945,0.36221340044913897,0.2778669037339644
31,4.841028466977253,1.9396343897849895,0.7943403356617986,2.1070537424500304,1.3312663023934257,0.6083680868601311,7.709129739585899,2.3593817581408807,1.5343525353100604,3.815395448611115,1.7660107053705776,0.5933710493655869,0.5913818722139673,0.7753993313521546,0.7987091381872214,0.7532039375928677,0.5572065378900446,0.5423476968796433,0.5900650197910157,0.529754371216057,0.5386531694877454,0.5950662362356088,0.592845808937763,0.6395659869180453,0.6382431485249347,0.5255374326846867,0.6331227761593287,0.621196724014731,0.5822746073673505,0.5161024539380582,0.4968526389740226,0.5603579350764331,0.5494961104941066,"[np.float64(0.8451327433628318), np.float64(0.3695652173913043), np.float64(0.704)]","[np.float64(0.8588394977943672), np.float64(0.26916524701873934), np.float64(0.7867247007616975)]","[np.float64(0.8588394977943672), np.float64(0.11818181818181818), np.float64(0.765926640926641), np.float64(0.35920177383592017)]","[np.float64(0.7079646017699115), np.float64(0.33540372670807456), np.float64(0.856)]","[np.float64(0.6592920353982301), np.float64(0.33229813664596275), np.float64(0.872)]","[np.float64(0.8588394977943672), np.float64(0.025032938076416336), np.float64(0.2967741935483871), np.float64(0.038338658146964855), np.float64(0.15702479338842976), np.float64(0.685823754789272), np.float64(0.5615942028985508)]",0.3490843127061783,0.3747754340917697,0.2854989579947301
32,4.797675043527342,1.89545950597602,0.7725844119981623,2.1296311207773364,1.29075034024749,0.6047091688382003,7.318108796365891,2.3057297110911295,1.493270432206219,3.519108649884912,1.6967899052962352,0.6089398002235401,0.5943536404160475,0.8201615898959881,0.8378993313521546,0.8003343239227341,0.6181277860326895,0.6181277860326895,0.6044751755377941,0.5924362528834637,0.5498496966699098,0.6294861294861295,0.6298177692252599,0.6317327910002016,0.6277458081477864,0.5224583303076727,0.6763432089265103,0.6814224518587736,0.5801548557044103,0.5475105634289751,0.5098718533292729,0.6033413425186538,0.6074787186323793,"[np.float64(0.9424778761061947), np.float64(0.3447204968944099), np.float64(0.608)]","[np.float64(0.9182784752856011), np.float64(0.2674616695059625), np.float64(0.6974972796517954)]","[np.float64(0.9182784752856011), np.float64(0.0659090909090909), np.float64(0.6433397683397684), np.float64(0.4623059866962306)]","[np.float64(0.9292035398230089), np.float64(0.34782608695652173), np.float64(0.752)]","[np.float64(0.8982300884955752), np.float64(0.35403726708074534), np.float64(0.792)]","[np.float64(0.9182784752856011), np.float64(0.003952569169960474), np.float64(0.29870967741935484), np.float64(0.0926517571884984), np.float64(0.12396694214876033), np.float64(0.5287356321839081), np.float64(0.6666666666666666)]",0.3844080413496327,0.3761373885803928,0.30578931099955503
33,4.756144853725788,1.8833892305307933,0.7660530426252224,2.1067025865642566,1.2757404187173282,0.6076488142798913,7.43399465402439,2.3049260151492383,1.5072634856849467,3.6218051584962567,1.709907616281368,0.5950183995090181,0.6106983655274889,0.8097604011887073,0.8244335066864784,0.7869613670133729,0.6151560178306092,0.612184249628529,0.6036348169290126,0.5703551314204943,0.5375037919424503,0.6206516077164829,0.621076011955442,0.6305079242932263,0.6446887069140337,0.5244579088698418,0.6667974129243849,0.666231041242969,0.5887028805109366,0.5554895861994592,0.5058670694117127,0.6068954078363077,0.6060227565911864,"[np.float64(0.9469026548672567), np.float64(0.40062111801242234), np.float64(0.544)]","[np.float64(0.8952041624250651), np.float64(0.32504258943781944), np.float64(0.7138193688792165)]","[np.float64(0.8952041624250651), np.float64(0.08295454545454546), np.float64(0.7205598455598455), np.float64(0.3991130820399113)]","[np.float64(0.8539823008849557), np.float64(0.3944099378881988), np.float64(0.752)]","[np.float64(0.8362831858407079), np.float64(0.3944099378881988), np.float64(0.768)]","[np.float64(0.8952041624250651), np.float64(0.006587615283267457), np.float64(0.37032258064516127), np.float64(0.0878594249201278), np.float64(0.12396694214876033), np.float64(0.5996168582375478), np.float64(0.5688405797101449)]",0.36127154784318555,0.37891402333858215,0.30640976455219676
34,4.623837400297831,1.8250423014510258,0.7585605687611752,2.0402345287027877,1.2401615890878512,0.5848807118159566,7.212555390083471,2.28142584431419,1.4914782966987317,3.439651251546707,1.690214316639773,0.5912115255298883,0.5676077265973254,0.8493220653789004,0.8567979197622585,0.8268480683506686,0.6523031203566122,0.6478454680534919,0.5908886893043376,0.6075547206279045,0.6124147155329692,0.6362870307765508,0.6304385340494835,0.5701839168911119,0.6113932581862996,0.5217150362018127,0.6655795818904707,0.6636657322413382,0.5322925021573056,0.5896102204775904,0.5196411125936021,0.6311433728924224,0.6269758328945284,"[np.float64(0.9867256637168141), np.float64(0.34782608695652173), np.float64(0.376)]","[np.float64(0.9459337179052143), np.float64(0.37137989778534924), np.float64(0.5168661588683352)]","[np.float64(0.9459337179052143), np.float64(0.04772727272727273), np.float64(0.5965250965250966), np.float64(0.49667405764966743)]","[np.float64(0.9424778761061947), np.float64(0.4782608695652174), np.float64(0.576)]","[np.float64(0.9380530973451328), np.float64(0.468944099378882), np.float64(0.584)]","[np.float64(0.9459337179052143), np.float64(0.005270092226613966), np.float64(0.4290322580645161), np.float64(0.11661341853035144), np.float64(0.10743801652892562), np.float64(0.2681992337164751), np.float64(0.6739130434782609)]",0.3842100521849964,0.3637713972071939,0.3255031182432426
35,4.675176167037828,1.8616937293948461,0.7499665500105183,2.0635158869475365,1.2562755233127891,0.6054182040668225,7.4952992105342515,2.3583858497772443,1.4947892873152782,3.642124080516464,1.7158999220200037,0.6424859293048389,0.575037147102526,0.8271266716196136,0.84356426448737,0.8077173105497771,0.6315007429420505,0.6136701337295691,0.604399296112622,0.596502324608018,0.5524816928133752,0.632096914595222,0.6353237342367777,0.6400515216475201,0.6329685601484307,0.5412467214582533,0.6757437109510983,0.6799483317759577,0.5537211224620379,0.5612250788834806,0.5260040263157454,0.6175606139891854,0.6025541822643271,"[np.float64(0.9646017699115044), np.float64(0.2515527950310559), np.float64(0.704)]","[np.float64(0.9228028503562945), np.float64(0.29710391822827936), np.float64(0.6789989118607181)]","[np.float64(0.9228028503562945), np.float64(0.07727272727272727), np.float64(0.625), np.float64(0.5399113082039911)]","[np.float64(0.911504424778761), np.float64(0.40372670807453415), np.float64(0.712)]","[np.float64(0.8982300884955752), np.float64(0.3416149068322981), np.float64(0.8)]","[np.float64(0.9228028503562945), np.float64(0.005270092226613966), np.float64(0.33483870967741935), np.float64(0.14217252396166133), np.float64(0.12396694214876033), np.float64(0.4904214559386973), np.float64(0.7065217391304348)]",0.3715508982930821,0.3894277590628403,0.3195998533165643
36,4.620970535063445,1.8047688110753903,0.7244635867032204,2.091738145201734,1.2094770573391342,0.5952917532705949,7.424925939973101,2.3341969053540104,1.495312081953892,3.595416937100781,1.7067301421915388,0.6274667624549979,0.5735512630014858,0.8183042347696879,0.8383636701337296,0.8002878900445766,0.6151560178306092,0.6047548291233283,0.5826304347826087,0.5976235998384494,0.559143174913114,0.629822904699752,0.62208814629327,0.613977097418421,0.6267609515258158,0.5330157379569711,0.6737056376994813,0.6666440938822624,0.5528505546100173,0.5420506382104349,0.5207742883656474,0.6019773824659511,0.5945349532623082,"[np.float64(0.9424778761061947), np.float64(0.30745341614906835), np.float64(0.592)]","[np.float64(0.9179391471552992), np.float64(0.2517887563884157), np.float64(0.7105549510337323)]","[np.float64(0.9179391471552992), np.float64(0.08295454545454546), np.float64(0.6245173745173745), np.float64(0.5066518847006651)]","[np.float64(0.9070796460176991), np.float64(0.35403726708074534), np.float64(0.76)]","[np.float64(0.8761061946902655), np.float64(0.34782608695652173), np.float64(0.776)]","[np.float64(0.9179391471552992), np.float64(0.0), np.float64(0.2832258064516129), np.float64(0.1134185303514377), np.float64(0.14049586776859505), np.float64(0.5402298850574713), np.float64(0.7065217391304348)]",0.33622471368891105,0.3859758537021215,0.3097448502051111
37,4.603707736063391,1.808384930532696,0.7277377294268792,2.067585071090722,1.209198433670954,0.5991864990006269,7.54713637185026,2.3193806501807375,1.508505113754499,3.719250611806128,1.6838072347358002,0.635573407242666,0.5898959881129272,0.81194279346211,0.8182578008915304,0.7857540861812778,0.6270430906389302,0.6166419019316494,0.5855578561462879,0.5590274283233855,0.5292089061762368,0.6246000780335544,0.618250200804067,0.5870884406090254,0.6393761941916802,0.5340490890772234,0.6573750343538723,0.6500012092563073,0.5569100550365763,0.571417092491847,0.5104582728585721,0.6197960092701239,0.6112997996427145,"[np.float64(0.9513274336283186), np.float64(0.40993788819875776), np.float64(0.4)]","[np.float64(0.8856464200882254), np.float64(0.43509369676320275), np.float64(0.5973884657236126)]","[np.float64(0.8856464200882254), np.float64(0.10340909090909091), np.float64(0.7147683397683398), np.float64(0.43237250554323725)]","[np.float64(0.7743362831858407), np.float64(0.4937888198757764), np.float64(0.704)]","[np.float64(0.7566371681415929), np.float64(0.4813664596273292), np.float64(0.712)]","[np.float64(0.8856464200882254), np.float64(0.002635046113306983), np.float64(0.47870967741935483), np.float64(0.1900958466453674), np.float64(0.14049586776859505), np.float64(0.4674329501915709), np.float64(0.5)]",0.33960339909855275,0.38071654403234584,0.3228367652833632
38,4.607847775658856,1.804253877033251,0.7137264312541087,2.089867463372309,1.1935802701534524,0.6106736075033112,7.1928574876191,2.301016665353973,1.4831495182450518,3.408691316400862,1.684465397005619,0.6165512660490653,0.5854383358098069,0.8450037147102526,0.8561014115898959,0.8248049777117384,0.6612184249628529,0.6612184249628529,0.5879466422944684,0.6122575660190027,0.6488406963218833,0.6485099157680723,0.645606141168072,0.5845500283992012,0.6231097083887494,0.5171146471706621,0.6813947488960955,0.6845302405687169,0.5507016828536301,0.5807280526153052,0.5161066399042583,0.6401506896268981,0.6419453190635754,"[np.float64(0.9734513274336283), np.float64(0.38819875776397517), np.float64(0.392)]","[np.float64(0.9454247257097613), np.float64(0.313458262350937), np.float64(0.6104461371055495)]","[np.float64(0.9454247257097613), np.float64(0.048863636363636366), np.float64(0.6052123552123552), np.float64(0.46895787139689576)]","[np.float64(0.9734513274336283), np.float64(0.46273291925465837), np.float64(0.608)]","[np.float64(0.9557522123893806), np.float64(0.4658385093167702), np.float64(0.632)]","[np.float64(0.9454247257097613), np.float64(0.0), np.float64(0.37870967741935485), np.float64(0.07987220447284345), np.float64(0.09090909090909091), np.float64(0.4003831417624521), np.float64(0.6847826086956522)]",0.3460285410648048,0.3685830641384507,0.31808994159350285
39,4.612118746239184,1.7699935276409144,0.7062694762180964,2.1358557295893275,1.1715854939379078,0.598408033587249,7.46987000841769,2.3460163150413806,1.5004576083814356,3.6233960761514545,1.721626487613078,0.6243898320268807,0.5884101040118871,0.8327451708766717,0.8407317979197623,0.8081352154531947,0.6523031203566122,0.6196136701337296,0.5870649743360695,0.5779784057577949,0.5772841428267715,0.6359009297356424,0.6142998703215131,0.6174208395170303,0.6212616492904202,0.5219836465485979,0.6724751277964053,0.6503827479433482,0.572717633243949,0.5789759977043046,0.5179300431333669,0.6361379984975492,0.6103841866730193,"[np.float64(0.8893805309734514), np.float64(0.37888198757763975), np.float64(0.584)]","[np.float64(0.9189571315462052), np.float64(0.4051107325383305), np.float64(0.5397170837867247)]","[np.float64(0.9189571315462052), np.float64(0.09431818181818181), np.float64(0.6877413127413128), np.float64(0.3869179600886918)]","[np.float64(0.8805309734513275), np.float64(0.4968944099378882), np.float64(0.64)]","[np.float64(0.8053097345132744), np.float64(0.4658385093167702), np.float64(0.68)]","[np.float64(0.9189571315462052), np.float64(0.006587615283267457), np.float64(0.4645161290322581), np.float64(0.13578274760383385), np.float64(0.1652892561983471), np.float64(0.3946360153256705), np.float64(0.4311594202898551)]",0.368042418948827,0.35956118789706243,0.3215767991296571
40,4.565294016952893,1.747821711402396,0.6805033943628432,2.136968916673233,1.1440943449954413,0.6037273645443094,7.643849428046705,2.391931761619953,1.5085864894821666,3.7433311564278533,1.7339562545544316,0.6579755046335809,0.5512630014858841,0.806324294205052,0.8217867756315007,0.7837574294205052,0.6062407132243685,0.5646359583952452,0.5637405565874808,0.5685169392751716,0.5257112263172219,0.6281139326123667,0.6101863786538662,0.6005076677843126,0.6361529766138059,0.5402157465110076,0.6575081258359442,0.6287648362923469,0.5371461383706196,0.5508824064983223,0.5238703751032765,0.5990460819587741,0.5641843471828628,"[np.float64(0.831858407079646), np.float64(0.3136645962732919), np.float64(0.656)]","[np.float64(0.8914149983033594), np.float64(0.3315161839863714), np.float64(0.6855277475516867)]","[np.float64(0.8914149983033594), np.float64(0.18636363636363637), np.float64(0.6795366795366795), np.float64(0.4035476718403548)]","[np.float64(0.8230088495575221), np.float64(0.39751552795031053), np.float64(0.752)]","[np.float64(0.7433628318584071), np.float64(0.35093167701863354), np.float64(0.792)]","[np.float64(0.8914149983033594), np.float64(0.014492753623188406), np.float64(0.3903225806451613), np.float64(0.05591054313099041), np.float64(0.2727272727272727), np.float64(0.49808429118773945), np.float64(0.6268115942028986)]",0.3509571286041592,0.3928234334029443,0.30399824048552576
41,4.483733842762037,1.721860781451794,0.6677227838614672,2.0941502760041693,1.1248029299468176,0.5970578525520567,7.528367711811462,2.3326281977690293,1.4926652430780563,3.7030742840526365,1.7422188538118357,0.5904093491748108,0.5720653789004457,0.8173291233283804,0.8308878157503715,0.7943907875185735,0.6389301634472511,0.586924219910847,0.5724027107569919,0.5724119391953163,0.5350077925124925,0.6391412181656064,0.6110113240276711,0.6124894922955716,0.6358027311811829,0.5664489075194568,0.6824237160812766,0.6423490353432639,0.5601506536171593,0.5608476540993056,0.5344608829294772,0.6269290408732889,0.5850335122802414,"[np.float64(0.8230088495575221), np.float64(0.36645962732919257), np.float64(0.648)]","[np.float64(0.9044225766316027), np.float64(0.341396933560477), np.float64(0.661588683351469)]","[np.float64(0.9044225766316027), np.float64(0.13636363636363635), np.float64(0.5786679536679536), np.float64(0.6463414634146342)]","[np.float64(0.8938053097345132), np.float64(0.4254658385093168), np.float64(0.728)]","[np.float64(0.7566371681415929), np.float64(0.3944099378881988), np.float64(0.776)]","[np.float64(0.9044225766316027), np.float64(0.023715415019762844), np.float64(0.33483870967741935), np.float64(0.21405750798722045), np.float64(0.19834710743801653), np.float64(0.4003831417624521), np.float64(0.7681159420289855)]",0.34353876158084706,0.40626862864935137,0.32453239266385586
42,4.452755309881344,1.703171333875868,0.6685370395097673,2.0810469430235794,1.1200784682207219,0.5830928661418542,7.882231089764604,2.4132541262431384,1.5347461311329011,3.934230833449774,1.724569265142039,0.6886848619854414,0.5646359583952452,0.7556649331352154,0.7765137444279346,0.7330516344725111,0.5527488855869243,0.5156017830609212,0.5756271416687655,0.5221926955852919,0.5067615560727821,0.6031985461154021,0.5870101638498029,0.6125902636545192,0.6326802735121031,0.5638216102559492,0.6227392953333699,0.5964770332911926,0.5470910973084887,0.5158941038534897,0.5162440674369465,0.5548778793877839,0.5212863465312932,"[np.float64(0.8761061946902655), np.float64(0.3136645962732919), np.float64(0.648)]","[np.float64(0.825755005089922), np.float64(0.34105621805792163), np.float64(0.7312295973884657)]","[np.float64(0.825755005089922), np.float64(0.2715909090909091), np.float64(0.7166988416988417), np.float64(0.44124168514412415)]","[np.float64(0.7168141592920354), np.float64(0.33540372670807456), np.float64(0.816)]","[np.float64(0.6637168141592921), np.float64(0.2857142857142857), np.float64(0.84)]","[np.float64(0.825755005089922), np.float64(0.028985507246376812), np.float64(0.37806451612903225), np.float64(0.13258785942492013), np.float64(0.36363636363636365), np.float64(0.5613026819923371), np.float64(0.572463768115942)]",0.32750540496782055,0.4089708145192706,0.305793814486166
43,4.396828970751833,1.6706883973447526,0.6465409436465145,2.0795996369072007,1.078594681690077,0.592093716607045,7.49980975046356,2.3273093965711507,1.488684040148817,3.683816309852487,1.7167884631397463,0.6105209282137873,0.5676077265973254,0.8330702080237742,0.8387351411589896,0.8081816493313522,0.649331352154532,0.6077265973254086,0.5564084432420977,0.5904088146141099,0.5378888122539744,0.6373243748407048,0.6145934906194933,0.5904435039117609,0.6332083081018302,0.5647454956073372,0.6767457813444732,0.6539038091573682,0.5420772279589329,0.5827671642425148,0.532144435758414,0.6328949554266807,0.597354889203413,"[np.float64(0.911504424778761), np.float64(0.34782608695652173), np.float64(0.512)]","[np.float64(0.9188440221694378), np.float64(0.3931856899488927), np.float64(0.5875952121871599)]","[np.float64(0.9188440221694378), np.float64(0.12045454545454545), np.float64(0.5212355212355212), np.float64(0.6984478935698448)]","[np.float64(0.911504424778761), np.float64(0.46273291925465837), np.float64(0.656)]","[np.float64(0.8584070796460177), np.float64(0.391304347826087), np.float64(0.712)]","[np.float64(0.9188440221694378), np.float64(0.002635046113306983), np.float64(0.3761290322580645), np.float64(0.3083067092651757), np.float64(0.21487603305785125), np.float64(0.27011494252873564), np.float64(0.7717391304347826)]",0.3342039423798929,0.40894927368962203,0.33301057554466373
44,4.354561358805362,1.6682889388886628,0.6323252605973305,2.0539471619405014,1.07549776339786,0.5927911762221806,7.482098875130673,2.308105165597593,1.4946729057974206,3.6793208023207122,1.7101312974793974,0.5979738670127682,0.5690936106983655,0.837760029717682,0.8447715453194651,0.8132429420505201,0.6597325408618128,0.6300148588410104,0.562911950300145,0.5795433283475647,0.5719479944015683,0.6386928128689492,0.6247631762985568,0.5856474468202055,0.615422147665515,0.5426748176183319,0.6686716869125487,0.6571893951886256,0.5380927017290653,0.5853440367724548,0.5375148331930106,0.6433607015685235,0.6198682199172673,"[np.float64(0.9513274336283186), np.float64(0.3416149068322981), np.float64(0.464)]","[np.float64(0.9221807487840742), np.float64(0.4398637137989779), np.float64(0.4842219804134929)]","[np.float64(0.9221807487840742), np.float64(0.11818181818181818), np.float64(0.6525096525096525), np.float64(0.4778270509977827)]","[np.float64(0.8230088495575221), np.float64(0.5590062111801242), np.float64(0.624)]","[np.float64(0.8008849557522124), np.float64(0.4906832298136646), np.float64(0.68)]","[np.float64(0.9221807487840742), np.float64(0.005270092226613966), np.float64(0.48129032258064514), np.float64(0.22044728434504793), np.float64(0.18181818181818182), np.float64(0.3065134099616858), np.float64(0.5)]",0.3630490799413479,0.37393143424517844,0.3360380333302924
45,4.306616737338169,1.6294483557870847,0.6193965026139442,2.057771874201191,1.0322986544189998,0.5971497026203716,7.29424738247246,2.295629552988341,1.4876737293928242,3.5109441004450312,1.6880741391762073,0.6075554155366003,0.6106983655274889,0.8323272659732541,0.8431463595839525,0.8104569093610698,0.6641901931649331,0.6597325408618128,0.6072197903557213,0.5823709478579575,0.5883384817196778,0.6474813242116851,0.6400469589958581,0.5809966470620569,0.6236097537301313,0.5315445985554901,0.6813238791476576,0.6754524634016746,0.5640068606347273,0.5752224662973235,0.5219874100204797,0.6485381715640334,0.6459992293502986,"[np.float64(0.9247787610619469), np.float64(0.5062111801242236), np.float64(0.312)]","[np.float64(0.9227462956679109), np.float64(0.36592844974446337), np.float64(0.5821545157780196)]","[np.float64(0.9227462956679109), np.float64(0.08409090909090909), np.float64(0.6481660231660231), np.float64(0.47117516629711753)]","[np.float64(0.9026548672566371), np.float64(0.5093167701863354), np.float64(0.632)]","[np.float64(0.8584070796460177), np.float64(0.5279503105590062), np.float64(0.64)]","[np.float64(0.9227462956679109), np.float64(0.00922266139657444), np.float64(0.4309677419354839), np.float64(0.11980830670926518), np.float64(0.14049586776859505), np.float64(0.3793103448275862), np.float64(0.6268115942028986)]",0.38116928136177747,0.3756232589297591,0.32274309909532173
46,4.312819774418649,1.6126282118602624,0.6089377809133055,2.091253779919662,1.0269186333816063,0.58570957970595,7.390674966025423,2.3288358046676003,1.484715851902608,3.5771233059178473,1.7147712106167032,0.6140645831071658,0.6062407132243685,0.8414747399702823,0.850575780089153,0.8207652303120356,0.649331352154532,0.62555720653789,0.5979247296498956,0.5996733614208417,0.5652894542004239,0.6441719388140428,0.6255606246462692,0.6277720002198648,0.6169169497736827,0.5335911137047007,0.6817676395683322,0.6644398028545778,0.5885800526940853,0.580724996779095,0.535582690994938,0.6340230440561054,0.6167827730892292,"[np.float64(0.8849557522123894), np.float64(0.422360248447205), np.float64(0.576)]","[np.float64(0.936828413075444), np.float64(0.3557069846678024), np.float64(0.558215451577802)]","[np.float64(0.936828413075444), np.float64(0.11477272727272728), np.float64(0.5772200772200772), np.float64(0.5055432372505543)]","[np.float64(0.9292035398230089), np.float64(0.4440993788819876), np.float64(0.672)]","[np.float64(0.8230088495575221), np.float64(0.4503105590062112), np.float64(0.72)]","[np.float64(0.936828413075444), np.float64(0.022397891963109356), np.float64(0.3761290322580645), np.float64(0.21405750798722045), np.float64(0.2066115702479339), np.float64(0.3486590038314176), np.float64(0.6159420289855072)]",0.3694186157255989,0.38866077833552815,0.3472533050120926
47,4.215225294028395,1.6026179508739273,0.604370960627287,2.0082363847799014,1.0084604057043118,0.594157545685263,7.58552263893784,2.368606215414732,1.4950213761287203,3.721895052346702,1.7153205574443149,0.6532856542340726,0.5393759286775631,0.8168183506686478,0.8310735512630015,0.7951337295690936,0.62555720653789,0.6032689450222882,0.5564967772228625,0.5629987662509149,0.533478206728553,0.6250175921508848,0.6198948923612283,0.5801939207387456,0.6251417694724767,0.564242279957983,0.6635029590135401,0.6543734403341944,0.5079178703684463,0.5594325777591433,0.5395204775692714,0.6143274563401832,0.5958240222959484,"[np.float64(0.9734513274336283), np.float64(0.2391304347826087), np.float64(0.528)]","[np.float64(0.9033480375523131), np.float64(0.3594548551959114), np.float64(0.6126224156692056)]","[np.float64(0.9033480375523131), np.float64(0.1590909090909091), np.float64(0.6047297297297297), np.float64(0.5898004434589801)]","[np.float64(0.8628318584070797), np.float64(0.43167701863354035), np.float64(0.696)]","[np.float64(0.8451327433628318), np.float64(0.38198757763975155), np.float64(0.736)]","[np.float64(0.9033480375523131), np.float64(0.01844532279314888), np.float64(0.3535483870967742), np.float64(0.2507987220447284), np.float64(0.2727272727272727), np.float64(0.4099616858237548), np.float64(0.6702898550724637)]",0.3356027258096927,0.41130275473006517,0.33484608443956293
48,4.217647303566981,1.5764890769093247,0.6043383138113123,2.0368199162909293,0.9871676480099504,0.5893214277523218,7.414628784451358,2.309363617033916,1.486398281258716,3.6188669020768796,1.6928724241539703,0.6164912017233648,0.5854383358098069,0.84412147102526,0.8524331352154532,0.8218796433878157,0.6523031203566122,0.6359583952451708,0.5786155992804581,0.592381480066522,0.5845756910899793,0.6356676474984508,0.6272754306939815,0.5869335092251599,0.612562073097565,0.5323629948142939,0.6741065977757014,0.6698698766925008,0.5500271470649593,0.5841553468937235,0.5402529933614596,0.6380838310544593,0.6254338271229094,"[np.float64(0.9646017699115044), np.float64(0.38819875776397517), np.float64(0.408)]","[np.float64(0.9377898427779663), np.float64(0.38194207836456556), np.float64(0.5179542981501633)]","[np.float64(0.9377898427779663), np.float64(0.1375), np.float64(0.6018339768339769), np.float64(0.4523281596452328)]","[np.float64(0.8805309734513275), np.float64(0.4937888198757764), np.float64(0.648)]","[np.float64(0.8539823008849557), np.float64(0.45962732919254656), np.float64(0.696)]","[np.float64(0.9377898427779663), np.float64(0.03293807641633729), np.float64(0.40064516129032257), np.float64(0.2012779552715655), np.float64(0.21487603305785125), np.float64(0.3524904214559387), np.float64(0.4927536231884058)]",0.3667575991548321,0.37611015906548395,0.34848504725541946
49,4.165441581874077,1.5597866249466479,0.581324245117988,2.024330714124003,0.97956896439984,0.5802176601995351,7.8193989309429766,2.3660551277749264,1.5293914051367197,3.9239523757459147,1.7694327265289487,0.5966223993888594,0.5601783060921248,0.7718703566121843,0.7966196136701337,0.75037147102526,0.5319465081723626,0.4725111441307578,0.5675857354057029,0.5364632251063145,0.480176595197807,0.5840956097144928,0.5526937762766162,0.6039403433555031,0.6294692812750743,0.5775259951861105,0.6133831693508492,0.562543469099837,0.5597424200675586,0.4992878228502429,0.5146836160000225,0.5374916690406393,0.4824974164045704,"[np.float64(0.672566371681416), np.float64(0.4192546583850932), np.float64(0.72)]","[np.float64(0.8623458884741545), np.float64(0.21431005110732537), np.float64(0.8117519042437432)]","[np.float64(0.8623458884741545), np.float64(0.22272727272727272), np.float64(0.5188223938223938), np.float64(0.7062084257206208)]","[np.float64(0.6371681415929203), np.float64(0.32298136645962733), np.float64(0.88)]","[np.float64(0.46017699115044247), np.float64(0.30745341614906835), np.float64(0.92)]","[np.float64(0.8623458884741545), np.float64(0.06060606060606061), np.float64(0.19419354838709676), np.float64(0.12460063897763578), np.float64(0.24793388429752067), np.float64(0.41762452107279696), np.float64(0.8659420289855072)]",0.3171587589768085,0.39617808154296746,0.28051790172549057
50,4.207558606668186,1.5797725946612737,0.5742727919711751,2.0535132199976407,0.9779934286520598,0.6017791677508398,7.736972745165273,2.294337241161471,1.5320572633771585,3.910578211266492,1.7091004905078107,0.5852367453033916,0.5616641901931649,0.7869613670133729,0.7901188707280832,0.7579401931649331,0.6136701337295691,0.600297176820208,0.5531531531531532,0.5289352424748512,0.5090023886199899,0.6035675714920997,0.6057942360889742,0.5694208395170304,0.6152461034520575,0.5625661399361865,0.6205654922222833,0.6265565144103044,0.5352201703416278,0.5516760736409145,0.5222183248704948,0.6013532087107697,0.5957671728423614,"[np.float64(0.8893805309734514), np.float64(0.37888198757763975), np.float64(0.44)]","[np.float64(0.8445311616332994), np.float64(0.5431005110732539), np.float64(0.4581066376496192)]","[np.float64(0.8445311616332994), np.float64(0.2215909090909091), np.float64(0.7007722007722008), np.float64(0.48337028824833705)]","[np.float64(0.6946902654867256), np.float64(0.5590062111801242), np.float64(0.608)]","[np.float64(0.668141592920354), np.float64(0.515527950310559), np.float64(0.696)]","[np.float64(0.8445311616332994), np.float64(0.06455862977602109), np.float64(0.584516129032258), np.float64(0.2012779552715655), np.float64(0.2727272727272727), np.float64(0.25862068965517243), np.float64(0.5108695652173914)]",0.3227667142430004,0.3910144861875686,0.3258565718732071
51,4.057361152394809,1.5000652708789868,0.5487633594677113,2.0085325193393526,0.9164480792961528,0.5836171921221592,7.468831103350359,2.3122848367832534,1.4923775694844277,3.664168710170938,1.6970466283379393,0.6152382095507415,0.5780089153046062,0.8315843239227341,0.8389673105497771,0.8087388558692422,0.6582466567607727,0.649331352154532,0.5881226823897904,0.5752148415617037,0.5424073650013558,0.6366675686820268,0.6315597308828355,0.5755439271514685,0.615968290026765,0.5602415384499997,0.667266824236428,0.6665746166107844,0.5453061991078819,0.5783076891248643,0.5472841870084149,0.6382251767673931,0.6338182548552697,"[np.float64(0.9513274336283186), np.float64(0.391304347826087), np.float64(0.384)]","[np.float64(0.9159597330618708), np.float64(0.42487223168654176), np.float64(0.5070729053318824)]","[np.float64(0.9159597330618708), np.float64(0.18863636363636363), np.float64(0.582046332046332), np.float64(0.5543237250554324)]","[np.float64(0.8849557522123894), np.float64(0.5248447204968945), np.float64(0.592)]","[np.float64(0.8584070796460177), np.float64(0.5093167701863354), np.float64(0.632)]","[np.float64(0.9159597330618708), np.float64(0.06455862977602109), np.float64(0.4309677419354839), np.float64(0.24600638977635783), np.float64(0.24793388429752067), np.float64(0.29118773946360155), np.float64(0.6086956521739131)]",0.3491874411658339,0.40075853864068123,0.3502173114613901
52,4.052242836897589,1.49150213669603,0.5369555111694282,2.0237851924954096,0.913690245093604,0.5778118908421089,7.483980398149802,2.307916474979072,1.492002885136477,3.6840610277758863,1.7082771105299364,0.5996393613207764,0.5572065378900446,0.84393573551263,0.8440750371471025,0.8177934621099554,0.6656760772659732,0.6389301634472511,0.5584560851815072,0.588894386489776,0.5600780433988439,0.6360010808254805,0.6228162712512955,0.5692085234247605,0.6156487651355104,0.5628511865634208,0.658511588706279,0.6559378515546271,0.5251073492414543,0.59818375477638,0.5441299756134276,0.6399424105306458,0.6232273392498054,"[np.float64(0.9513274336283186), np.float64(0.33229813664596275), np.float64(0.424)]","[np.float64(0.9218414206537722), np.float64(0.5083475298126064), np.float64(0.4167573449401523)]","[np.float64(0.9218414206537722), np.float64(0.12840909090909092), np.float64(0.5825289575289575), np.float64(0.6186252771618626)]","[np.float64(0.8761061946902655), np.float64(0.5714285714285714), np.float64(0.528)]","[np.float64(0.8407079646017699), np.float64(0.5031055900621118), np.float64(0.624)]","[np.float64(0.9218414206537722), np.float64(0.039525691699604744), np.float64(0.5180645161290323), np.float64(0.3258785942492013), np.float64(0.1652892561983471), np.float64(0.15900383141762453), np.float64(0.6231884057971014)]",0.36146468414387783,0.39325595944924047,0.350964653886658
53,4.000069281533694,1.4732973498302153,0.5323735373487045,1.994398395001091,0.8816479816669119,0.59164937030745,7.4988687441681545,2.332026526906724,1.4892189552239212,3.6776232634524564,1.6858596228704255,0.6461669066008899,0.5735512630014858,0.8449572808320951,0.8493684992570579,0.8211367013372957,0.6820208023774146,0.6552748885586924,0.5764768148399861,0.5925897303746362,0.5636475278601791,0.652883773689528,0.6335071164232873,0.5908242364279301,0.6151259803055263,0.552291499395339,0.6716576705326224,0.6678921929679914,0.5478725121323046,0.5958802918539731,0.5506063603081968,0.6556558698804894,0.639052689052689,"[np.float64(0.9557522123893806), np.float64(0.3447204968944099), np.float64(0.472)]","[np.float64(0.9300418504694039), np.float64(0.45178875638841565), np.float64(0.46354733405875953)]","[np.float64(0.9300418504694039), np.float64(0.1625), np.float64(0.5955598455598455), np.float64(0.5210643015521065)]","[np.float64(0.8938053097345132), np.float64(0.593167701863354), np.float64(0.528)]","[np.float64(0.8628318584070797), np.float64(0.5248447204968945), np.float64(0.616)]","[np.float64(0.9300418504694039), np.float64(0.07378129117259552), np.float64(0.48451612903225805), np.float64(0.1805111821086262), np.float64(0.19008264462809918), np.float64(0.22796934865900384), np.float64(0.6413043478260869)]",0.36328973023207883,0.3897438276994391,0.3538263292488297
54,3.994552523892615,1.460400105799484,0.5247519532577481,2.0094004679699564,0.8764574550610751,0.5839426495676786,7.468015700490255,2.2881088288672244,1.4918090763007144,3.688097810886734,1.6974335583451947,0.5906752718043257,0.5928677563150074,0.8207187964338781,0.8307020802377415,0.7970375185735513,0.6508172362555721,0.6359583952451708,0.5867094772853475,0.5603211217432482,0.5312474955134947,0.6297970194331545,0.6208185509772811,0.5867052895802415,0.6265054999182932,0.567905702591193,0.6634674142069295,0.6563083237142492,0.565523383632637,0.5708570166776511,0.5398358403634781,0.6358980781456104,0.6272554977141219,"[np.float64(0.8938053097345132), np.float64(0.4503105590062112), np.float64(0.416)]","[np.float64(0.9027259359800928), np.float64(0.40442930153321976), np.float64(0.5723612622415669)]","[np.float64(0.9027259359800928), np.float64(0.16136363636363638), np.float64(0.5955598455598455), np.float64(0.6119733924611973)]","[np.float64(0.8495575221238938), np.float64(0.5248447204968945), np.float64(0.616)]","[np.float64(0.7831858407079646), np.float64(0.5217391304347826), np.float64(0.664)]","[np.float64(0.9027259359800928), np.float64(0.06324110671936758), np.float64(0.3858064516129032), np.float64(0.2476038338658147), np.float64(0.17355371900826447), np.float64(0.36973180076628354), np.float64(0.6811594202898551)]",0.33235811259317277,0.4034031811775116,0.3424956383823247
55,3.928687606152791,1.4607032905614559,0.5053700944994448,1.9626142184212156,0.8821897984311656,0.5785134942349741,7.520319201472251,2.353152039850501,1.4841852874359673,3.6829818448256315,1.6774989065855122,0.6756531290643647,0.5794947994056464,0.8345560921248143,0.8441679049034175,0.81231426448737,0.6389301634472511,0.6329866270430906,0.6017736814564413,0.5886026018635473,0.5440404236216002,0.6337625314471372,0.6348217544532166,0.5866228402865571,0.6195851702531018,0.5714010503936131,0.6717554370728669,0.673700800674252,0.5495520149445617,0.5732128010232312,0.5502754506161387,0.6246211657602073,0.6206001859931431,"[np.float64(0.9867256637168141), np.float64(0.35714285714285715), np.float64(0.416)]","[np.float64(0.9272141160502205), np.float64(0.35809199318568996), np.float64(0.573449401523395)]","[np.float64(0.9272141160502205), np.float64(0.19886363636363635), np.float64(0.48214285714285715), np.float64(0.6773835920177383)]","[np.float64(0.8849557522123894), np.float64(0.4503105590062112), np.float64(0.68)]","[np.float64(0.8805309734513275), np.float64(0.42857142857142855), np.float64(0.712)]","[np.float64(0.9272141160502205), np.float64(0.05006587615283267), np.float64(0.3090322580645161), np.float64(0.2955271565495208), np.float64(0.3305785123966942), np.float64(0.29693486590038315), np.float64(0.7318840579710145)]",0.34720922243110725,0.4201766918693117,0.34752764966357547
56,3.8936010211311576,1.430949589413332,0.49463672195264025,1.968014709412124,0.8444936649874053,0.5864559237524277,7.5716200950237695,2.318098948334374,1.4977829562450375,3.7557382024714077,1.6871512233326627,0.6309477255102082,0.5661218424962853,0.8198365527488856,0.8287982912332839,0.7956445022288261,0.6448736998514116,0.6300148588410104,0.5868441602667982,0.5592006553455819,0.5373325090604187,0.6248686795781707,0.6159593015164512,0.5869674416900272,0.62525180947055,0.5577880934318497,0.6548018835083091,0.65172780739845,0.5396970891675289,0.5725358077209611,0.5431518342083391,0.6329252696237098,0.6212369488440955,"[np.float64(0.9690265486725663), np.float64(0.3198757763975155), np.float64(0.472)]","[np.float64(0.8999547562492931), np.float64(0.41976149914821126), np.float64(0.5560391730141458)]","[np.float64(0.8999547562492931), np.float64(0.22840909090909092), np.float64(0.6327220077220077), np.float64(0.4700665188470067)]","[np.float64(0.7876106194690266), np.float64(0.5527950310559007), np.float64(0.624)]","[np.float64(0.7787610619469026), np.float64(0.5124223602484472), np.float64(0.664)]","[np.float64(0.8999547562492931), np.float64(0.13306982872200263), np.float64(0.4174193548387097), np.float64(0.15335463258785942), np.float64(0.19008264462809918), np.float64(0.3946360153256705), np.float64(0.5398550724637681)]",0.34155366405700444,0.38976747211648616,0.34371192107938675
57,3.8409957241162638,1.4156420098346087,0.4865981469542211,1.9387555688665479,0.8447202634099938,0.5709217474427558,7.52803380553022,2.305393068656016,1.5001425035629499,3.722498235079938,1.6791786708888385,0.6262143937434216,0.6166419019316494,0.8209045319465081,0.825687221396731,0.794344353640416,0.6716196136701337,0.6656760772659732,0.6221560351515247,0.5553294949771521,0.5352639636116185,0.645850781797197,0.6427764121843069,0.611495850052218,0.611921250666458,0.5479456801123057,0.6650932409901245,0.6689823558511515,0.5864232496924847,0.5732023192184493,0.534904480107344,0.6521519702399036,0.6506456920515323,"[np.float64(0.9601769911504425), np.float64(0.4503105590062112), np.float64(0.424)]","[np.float64(0.8971270218301097), np.float64(0.4729131175468484), np.float64(0.4657236126224157)]","[np.float64(0.8971270218301097), np.float64(0.2215909090909091), np.float64(0.6462355212355212), np.float64(0.4268292682926829)]","[np.float64(0.8185840707964602), np.float64(0.6086956521739131), np.float64(0.568)]","[np.float64(0.8008849557522124), np.float64(0.5900621118012422), np.float64(0.616)]","[np.float64(0.8971270218301097), np.float64(0.12121212121212122), np.float64(0.46580645161290324), np.float64(0.19329073482428116), np.float64(0.19834710743801653), np.float64(0.3218390804597701), np.float64(0.42391304347826086)]",0.34045762480213526,0.37450508012220896,0.34536489305458334
58,3.8131437604492135,1.4023305513786533,0.4795629734446245,1.931250234720287,0.8240027840066062,0.5783277697135079,7.503792380720642,2.2996407945361264,1.4860239386204797,3.718127627047304,1.7230623659818745,0.5765784266529168,0.6047548291233283,0.8377135958395245,0.8455144873699851,0.8151002971768202,0.6656760772659732,0.6181277860326895,0.5731208805331669,0.5883257705573283,0.5576869742556594,0.6414068025168903,0.6188521873286206,0.5732552813353121,0.6299522138189086,0.5634053014323204,0.6701167115557265,0.6292474394913795,0.5720727295243655,0.5893246039596157,0.5558116979818075,0.6468684981474305,0.6094730305011012,"[np.float64(0.7079646017699115), np.float64(0.6118012422360248), np.float64(0.4)]","[np.float64(0.9232552878633639), np.float64(0.41056218057921634), np.float64(0.5560391730141458)]","[np.float64(0.9232552878633639), np.float64(0.1965909090909091), np.float64(0.5883204633204633), np.float64(0.5454545454545454)]","[np.float64(0.8451327433628318), np.float64(0.5652173913043478), np.float64(0.6)]","[np.float64(0.6194690265486725), np.float64(0.5962732919254659), np.float64(0.672)]","[np.float64(0.9232552878633639), np.float64(0.10540184453227931), np.float64(0.4135483870967742), np.float64(0.1964856230031949), np.float64(0.18181818181818182), np.float64(0.3563218390804598), np.float64(0.6413043478260869)]",0.36459099596719463,0.40259078731719156,0.3584479026227488
59,3.7334146295190687,1.3514071945430304,0.4752983156561661,1.9067091135335268,0.7952810983045061,0.5561260975592133,7.649229411909063,2.3029739556043722,1.5053403119305122,3.840915173380594,1.6930438234119811,0.6099301282128524,0.6136701337295691,0.8141251857355126,0.8168183506686478,0.787982912332838,0.6686478454680534,0.649331352154532,0.5754502112033459,0.5514607261135684,0.5198727359519031,0.641927040048067,0.6305019598610351,0.5814355704575019,0.6180829664010178,0.5673605487104849,0.6537311420143279,0.6469842979900694,0.5615740740740741,0.5734416623100226,0.537108673040518,0.6469305754938599,0.63408682016695,"[np.float64(0.9247787610619469), np.float64(0.515527950310559), np.float64(0.304)]","[np.float64(0.8831014591109603), np.float64(0.5086882453151619), np.float64(0.4624591947769314)]","[np.float64(0.8831014591109603), np.float64(0.20909090909090908), np.float64(0.624034749034749), np.float64(0.5532150776053215)]","[np.float64(0.7743362831858407), np.float64(0.6428571428571429), np.float64(0.544)]","[np.float64(0.7433628318584071), np.float64(0.6055900621118012), np.float64(0.592)]","[np.float64(0.8831014591109603), np.float64(0.1251646903820817), np.float64(0.49483870967741933), np.float64(0.2763578274760383), np.float64(0.1652892561983471), np.float64(0.26436781609195403), np.float64(0.5869565217391305)]",0.33845223296306715,0.3994394686679902,0.35443977018087186
60,3.72916424624005,1.3817254589011212,0.4510952359354772,1.8963435511100908,0.8136875394219674,0.5680379193581346,7.352822206140626,2.2958365056210526,1.4826091754330373,3.5743765215491683,1.6813952487724826,0.6144412580424318,0.5334323922734027,0.8396638187221397,0.844400074294205,0.8156575037147102,0.6716196136701337,0.6597325408618128,0.5513460509894812,0.589204514875015,0.5556384988293296,0.6567935594870703,0.6428974633797785,0.5296199637223108,0.6151301323369573,0.5393756966136536,0.6785974092599717,0.6755225269792411,0.48563475141300305,0.5855467986070232,0.5320033750340368,0.6513614616143898,0.6422104669822954,"[np.float64(0.9823008849557522), np.float64(0.3105590062111801), np.float64(0.296)]","[np.float64(0.9288542020133469), np.float64(0.4051107325383305), np.float64(0.5114254624591947)]","[np.float64(0.9288542020133469), np.float64(0.12840909090909092), np.float64(0.5603281853281853), np.float64(0.5399113082039911)]","[np.float64(0.9380530973451328), np.float64(0.5217391304347826), np.float64(0.576)]","[np.float64(0.9247787610619469), np.float64(0.4937888198757764), np.float64(0.608)]","[np.float64(0.9288542020133469), np.float64(0.06719367588932806), np.float64(0.3961290322580645), np.float64(0.2124600638977636), np.float64(0.15702479338842976), np.float64(0.2796934865900383), np.float64(0.6485507246376812)]",0.36872505099003333,0.38427228266780744,0.3518817787639182
61,3.7071647228286633,1.3626425348733056,0.45672310154364404,1.8877990882796039,0.7842991137577603,0.5783434217653664,7.605653652451513,2.3189221510901294,1.4965789739031465,3.790152522859658,1.6705052024886586,0.6484169524483582,0.5601783060921248,0.8198365527488856,0.8294947994056464,0.7962945765230312,0.6359583952451708,0.6196136701337296,0.5671120246659814,0.5644637647850037,0.5258413831041021,0.6223508340264666,0.6110898905016552,0.544423386284102,0.6292460783843885,0.5663827994412477,0.6582520749738912,0.6488086626724564,0.5107936217866295,0.5704728791566134,0.5430121432427855,0.6275834402473593,0.6136631844710171,"[np.float64(0.9601769911504425), np.float64(0.38509316770186336), np.float64(0.288)]","[np.float64(0.9023300531614071), np.float64(0.39454855195911415), np.float64(0.5908596300326442)]","[np.float64(0.9023300531614071), np.float64(0.20113636363636364), np.float64(0.5844594594594594), np.float64(0.5776053215077606)]","[np.float64(0.7699115044247787), np.float64(0.5248447204968945), np.float64(0.68)]","[np.float64(0.7566371681415929), np.float64(0.4937888198757764), np.float64(0.696)]","[np.float64(0.9023300531614071), np.float64(0.10408432147562582), np.float64(0.39225806451612905), np.float64(0.1757188498402556), np.float64(0.17355371900826447), np.float64(0.33524904214559387), np.float64(0.7282608695652174)]",0.33829703645115733,0.4016364171017847,0.3387912588556357
62,3.6235794585350796,1.3219493512726477,0.44110717032717883,1.8605229409626407,0.7527406314892325,0.5692087194098339,7.468934151114625,2.2881360694279658,1.494183216675099,3.686614865719034,1.6718430430669813,0.6162930253882083,0.5601783060921248,0.8258265230312035,0.8334881129271917,0.8015416047548292,0.6552748885586924,0.6508172362555721,0.5579724768878894,0.5652770439609692,0.533971549522281,0.6345378162615393,0.6305476210876458,0.5239662873999157,0.6077890545895804,0.5567186681934162,0.6680196412539622,0.6646591546199088,0.489393849596345,0.5685761898130614,0.54320296360273,0.637489873006677,0.6357236345571448,"[np.float64(0.9513274336283186), np.float64(0.42857142857142855), np.float64(0.192)]","[np.float64(0.9110960298608755), np.float64(0.41499148211243614), np.float64(0.4972796517954298)]","[np.float64(0.9110960298608755), np.float64(0.2125), np.float64(0.5622586872586872), np.float64(0.541019955654102)]","[np.float64(0.8805309734513275), np.float64(0.515527950310559), np.float64(0.608)]","[np.float64(0.8451327433628318), np.float64(0.5248447204968945), np.float64(0.624)]","[np.float64(0.9110960298608755), np.float64(0.09617918313570488), np.float64(0.3445161290322581), np.float64(0.329073482428115), np.float64(0.23140495867768596), np.float64(0.3773946360153257), np.float64(0.41304347826086957)]",0.34204738728930334,0.38610112820154774,0.3499956148960112
63,3.584702033457406,1.3096628883123607,0.4277935110118555,1.8472456318888342,0.7569790159890246,0.5526838740465457,7.528758283892442,2.27270234621597,1.5027177514237537,3.7533381876676657,1.6954610117818907,0.5772413396516964,0.600297176820208,0.8199758543833581,0.8239227340267459,0.7929513372956909,0.6582466567607727,0.6359583952451708,0.5860007696583572,0.5566530742582836,0.5240174876965034,0.6324101364197595,0.6241330390920555,0.5800786383041096,0.6143261268353073,0.5657109699808921,0.6574079407830852,0.6427467707359974,0.5691673449400804,0.5734111687583789,0.542067452773668,0.6395569148017551,0.6258130177164571,"[np.float64(0.8407079646017699), np.float64(0.515527950310559), np.float64(0.384)]","[np.float64(0.894186178034159), np.float64(0.48415672913117547), np.float64(0.4646354733405876)]","[np.float64(0.894186178034159), np.float64(0.25795454545454544), np.float64(0.6018339768339769), np.float64(0.508869179600887)]","[np.float64(0.8185840707964602), np.float64(0.577639751552795), np.float64(0.576)]","[np.float64(0.7123893805309734), np.float64(0.5838509316770186), np.float64(0.632)]","[np.float64(0.894186178034159), np.float64(0.15019762845849802), np.float64(0.44), np.float64(0.25559105431309903), np.float64(0.24793388429752067), np.float64(0.28735632183908044), np.float64(0.47101449275362317)]",0.33581823645787373,0.39232565138514003,0.3496239140212002
64,3.6633492685976585,1.344388359997999,0.4294787922741759,1.8894821150587513,0.7689144651645751,0.5754738944466884,7.5965117361142305,2.294665477396119,1.4972323303052864,3.8046139446847165,1.706127348215007,0.5885381320773317,0.5913818722139673,0.8068350668647846,0.8209973997028231,0.7835252600297177,0.6225854383358098,0.5928677563150074,0.5886007824498475,0.5568059157488056,0.5123078689348172,0.6229091995221028,0.605472631423007,0.6058149104967111,0.6308298737647547,0.5768009381413515,0.6634337016068451,0.6444186225471334,0.5692985206904458,0.5507626825318924,0.5349648412362783,0.6162714463543796,0.5911387910782949,"[np.float64(0.915929203539823), np.float64(0.39751552795031053), np.float64(0.504)]","[np.float64(0.891471552991743), np.float64(0.34378194207836454), np.float64(0.6572361262241567)]","[np.float64(0.891471552991743), np.float64(0.22613636363636364), np.float64(0.5521235521235521), np.float64(0.6374722838137472)]","[np.float64(0.8008849557522124), np.float64(0.453416149068323), np.float64(0.736)]","[np.float64(0.7522123893805309), np.float64(0.41304347826086957), np.float64(0.768)]","[np.float64(0.891471552991743), np.float64(0.12384716732542819), np.float64(0.2567741935483871), np.float64(0.26198083067092653), np.float64(0.23140495867768596), np.float64(0.43486590038314177), np.float64(0.7246376811594203)]",0.33106645078803953,0.4178546121081047,0.3354540741507055
65,3.5624897768939676,1.310760279533159,0.42524210888275177,1.8264873918883366,0.7422092304547391,0.568551049041588,7.76239267513377,2.286414177905912,1.5223625537549708,3.953615938520573,1.6919183922096954,0.5944957820925232,0.5765230312035661,0.7781389301634473,0.7904903417533432,0.7533896731054978,0.5958395245170877,0.5898959881129272,0.5816683500246577,0.5180592992943113,0.5104295196193234,0.5990449119162803,0.603018828829431,0.5689196943879514,0.6209425988150019,0.5463639949268678,0.6227562982099342,0.6220632844134191,0.5446910793510624,0.5334658474359626,0.5113395709404296,0.5936196997847382,0.5901177553481877,"[np.float64(0.911504424778761), np.float64(0.4192546583850932), np.float64(0.376)]","[np.float64(0.8516004976812578), np.float64(0.38228279386712094), np.float64(0.6289445048966268)]","[np.float64(0.8516004976812578), np.float64(0.3340909090909091), np.float64(0.6583011583011583), np.float64(0.34146341463414637)]","[np.float64(0.6283185840707964), np.float64(0.5279503105590062), np.float64(0.712)]","[np.float64(0.5973451327433629), np.float64(0.5248447204968945), np.float64(0.744)]","[np.float64(0.8516004976812578), np.float64(0.1686429512516469), np.float64(0.36258064516129035), np.float64(0.0926517571884984), np.float64(0.34710743801652894), np.float64(0.47126436781609193), np.float64(0.4746376811594203)]",0.333771197845202,0.3954979054678192,0.32043992463987964
66,3.5501913186346563,1.3126670111461995,0.40937237275041727,1.8281519388842933,0.7525088137991038,0.5601581976259664,7.384350509247369,2.3088772328741825,1.4779660751274857,3.5975071966471233,1.7052547241884453,0.603622504352462,0.5557206537890045,0.8556370728083209,0.8600482912332839,0.8325130014858841,0.6612184249628529,0.637444279346211,0.5622807886330426,0.6137082247906478,0.611852788329806,0.6434949861846156,0.6215933650366726,0.5757634987815826,0.6095368880359683,0.5375855099466129,0.6571075322010297,0.6584204913977904,0.5277066980918838,0.6009003030761967,0.5438260753062985,0.6350682574657619,0.6211792082600956,"[np.float64(0.9292035398230089), np.float64(0.32608695652173914), np.float64(0.472)]","[np.float64(0.9480827960637936), np.float64(0.42350936967632025), np.float64(0.45701849836779107)]","[np.float64(0.9480827960637936), np.float64(0.10681818181818181), np.float64(0.5777027027027027), np.float64(0.5177383592017738)]","[np.float64(0.9424778761061947), np.float64(0.5248447204968945), np.float64(0.504)]","[np.float64(0.8761061946902655), np.float64(0.4751552795031056), np.float64(0.624)]","[np.float64(0.9480827960637936), np.float64(0.05401844532279315), np.float64(0.4180645161290323), np.float64(0.26198083067092653), np.float64(0.12396694214876033), np.float64(0.29310344827586204), np.float64(0.5217391304347826)]",0.39750803121061135,0.37442230129227866,0.3616759764364632
67,3.514119708077076,1.2941209628578938,0.40793569920148687,1.8120630456219902,0.7356069565167335,0.5585140058597139,7.506191586174668,2.2762539719261827,1.4953122818151638,3.734625328895954,1.6865023699995318,0.5897516008654404,0.6151560178306092,0.8327916047548292,0.8346489598811293,0.8071136701337296,0.6671619613670133,0.6478454680534919,0.6156506517162255,0.5739203151522349,0.5442577164918093,0.6420502713792012,0.6326873279745663,0.5685268693087085,0.6167248992134363,0.5583746719187525,0.6517591014859195,0.6306286300591802,0.5677006612547713,0.5890268812226107,0.547850906164852,0.6442773667779931,0.6301320483915166,"[np.float64(0.8008849557522124), np.float64(0.6086956521739131), np.float64(0.296)]","[np.float64(0.9084945141952268), np.float64(0.4988074957410562), np.float64(0.4428726877040261)]","[np.float64(0.9084945141952268), np.float64(0.2125), np.float64(0.6158301158301158), np.float64(0.49667405764966743)]","[np.float64(0.8141592920353983), np.float64(0.6211180124223602), np.float64(0.52)]","[np.float64(0.6548672566371682), np.float64(0.6770186335403726), np.float64(0.56)]","[np.float64(0.9084945141952268), np.float64(0.12911725955204217), np.float64(0.4774193548387097), np.float64(0.29073482428115016), np.float64(0.17355371900826447), np.float64(0.2988505747126437), np.float64(0.4384057971014493)]",0.35698277093752245,0.38808229195564087,0.3651180216737891
68,3.502888241378763,1.2932190989217778,0.40090014682102065,1.808768993492345,0.7159400706863429,0.5772790300559862,7.6414632768942266,2.3096287126710933,1.5007668988287273,3.831067661857039,1.7156141012995463,0.5940146114710354,0.6151560178306092,0.8294019316493314,0.8294483655274889,0.8010772659732541,0.6463595839524517,0.6210995542347697,0.6027175761025005,0.5633873756686305,0.5265570228731916,0.6245268434964908,0.6335142137048146,0.5654360834753294,0.604547274701461,0.5693642130582705,0.6259608274244672,0.6014989648033127,0.5755945218813795,0.5800664555302842,0.5426197262138446,0.625217105263158,0.601781601185686,"[np.float64(0.6548672566371682), np.float64(0.6894409937888198), np.float64(0.352)]","[np.float64(0.9027824906684764), np.float64(0.5267461669505963), np.float64(0.38411316648531013)]","[np.float64(0.9027824906684764), np.float64(0.20795454545454545), np.float64(0.568050193050193), np.float64(0.5986696230598669)]","[np.float64(0.7168141592920354), np.float64(0.6490683229813664), np.float64(0.512)]","[np.float64(0.5), np.float64(0.7204968944099379), np.float64(0.584)]","[np.float64(0.9027824906684764), np.float64(0.1067193675889328), np.float64(0.44516129032258067), np.float64(0.41533546325878595), np.float64(0.19008264462809918), np.float64(0.24329501915708812), np.float64(0.391304347826087)]",0.33825498047271957,0.3849543747785785,0.35604737541910225
69,3.4741630771814322,1.284292929977765,0.3964163790083418,1.7934537674183937,0.7234562987360632,0.5608366310207099,7.457130965563946,2.2920574873066797,1.4907378428767626,3.6743356311356634,1.693736552484665,0.5983209336613159,0.5884101040118871,0.8413818722139673,0.8417533432392273,0.8142644873699851,0.674591381872214,0.6508172362555721,0.5670017843930887,0.5846365652170255,0.5496476183442041,0.6484897511773778,0.6312848992674599,0.5456935451364078,0.6126434802663115,0.5577984031097263,0.6557433445097932,0.6370963190970886,0.5334498229678547,0.5960878052552182,0.5512984910734043,0.6498756150912096,0.6330614263913504,"[np.float64(0.8407079646017699), np.float64(0.5403726708074534), np.float64(0.256)]","[np.float64(0.9190136862345889), np.float64(0.5086882453151619), np.float64(0.4102285092491839)]","[np.float64(0.9190136862345889), np.float64(0.21136363636363636), np.float64(0.5974903474903475), np.float64(0.5033259423503326)]","[np.float64(0.8185840707964602), np.float64(0.6366459627329193), np.float64(0.512)]","[np.float64(0.6991150442477876), np.float64(0.6521739130434783), np.float64(0.56)]","[np.float64(0.9190136862345889), np.float64(0.14492753623188406), np.float64(0.4696774193548387), np.float64(0.2715654952076677), np.float64(0.1652892561983471), np.float64(0.25862068965517243), np.float64(0.44565217391304346)]",0.3674712596163831,0.38210660811364894,0.3691751919619487
70,3.4357985292823634,1.267483956941999,0.3937307582264163,1.7745838152447175,0.6972635561417334,0.5702204008686678,7.673433010938967,2.3047687543959574,1.50561783292527,3.8630464324611586,1.6910517240490333,0.6137170407821587,0.6270430906389302,0.7892366270430906,0.799869985141159,0.7638837295690936,0.6448736998514116,0.6329866270430906,0.6102533960292581,0.5319235271348532,0.5163184606101247,0.6358059659275174,0.6337073703981148,0.6010382747943348,0.6391992340793777,0.5711783499978347,0.6552289342054637,0.6478842045475366,0.5894067014456594,0.5575250158291694,0.5300983026949074,0.6391491906954165,0.6293805793805793,"[np.float64(0.8805309734513275), np.float64(0.546583850931677), np.float64(0.376)]","[np.float64(0.8548241149191268), np.float64(0.44906303236797274), np.float64(0.6137105549510338)]","[np.float64(0.8548241149191268), np.float64(0.2215909090909091), np.float64(0.706081081081081), np.float64(0.5022172949002217)]","[np.float64(0.6769911504424779), np.float64(0.6086956521739131), np.float64(0.68)]","[np.float64(0.6371681415929203), np.float64(0.6024844720496895), np.float64(0.704)]","[np.float64(0.8548241149191268), np.float64(0.15019762845849802), np.float64(0.45483870967741935), np.float64(0.14536741214057508), np.float64(0.1487603305785124), np.float64(0.4444444444444444), np.float64(0.6376811594202898)]",0.33986612071727246,0.40515911423412365,0.3393056775680877
71,3.3825867683218056,1.2625617217123186,0.3823452013858645,1.7376798514281901,0.694396413916174,0.5681653074962271,7.647640795665255,2.3302895746881953,1.4930618141808212,3.8242893961841347,1.7593088436551194,0.5709807354326771,0.5586924219910847,0.8277303120356612,0.8351132986627043,0.8039097325408618,0.6433878157503715,0.549777117384844,0.5354350967429987,0.5701814756952112,0.5358548191081379,0.6233796296296296,0.5735412912446406,0.5212489052566005,0.6208686150425273,0.5443999938881826,0.6490571098774254,0.5584501731435169,0.5258724976553409,0.5745332035625755,0.5382574514830795,0.6315206548710083,0.5369917831559693,"[np.float64(0.4911504424778761), np.float64(0.6645962732919255), np.float64(0.408)]","[np.float64(0.9145458658522791), np.float64(0.3887563884156729), np.float64(0.55930359085963)]","[np.float64(0.9145458658522791), np.float64(0.20795454545454545), np.float64(0.5805984555984556), np.float64(0.4745011086474501)]","[np.float64(0.7566371681415929), np.float64(0.5745341614906833), np.float64(0.616)]","[np.float64(0.4026548672566372), np.float64(0.6086956521739131), np.float64(0.664)]","[np.float64(0.9145458658522791), np.float64(0.13306982872200263), np.float64(0.3406451612903226), np.float64(0.20926517571884984), np.float64(0.1652892561983471), np.float64(0.41379310344827586), np.float64(0.5289855072463768)]",0.3534274150053071,0.3865134140680649,0.3534303984138422
72,3.3966343309027,1.2573046433544104,0.3823358065702106,1.7569938775695897,0.6925550898915305,0.5647495539101252,7.5598767659784425,2.320606348422585,1.4880945700212473,3.751175859207923,1.677833697208665,0.6427726522751307,0.5334323922734027,0.8352526002971769,0.8349739970282318,0.8079494799405647,0.674591381872214,0.662704309063893,0.5643943943943944,0.5792611538297389,0.5294150958662079,0.6507030828539139,0.6414380380246612,0.5357061140731784,0.624672976518063,0.5703187910926817,0.6708663038897744,0.6714940911339528,0.49220403709765415,0.5937771253350798,0.545079210599988,0.6574509525047029,0.649881556617308,"[np.float64(0.9778761061946902), np.float64(0.30124223602484473), np.float64(0.328)]","[np.float64(0.9140368736568262), np.float64(0.4681431005110733), np.float64(0.49183895538628947)]","[np.float64(0.9140368736568262), np.float64(0.22840909090909092), np.float64(0.5057915057915058), np.float64(0.6330376940133038)]","[np.float64(0.8230088495575221), np.float64(0.6055900621118012), np.float64(0.584)]","[np.float64(0.8141592920353983), np.float64(0.5683229813664596), np.float64(0.632)]","[np.float64(0.9140368736568262), np.float64(0.14756258234519104), np.float64(0.3632258064516129), np.float64(0.36900958466453676), np.float64(0.18181818181818182), np.float64(0.28544061302681994), np.float64(0.5833333333333334)]",0.351535907560817,0.40634671075664314,0.36859404966797166
73,3.378687036664979,1.251224431959027,0.3738059969792491,1.7536566115026364,0.6840609883005261,0.5671634446279709,7.482248280805367,2.3075517536270866,1.480685217797933,3.694011296292087,1.726162403202906,0.5813893502473124,0.6166419019316494,0.8435178306092125,0.8494613670133729,0.8198829866270431,0.6552748885586924,0.6285289747399703,0.6047310621515029,0.5904908914937964,0.5603137278045602,0.6334756935305809,0.6194552309061182,0.6201376353542571,0.6208441568405213,0.5573354224973119,0.6542732552813354,0.6450335110573664,0.6030664232505081,0.5942657419674581,0.555169984718456,0.6379293086893757,0.6224772033341872,"[np.float64(0.8008849557522124), np.float64(0.515527950310559), np.float64(0.544)]","[np.float64(0.9291369754552652), np.float64(0.43611584327086883), np.float64(0.4972796517954298)]","[np.float64(0.9291369754552652), np.float64(0.18295454545454545), np.float64(0.5950772200772201), np.float64(0.5221729490022173)]","[np.float64(0.8407079646017699), np.float64(0.562111801242236), np.float64(0.56)]","[np.float64(0.672566371681416), np.float64(0.5745341614906833), np.float64(0.688)]","[np.float64(0.9291369754552652), np.float64(0.11067193675889328), np.float64(0.4038709677419355), np.float64(0.28594249201277955), np.float64(0.1652892561983471), np.float64(0.35823754789272033), np.float64(0.4782608695652174)]",0.3688061677837871,0.3902014350893083,0.3694706592136941
74,3.332146748804765,1.2412771943267638,0.37198495959408856,1.7188845927213192,0.6874157896760297,0.5538614053965815,7.418481658403527,2.293569734259246,1.4800474512824673,3.6448644728618134,1.6908257945001302,0.6027439417046679,0.563150074294205,0.8404067607726597,0.850204309063893,0.819604383358098,0.6508172362555721,0.6329866270430906,0.5736054989786333,0.595530745620371,0.5732205893505741,0.6324487680451166,0.6219952095544002,0.5794354605251104,0.6106520605706001,0.5364217606928777,0.6650414994778212,0.660081862987596,0.5354615183969045,0.5760440504854853,0.5405830134959764,0.6315139670627476,0.6193091501677768,"[np.float64(0.9469026548672567), np.float64(0.33540372670807456), np.float64(0.456)]","[np.float64(0.9372242958941296), np.float64(0.3495741056218058), np.float64(0.545157780195865)]","[np.float64(0.9372242958941296), np.float64(0.1409090909090909), np.float64(0.5564671814671814), np.float64(0.5110864745011087)]","[np.float64(0.8982300884955752), np.float64(0.4968944099378882), np.float64(0.6)]","[np.float64(0.8584070796460177), np.float64(0.4658385093167702), np.float64(0.656)]","[np.float64(0.9372242958941296), np.float64(0.06455862977602109), np.float64(0.33483870967741935), np.float64(0.23003194888178913), np.float64(0.1487603305785124), np.float64(0.38122605363984674), np.float64(0.5434782608695652)]",0.3708884544461024,0.37715974704532623,0.3488538188540978
75,3.332023015560149,1.2434580713321783,0.3654874673292042,1.7230774768998942,0.6812531161864618,0.5622049560665158,7.551512518693149,2.3175350374567047,1.4894666452436136,3.7445108374077773,1.6837443548423245,0.6337906807572622,0.549777117384844,0.8274517087667161,0.831027117384844,0.8002878900445766,0.6671619613670133,0.6508172362555721,0.5933470078486612,0.5691620034630169,0.565234135290499,0.6418513751847085,0.6310977115702285,0.562840799574928,0.6287063293389848,0.5283557794433106,0.6640588504736255,0.6610138698034042,0.5250703335219642,0.5846744937734416,0.5150110359388207,0.6491988548929107,0.6389722301704888,"[np.float64(0.9557522123893806), np.float64(0.3167701863354037), np.float64(0.416)]","[np.float64(0.9042529125664518), np.float64(0.4606473594548552), np.float64(0.5212187159956474)]","[np.float64(0.9042529125664518), np.float64(0.11704545454545455), np.float64(0.7007722007722008), np.float64(0.39135254988913526)]","[np.float64(0.8230088495575221), np.float64(0.593167701863354), np.float64(0.576)]","[np.float64(0.7920353982300885), np.float64(0.5590062111801242), np.float64(0.632)]","[np.float64(0.9042529125664518), np.float64(0.06587615283267458), np.float64(0.48129032258064514), np.float64(0.19488817891373802), np.float64(0.10743801652892562), np.float64(0.421455938697318), np.float64(0.3442028985507246)]",0.3599821381529375,0.35991491723863966,0.3352958064717325
76,3.2758199917671242,1.2179588534959174,0.36510996843049265,1.6927511658686378,0.6650852387624154,0.5528736147071934,7.5945417605097285,2.3056021398182085,1.4920800015197664,3.796859603961073,1.695058854114408,0.6105432832497517,0.6047548291233283,0.8402210252600297,0.8380386329866271,0.8132429420505201,0.6582466567607727,0.6285289747399703,0.583388512311973,0.583766777575991,0.5327982729444973,0.6333793716123896,0.6136131257498091,0.5843185840707964,0.6165580092218347,0.5676894178286407,0.6444135656571208,0.6313571886623061,0.5670032208752097,0.5963691184436878,0.5454677108223881,0.6378196236780097,0.6170668108187042,"[np.float64(0.8849557522123894), np.float64(0.5), np.float64(0.368)]","[np.float64(0.9164687252573238), np.float64(0.5120954003407155), np.float64(0.4211099020674646)]","[np.float64(0.9164687252573238), np.float64(0.19204545454545455), np.float64(0.5347490347490348), np.float64(0.6274944567627494)]","[np.float64(0.7699115044247787), np.float64(0.6273291925465838), np.float64(0.536)]","[np.float64(0.6991150442477876), np.float64(0.5869565217391305), np.float64(0.608)]","[np.float64(0.9164687252573238), np.float64(0.11067193675889328), np.float64(0.4238709677419355), np.float64(0.43929712460063897), np.float64(0.19008264462809918), np.float64(0.2681992337164751), np.float64(0.47101449275362317)]",0.3556511520514089,0.4028007322081413,0.3728739970282735
77,3.2374789557032395,1.2120859278230252,0.35425693106474304,1.6711360977217744,0.6604017167937276,0.5516842122421216,7.69664724927274,2.345358554970263,1.4916065828736529,3.8596821064765092,1.721043520935919,0.6243150305854107,0.5037147102526003,0.8398031203566122,0.8416140416047548,0.8143573551263001,0.6731054977711739,0.6136701337295691,0.5185087875549222,0.5827063416717244,0.5463713751933481,0.6512760339481737,0.6073081482832521,0.5441711280895583,0.6114605614102396,0.5375855559330952,0.6538286886897892,0.6392062881327983,0.4766221516645965,0.5913687208287702,0.5351394978677453,0.6505403412188352,0.6079255809984051,"[np.float64(0.8938053097345132), np.float64(0.2267080745341615), np.float64(0.512)]","[np.float64(0.9217283112770048), np.float64(0.4708688245315162), np.float64(0.44178454842219805)]","[np.float64(0.9217283112770048), np.float64(0.15568181818181817), np.float64(0.6172779922779923), np.float64(0.4556541019955654)]","[np.float64(0.8097345132743363), np.float64(0.639751552795031), np.float64(0.512)]","[np.float64(0.7345132743362832), np.float64(0.5031055900621118), np.float64(0.68)]","[np.float64(0.9217283112770048), np.float64(0.12121212121212122), np.float64(0.45225806451612904), np.float64(0.24600638977635783), np.float64(0.09090909090909091), np.float64(0.31992337164750956), np.float64(0.4166666666666667)]",0.3744457161259684,0.36695771657212567,0.35750987610701435
78,3.2300844398535364,1.21247737106679,0.353876505010504,1.6637305611423814,0.6568246849509096,0.5556526854634285,7.526879882246521,2.2939396226441473,1.490898220404673,3.7420420300005452,1.6787399414385107,0.6151996811614192,0.5988112927191679,0.8470468053491828,0.8447715453194651,0.8199294205052006,0.6701337295690936,0.6731054977711739,0.6090536878806585,0.5953096835277829,0.5491340285107876,0.650171136339023,0.6474850948509485,0.5775520987925759,0.6017245413893857,0.5557424068442405,0.6342518551091079,0.6545806995364517,0.5515914771810998,0.5984526302258321,0.5494148801464365,0.6362119956128562,0.6500975351244117,"[np.float64(0.9734513274336283), np.float64(0.4472049689440994), np.float64(0.312)]","[np.float64(0.9251781472684085), np.float64(0.5328790459965929), np.float64(0.3471164309031556)]","[np.float64(0.9251781472684085), np.float64(0.18409090909090908), np.float64(0.5704633204633205), np.float64(0.5432372505543237)]","[np.float64(0.8141592920353983), np.float64(0.6645962732919255), np.float64(0.424)]","[np.float64(0.8008849557522124), np.float64(0.6428571428571429), np.float64(0.52)]","[np.float64(0.9251781472684085), np.float64(0.12779973649538867), np.float64(0.4761290322580645), np.float64(0.3706070287539936), np.float64(0.14049586776859505), np.float64(0.21455938697318008), np.float64(0.37318840579710144)]",0.37899881226697946,0.3754225150449617,0.37258572778375293
79,3.229016108123505,1.209863378254399,0.3498712766630609,1.669281457482862,0.6519583729054158,0.5579050062855674,7.563091691240713,2.3272166474990392,1.4901491042768213,3.7457259345125373,1.687894246698487,0.639322393770034,0.5586924219910847,0.8456537890044576,0.8455144873699851,0.8207187964338781,0.6835066864784547,0.6597325408618128,0.589236064647546,0.5918263165721122,0.5495106886310541,0.6700963643800678,0.6381312451855004,0.577209329595632,0.5984304537847916,0.557207648579998,0.6567478334157827,0.6606991700104436,0.5329367256429983,0.5948580233361086,0.5527432489665511,0.6572626325396999,0.645998110191186,"[np.float64(0.9557522123893806), np.float64(0.3198757763975155), np.float64(0.456)]","[np.float64(0.9270444519850696), np.float64(0.506984667802385), np.float64(0.36126224156692055)]","[np.float64(0.9270444519850696), np.float64(0.1965909090909091), np.float64(0.553088803088803), np.float64(0.5521064301552107)]","[np.float64(0.831858407079646), np.float64(0.6583850931677019), np.float64(0.48)]","[np.float64(0.7920353982300885), np.float64(0.5900621118012422), np.float64(0.6)]","[np.float64(0.9270444519850696), np.float64(0.13438735177865613), np.float64(0.46064516129032257), np.float64(0.36261980830670926), np.float64(0.1487603305785124), np.float64(0.20306513409961685), np.float64(0.42028985507246375)]",0.37569728740189,0.3795445847301929,0.37407822210091535
80,3.1912380464705166,1.1949383693896511,0.3375475481208363,1.6587521352623213,0.642791202675621,0.5521471659352971,7.571616138831798,2.286396904585977,1.49060619301895,3.794613051485237,1.7149783648793704,0.5714185435092768,0.5794947994056464,0.837574294205052,0.8375278603268945,0.8111998514115899,0.6790490341753344,0.6404160475482912,0.5683914698093685,0.5826644144596487,0.5410620594359457,0.6557974731228295,0.6344879591245756,0.5773184558163396,0.622813625338757,0.5663011153962576,0.6634884479378516,0.6471014859194929,0.5588000177747169,0.5979604951221483,0.5469026428074024,0.659030862754267,0.6332576632672596,"[np.float64(0.827433628318584), np.float64(0.45652173913043476), np.float64(0.448)]","[np.float64(0.9127361158240018), np.float64(0.5063032367972743), np.float64(0.44940152339499456)]","[np.float64(0.9127361158240018), np.float64(0.18409090909090908), np.float64(0.583011583011583), np.float64(0.5853658536585366)]","[np.float64(0.7831858407079646), np.float64(0.65527950310559), np.float64(0.552)]","[np.float64(0.6592920353982301), np.float64(0.6180124223602484), np.float64(0.664)]","[np.float64(0.9127361158240018), np.float64(0.13175230566534915), np.float64(0.4529032258064516), np.float64(0.3546325878594249), np.float64(0.12396694214876033), np.float64(0.29118773946360155), np.float64(0.5072463768115942)]",0.36229915239586713,0.39634647051131194,0.37071494775112573
